-11,-71,9God/hakULdLe5KFkjBgFv3Nn1M=,ST+F7QmeMqQCLbQw573MHxgeEWE=
-10,-70,OHxhPNhYHcDf7bS+nVZQXN9NzlU=,ST+F7QmeMqQCLbQw573MHxgeEWE=
-10,-67,OHxhPNhYHcDf7bS+nVZQXN9NzlU=,2utfgOQipJOin+hlUEdLsNDiPis=
-10,-71,OHxhPNhYHcDf7bS+nVZQXN9NzlU=,ST+F7QmeMqQCLbQw573MHxgeEWE=
-11,-66,OHxhPNhYHcDf7bS+nVZQXN9NzlU=,2utfgOQipJOin+hlUEdLsNDiPis=
-12,-71,OHxhPNhYHcDf7bS+nVZQXN9NzlU=,ST+F7QmeMqQCLbQw573MHxgeEWE=
-10,-68,OHxhPNhYHcDf7bS+nVZQXN9NzlU=,2utfgOQipJOin+hlUEdLsNDiPis=
-11,-70,OHxhPNhYHcDf7bS+nVZQXN9NzlU=,ST+F7QmeMqQCLbQw573MHxgeEWE=
-11,-67,OHxhPNhYHcDf7bS+nVZQXN9NzlU=,2utfgOQipJOin+hlUEdLsNDiPis=
-12,-70,OHxhPNhYHcDf7bS+nVZQXN9NzlU=,ST+F7QmeMqQCLbQw573MHxgeEWE=
-14,-71,OHxhPNhYHcDf7bS+nVZQXN9NzlU=,8gJwNbVJxgS0VPw49MdElC7Zp+E=
-13,-71,OHxhPNhYHcDf7bS+nVZQXN9NzlU=,8gJwNbVJxgS0VPw49MdElC7Zp+E=
-15,-71,OHxhPNhYHcDf7bS+nVZQXN9NzlU=,8gJwNbVJxgS0VPw49MdElC7Zp+E=
-10,-69,OHxhPNhYHcDf7bS+nVZQXN9NzlU=,ST+F7QmeMqQCLbQw573MHxgeEWE=
-13,-70,OHxhPNhYHcDf7bS+nVZQXN9NzlU=,8gJwNbVJxgS0VPw49MdElC7Zp+E=
-11,-69,OHxhPNhYHcDf7bS+nVZQXN9NzlU=,ST+F7QmeMqQCLbQw573MHxgeEWE=
-14,-70,OHxhPNhYHcDf7bS+nVZQXN9NzlU=,8gJwNbVJxgS0VPw49MdElC7Zp+E=
-11,-68,OHxhPNhYHcDf7bS+nVZQXN9NzlU=,2utfgOQipJOin+hlUEdLsNDiPis=
-12,-69,OHxhPNhYHcDf7bS+nVZQXN9NzlU=,ST+F7QmeMqQCLbQw573MHxgeEWE=
-15,-70,OHxhPNhYHcDf7bS+nVZQXN9NzlU=,8gJwNbVJxgS0VPw49MdElC7Zp+E=
-13,-68,OHxhPNhYHcDf7bS+nVZQXN9NzlU=,cquSOnodQ+i0Uk0rqN9k1yIRiaE=
-14,-68,OHxhPNhYHcDf7bS+nVZQXN9NzlU=,cquSOnodQ+i0Uk0rqN9k1yIRiaE=
-12,-67,OHxhPNhYHcDf7bS+nVZQXN9NzlU=,2utfgOQipJOin+hlUEdLsNDiPis=
-12,-68,OHxhPNhYHcDf7bS+nVZQXN9NzlU=,2utfgOQipJOin+hlUEdLsNDiPis=
-13,-67,OHxhPNhYHcDf7bS+nVZQXN9NzlU=,cquSOnodQ+i0Uk0rqN9k1yIRiaE=
-13,-69,OHxhPNhYHcDf7bS+nVZQXN9NzlU=,8gJwNbVJxgS0VPw49MdElC7Zp+E=
-12,-66,OHxhPNhYHcDf7bS+nVZQXN9NzlU=,2utfgOQipJOin+hlUEdLsNDiPis=
-14,-69,OHxhPNhYHcDf7bS+nVZQXN9NzlU=,8gJwNbVJxgS0VPw49MdElC7Zp+E=
-15,-69,OHxhPNhYHcDf7bS+nVZQXN9NzlU=,8gJwNbVJxgS0VPw49MdElC7Zp+E=
-10,-66,OHxhPNhYHcDf7bS+nVZQXN9NzlU=,2utfgOQipJOin+hlUEdLsNDiPis=
-13,-66,OHxhPNhYHcDf7bS+nVZQXN9NzlU=,cquSOnodQ+i0Uk0rqN9k1yIRiaE=
-14,-66,OHxhPNhYHcDf7bS+nVZQXN9NzlU=,cquSOnodQ+i0Uk0rqN9k1yIRiaE=
-14,-67,OHxhPNhYHcDf7bS+nVZQXN9NzlU=,cquSOnodQ+i0Uk0rqN9k1yIRiaE=
-15,-66,OHxhPNhYHcDf7bS+nVZQXN9NzlU=,cquSOnodQ+i0Uk0rqN9k1yIRiaE=
-15,-67,OHxhPNhYHcDf7bS+nVZQXN9NzlU=,cquSOnodQ+i0Uk0rqN9k1yIRiaE=
-15,-68,OHxhPNhYHcDf7bS+nVZQXN9NzlU=,cquSOnodQ+i0Uk0rqN9k1yIRiaE=
-9,-71,DlwNnm3Y2F9GRBqSSLaKP+4klDQ=,ST+F7QmeMqQCLbQw573MHxgeEWE=
-9,-70,TPJp+4U8pzOQ2dW9Qi73wanbT54=,ST+F7QmeMqQCLbQw573MHxgeEWE=
-7,-70,TPJp+4U8pzOQ2dW9Qi73wanbT54=,MevM5lgveqmNvaP+ci0j5bUF0w8=
-8,-70,TPJp+4U8pzOQ2dW9Qi73wanbT54=,MevM5lgveqmNvaP+ci0j5bUF0w8=
-7,-71,TPJp+4U8pzOQ2dW9Qi73wanbT54=,MevM5lgveqmNvaP+ci0j5bUF0w8=
-8,-71,TPJp+4U8pzOQ2dW9Qi73wanbT54=,MevM5lgveqmNvaP+ci0j5bUF0w8=
-6,-71,TPJp+4U8pzOQ2dW9Qi73wanbT54=,MevM5lgveqmNvaP+ci0j5bUF0w8=
-6,-70,TPJp+4U8pzOQ2dW9Qi73wanbT54=,MevM5lgveqmNvaP+ci0j5bUF0w8=
-2,-70,TPJp+4U8pzOQ2dW9Qi73wanbT54=,NCRCFJ0BQPN2u42qXKAyt/n29Gs=
-4,-70,TPJp+4U8pzOQ2dW9Qi73wanbT54=,NCRCFJ0BQPN2u42qXKAyt/n29Gs=
-2,-71,TPJp+4U8pzOQ2dW9Qi73wanbT54=,NCRCFJ0BQPN2u42qXKAyt/n29Gs=
-3,-70,TPJp+4U8pzOQ2dW9Qi73wanbT54=,NCRCFJ0BQPN2u42qXKAyt/n29Gs=
-4,-71,TPJp+4U8pzOQ2dW9Qi73wanbT54=,NCRCFJ0BQPN2u42qXKAyt/n29Gs=
-5,-71,TPJp+4U8pzOQ2dW9Qi73wanbT54=,MevM5lgveqmNvaP+ci0j5bUF0w8=
-3,-71,TPJp+4U8pzOQ2dW9Qi73wanbT54=,NCRCFJ0BQPN2u42qXKAyt/n29Gs=
-7,-69,TPJp+4U8pzOQ2dW9Qi73wanbT54=,MevM5lgveqmNvaP+ci0j5bUF0w8=
-9,-68,TPJp+4U8pzOQ2dW9Qi73wanbT54=,2utfgOQipJOin+hlUEdLsNDiPis=
-9,-66,TPJp+4U8pzOQ2dW9Qi73wanbT54=,2utfgOQipJOin+hlUEdLsNDiPis=
-6,-69,TPJp+4U8pzOQ2dW9Qi73wanbT54=,MevM5lgveqmNvaP+ci0j5bUF0w8=
-8,-68,TPJp+4U8pzOQ2dW9Qi73wanbT54=,l5EreYjA4J+O1GG60Jf60A1RAR8=
-8,-69,TPJp+4U8pzOQ2dW9Qi73wanbT54=,MevM5lgveqmNvaP+ci0j5bUF0w8=
-7,-66,TPJp+4U8pzOQ2dW9Qi73wanbT54=,l5EreYjA4J+O1GG60Jf60A1RAR8=
-9,-69,TPJp+4U8pzOQ2dW9Qi73wanbT54=,ST+F7QmeMqQCLbQw573MHxgeEWE=
-7,-68,TPJp+4U8pzOQ2dW9Qi73wanbT54=,l5EreYjA4J+O1GG60Jf60A1RAR8=
-9,-67,TPJp+4U8pzOQ2dW9Qi73wanbT54=,2utfgOQipJOin+hlUEdLsNDiPis=
-8,-66,TPJp+4U8pzOQ2dW9Qi73wanbT54=,l5EreYjA4J+O1GG60Jf60A1RAR8=
-7,-67,TPJp+4U8pzOQ2dW9Qi73wanbT54=,l5EreYjA4J+O1GG60Jf60A1RAR8=
-6,-67,TPJp+4U8pzOQ2dW9Qi73wanbT54=,l5EreYjA4J+O1GG60Jf60A1RAR8=
-8,-67,TPJp+4U8pzOQ2dW9Qi73wanbT54=,l5EreYjA4J+O1GG60Jf60A1RAR8=
-6,-68,TPJp+4U8pzOQ2dW9Qi73wanbT54=,l5EreYjA4J+O1GG60Jf60A1RAR8=
-6,-66,TPJp+4U8pzOQ2dW9Qi73wanbT54=,l5EreYjA4J+O1GG60Jf60A1RAR8=
-5,-70,TPJp+4U8pzOQ2dW9Qi73wanbT54=,MevM5lgveqmNvaP+ci0j5bUF0w8=
-3,-66,TPJp+4U8pzOQ2dW9Qi73wanbT54=,uqAqkK/dQL5nLqoQvsDp4lzunRE=
-5,-69,TPJp+4U8pzOQ2dW9Qi73wanbT54=,MevM5lgveqmNvaP+ci0j5bUF0w8=
-4,-66,TPJp+4U8pzOQ2dW9Qi73wanbT54=,uqAqkK/dQL5nLqoQvsDp4lzunRE=
-3,-67,TPJp+4U8pzOQ2dW9Qi73wanbT54=,uqAqkK/dQL5nLqoQvsDp4lzunRE=
-2,-69,TPJp+4U8pzOQ2dW9Qi73wanbT54=,NCRCFJ0BQPN2u42qXKAyt/n29Gs=
-2,-67,TPJp+4U8pzOQ2dW9Qi73wanbT54=,uqAqkK/dQL5nLqoQvsDp4lzunRE=
-4,-67,TPJp+4U8pzOQ2dW9Qi73wanbT54=,uqAqkK/dQL5nLqoQvsDp4lzunRE=
-2,-68,TPJp+4U8pzOQ2dW9Qi73wanbT54=,uqAqkK/dQL5nLqoQvsDp4lzunRE=
-3,-68,TPJp+4U8pzOQ2dW9Qi73wanbT54=,uqAqkK/dQL5nLqoQvsDp4lzunRE=
-5,-66,TPJp+4U8pzOQ2dW9Qi73wanbT54=,l5EreYjA4J+O1GG60Jf60A1RAR8=
-2,-66,TPJp+4U8pzOQ2dW9Qi73wanbT54=,uqAqkK/dQL5nLqoQvsDp4lzunRE=
-3,-69,TPJp+4U8pzOQ2dW9Qi73wanbT54=,NCRCFJ0BQPN2u42qXKAyt/n29Gs=
-5,-67,TPJp+4U8pzOQ2dW9Qi73wanbT54=,l5EreYjA4J+O1GG60Jf60A1RAR8=
-4,-69,TPJp+4U8pzOQ2dW9Qi73wanbT54=,NCRCFJ0BQPN2u42qXKAyt/n29Gs=
-4,-68,TPJp+4U8pzOQ2dW9Qi73wanbT54=,uqAqkK/dQL5nLqoQvsDp4lzunRE=
-5,-68,TPJp+4U8pzOQ2dW9Qi73wanbT54=,l5EreYjA4J+O1GG60Jf60A1RAR8=
-11,-72,fHWinUOUxgW4a2IRpO46yaEoZqA=,ST+F7QmeMqQCLbQw573MHxgeEWE=
-10,-74,fHWinUOUxgW4a2IRpO46yaEoZqA=,R3bp8+Jg13nNSrzc2dPqhoQO9o0=
-11,-74,fHWinUOUxgW4a2IRpO46yaEoZqA=,R3bp8+Jg13nNSrzc2dPqhoQO9o0=
-10,-75,K5GNNrve0v3CqFCEHLUDwqhZpzA=,R3bp8+Jg13nNSrzc2dPqhoQO9o0=
-11,-75,K5GNNrve0v3CqFCEHLUDwqhZpzA=,R3bp8+Jg13nNSrzc2dPqhoQO9o0=
-10,-73,K5GNNrve0v3CqFCEHLUDwqhZpzA=,R3bp8+Jg13nNSrzc2dPqhoQO9o0=
-11,-73,K5GNNrve0v3CqFCEHLUDwqhZpzA=,R3bp8+Jg13nNSrzc2dPqhoQO9o0=
-10,-72,K5GNNrve0v3CqFCEHLUDwqhZpzA=,ST+F7QmeMqQCLbQw573MHxgeEWE=
-11,-77,K5GNNrve0v3CqFCEHLUDwqhZpzA=,bGh8FJeZoj1GQUHKahAaWgLq6Bc=
-11,-78,K5GNNrve0v3CqFCEHLUDwqhZpzA=,bGh8FJeZoj1GQUHKahAaWgLq6Bc=
-10,-79,K5GNNrve0v3CqFCEHLUDwqhZpzA=,bGh8FJeZoj1GQUHKahAaWgLq6Bc=
-11,-79,K5GNNrve0v3CqFCEHLUDwqhZpzA=,bGh8FJeZoj1GQUHKahAaWgLq6Bc=
-10,-76,K5GNNrve0v3CqFCEHLUDwqhZpzA=,R3bp8+Jg13nNSrzc2dPqhoQO9o0=
-11,-76,K5GNNrve0v3CqFCEHLUDwqhZpzA=,R3bp8+Jg13nNSrzc2dPqhoQO9o0=
-8,-79,K5GNNrve0v3CqFCEHLUDwqhZpzA=,WCBByFKPvU7uDaLEsc4WfznfvvI=
-10,-78,K5GNNrve0v3CqFCEHLUDwqhZpzA=,bGh8FJeZoj1GQUHKahAaWgLq6Bc=
-6,-78,K5GNNrve0v3CqFCEHLUDwqhZpzA=,WCBByFKPvU7uDaLEsc4WfznfvvI=
-10,-77,K5GNNrve0v3CqFCEHLUDwqhZpzA=,bGh8FJeZoj1GQUHKahAaWgLq6Bc=
-7,-79,K5GNNrve0v3CqFCEHLUDwqhZpzA=,WCBByFKPvU7uDaLEsc4WfznfvvI=
-6,-79,K5GNNrve0v3CqFCEHLUDwqhZpzA=,WCBByFKPvU7uDaLEsc4WfznfvvI=
-9,-79,K5GNNrve0v3CqFCEHLUDwqhZpzA=,bGh8FJeZoj1GQUHKahAaWgLq6Bc=
-8,-78,K5GNNrve0v3CqFCEHLUDwqhZpzA=,WCBByFKPvU7uDaLEsc4WfznfvvI=
-7,-78,K5GNNrve0v3CqFCEHLUDwqhZpzA=,WCBByFKPvU7uDaLEsc4WfznfvvI=
-9,-78,K5GNNrve0v3CqFCEHLUDwqhZpzA=,bGh8FJeZoj1GQUHKahAaWgLq6Bc=
-9,-75,K5GNNrve0v3CqFCEHLUDwqhZpzA=,R3bp8+Jg13nNSrzc2dPqhoQO9o0=
-7,-75,K5GNNrve0v3CqFCEHLUDwqhZpzA=,DAjxMn17Tabfyo/Ha0NMpdt9dK0=
-8,-75,K5GNNrve0v3CqFCEHLUDwqhZpzA=,DAjxMn17Tabfyo/Ha0NMpdt9dK0=
-9,-76,K5GNNrve0v3CqFCEHLUDwqhZpzA=,R3bp8+Jg13nNSrzc2dPqhoQO9o0=
-8,-74,K5GNNrve0v3CqFCEHLUDwqhZpzA=,DAjxMn17Tabfyo/Ha0NMpdt9dK0=
-9,-72,K5GNNrve0v3CqFCEHLUDwqhZpzA=,ST+F7QmeMqQCLbQw573MHxgeEWE=
-9,-73,K5GNNrve0v3CqFCEHLUDwqhZpzA=,R3bp8+Jg13nNSrzc2dPqhoQO9o0=
-7,-77,K5GNNrve0v3CqFCEHLUDwqhZpzA=,WCBByFKPvU7uDaLEsc4WfznfvvI=
-6,-74,K5GNNrve0v3CqFCEHLUDwqhZpzA=,DAjxMn17Tabfyo/Ha0NMpdt9dK0=
-6,-73,K5GNNrve0v3CqFCEHLUDwqhZpzA=,DAjxMn17Tabfyo/Ha0NMpdt9dK0=
-7,-73,K5GNNrve0v3CqFCEHLUDwqhZpzA=,DAjxMn17Tabfyo/Ha0NMpdt9dK0=
-7,-72,K5GNNrve0v3CqFCEHLUDwqhZpzA=,MevM5lgveqmNvaP+ci0j5bUF0w8=
-8,-76,K5GNNrve0v3CqFCEHLUDwqhZpzA=,DAjxMn17Tabfyo/Ha0NMpdt9dK0=
-6,-77,K5GNNrve0v3CqFCEHLUDwqhZpzA=,WCBByFKPvU7uDaLEsc4WfznfvvI=
-8,-77,K5GNNrve0v3CqFCEHLUDwqhZpzA=,WCBByFKPvU7uDaLEsc4WfznfvvI=
-6,-76,K5GNNrve0v3CqFCEHLUDwqhZpzA=,DAjxMn17Tabfyo/Ha0NMpdt9dK0=
-6,-75,K5GNNrve0v3CqFCEHLUDwqhZpzA=,DAjxMn17Tabfyo/Ha0NMpdt9dK0=
-7,-74,K5GNNrve0v3CqFCEHLUDwqhZpzA=,DAjxMn17Tabfyo/Ha0NMpdt9dK0=
-7,-76,K5GNNrve0v3CqFCEHLUDwqhZpzA=,DAjxMn17Tabfyo/Ha0NMpdt9dK0=
-9,-77,K5GNNrve0v3CqFCEHLUDwqhZpzA=,bGh8FJeZoj1GQUHKahAaWgLq6Bc=
-8,-72,K5GNNrve0v3CqFCEHLUDwqhZpzA=,MevM5lgveqmNvaP+ci0j5bUF0w8=
-9,-74,K5GNNrve0v3CqFCEHLUDwqhZpzA=,R3bp8+Jg13nNSrzc2dPqhoQO9o0=
-8,-73,K5GNNrve0v3CqFCEHLUDwqhZpzA=,DAjxMn17Tabfyo/Ha0NMpdt9dK0=
-6,-72,K5GNNrve0v3CqFCEHLUDwqhZpzA=,MevM5lgveqmNvaP+ci0j5bUF0w8=
-11,-80,pWhFCpCzH/KzGJ6oZQo1m4C1bgE=,bGh8FJeZoj1GQUHKahAaWgLq6Bc=
-10,-80,pWhFCpCzH/KzGJ6oZQo1m4C1bgE=,bGh8FJeZoj1GQUHKahAaWgLq6Bc=
-16,-71,pWhFCpCzH/KzGJ6oZQo1m4C1bgE=,8gJwNbVJxgS0VPw49MdElC7Zp+E=
-16,-70,pWhFCpCzH/KzGJ6oZQo1m4C1bgE=,8gJwNbVJxgS0VPw49MdElC7Zp+E=
-13,-74,pWhFCpCzH/KzGJ6oZQo1m4C1bgE=,o/o4UOvUWtoc1E2Ka8isV6IDHMA=
-13,-72,pWhFCpCzH/KzGJ6oZQo1m4C1bgE=,8gJwNbVJxgS0VPw49MdElC7Zp+E=
-12,-74,pWhFCpCzH/KzGJ6oZQo1m4C1bgE=,R3bp8+Jg13nNSrzc2dPqhoQO9o0=
-14,-72,pWhFCpCzH/KzGJ6oZQo1m4C1bgE=,8gJwNbVJxgS0VPw49MdElC7Zp+E=
-12,-75,pWhFCpCzH/KzGJ6oZQo1m4C1bgE=,R3bp8+Jg13nNSrzc2dPqhoQO9o0=
-14,-74,pWhFCpCzH/KzGJ6oZQo1m4C1bgE=,o/o4UOvUWtoc1E2Ka8isV6IDHMA=
-13,-73,pWhFCpCzH/KzGJ6oZQo1m4C1bgE=,o/o4UOvUWtoc1E2Ka8isV6IDHMA=
-15,-74,pWhFCpCzH/KzGJ6oZQo1m4C1bgE=,o/o4UOvUWtoc1E2Ka8isV6IDHMA=
-12,-73,pWhFCpCzH/KzGJ6oZQo1m4C1bgE=,R3bp8+Jg13nNSrzc2dPqhoQO9o0=
-14,-73,pWhFCpCzH/KzGJ6oZQo1m4C1bgE=,o/o4UOvUWtoc1E2Ka8isV6IDHMA=
-13,-75,pWhFCpCzH/KzGJ6oZQo1m4C1bgE=,o/o4UOvUWtoc1E2Ka8isV6IDHMA=
-14,-75,pWhFCpCzH/KzGJ6oZQo1m4C1bgE=,o/o4UOvUWtoc1E2Ka8isV6IDHMA=
-12,-72,pWhFCpCzH/KzGJ6oZQo1m4C1bgE=,ST+F7QmeMqQCLbQw573MHxgeEWE=
-16,-73,pWhFCpCzH/KzGJ6oZQo1m4C1bgE=,o/o4UOvUWtoc1E2Ka8isV6IDHMA=
-16,-75,pWhFCpCzH/KzGJ6oZQo1m4C1bgE=,o/o4UOvUWtoc1E2Ka8isV6IDHMA=
-16,-74,pWhFCpCzH/KzGJ6oZQo1m4C1bgE=,o/o4UOvUWtoc1E2Ka8isV6IDHMA=
-13,-76,pWhFCpCzH/KzGJ6oZQo1m4C1bgE=,o/o4UOvUWtoc1E2Ka8isV6IDHMA=
-14,-76,pWhFCpCzH/KzGJ6oZQo1m4C1bgE=,o/o4UOvUWtoc1E2Ka8isV6IDHMA=
-13,-80,pWhFCpCzH/KzGJ6oZQo1m4C1bgE=,cJv0ODyU8b4rgEHbrMRoqWzbOrs=
-12,-78,pWhFCpCzH/KzGJ6oZQo1m4C1bgE=,bGh8FJeZoj1GQUHKahAaWgLq6Bc=
-12,-79,pWhFCpCzH/KzGJ6oZQo1m4C1bgE=,bGh8FJeZoj1GQUHKahAaWgLq6Bc=
-14,-80,pWhFCpCzH/KzGJ6oZQo1m4C1bgE=,cJv0ODyU8b4rgEHbrMRoqWzbOrs=
-16,-72,pWhFCpCzH/KzGJ6oZQo1m4C1bgE=,8gJwNbVJxgS0VPw49MdElC7Zp+E=
-13,-77,pWhFCpCzH/KzGJ6oZQo1m4C1bgE=,cJv0ODyU8b4rgEHbrMRoqWzbOrs=
-14,-77,pWhFCpCzH/KzGJ6oZQo1m4C1bgE=,cJv0ODyU8b4rgEHbrMRoqWzbOrs=
-12,-80,pWhFCpCzH/KzGJ6oZQo1m4C1bgE=,bGh8FJeZoj1GQUHKahAaWgLq6Bc=
-15,-77,pWhFCpCzH/KzGJ6oZQo1m4C1bgE=,cJv0ODyU8b4rgEHbrMRoqWzbOrs=
-13,-78,pWhFCpCzH/KzGJ6oZQo1m4C1bgE=,cJv0ODyU8b4rgEHbrMRoqWzbOrs=
-12,-76,pWhFCpCzH/KzGJ6oZQo1m4C1bgE=,R3bp8+Jg13nNSrzc2dPqhoQO9o0=
-14,-78,pWhFCpCzH/KzGJ6oZQo1m4C1bgE=,cJv0ODyU8b4rgEHbrMRoqWzbOrs=
-15,-78,pWhFCpCzH/KzGJ6oZQo1m4C1bgE=,cJv0ODyU8b4rgEHbrMRoqWzbOrs=
-12,-77,pWhFCpCzH/KzGJ6oZQo1m4C1bgE=,bGh8FJeZoj1GQUHKahAaWgLq6Bc=
-15,-80,pWhFCpCzH/KzGJ6oZQo1m4C1bgE=,cJv0ODyU8b4rgEHbrMRoqWzbOrs=
-13,-79,pWhFCpCzH/KzGJ6oZQo1m4C1bgE=,cJv0ODyU8b4rgEHbrMRoqWzbOrs=
-14,-79,pWhFCpCzH/KzGJ6oZQo1m4C1bgE=,cJv0ODyU8b4rgEHbrMRoqWzbOrs=
-15,-75,pWhFCpCzH/KzGJ6oZQo1m4C1bgE=,o/o4UOvUWtoc1E2Ka8isV6IDHMA=
-16,-76,pWhFCpCzH/KzGJ6oZQo1m4C1bgE=,o/o4UOvUWtoc1E2Ka8isV6IDHMA=
-15,-79,pWhFCpCzH/KzGJ6oZQo1m4C1bgE=,cJv0ODyU8b4rgEHbrMRoqWzbOrs=
-16,-78,pWhFCpCzH/KzGJ6oZQo1m4C1bgE=,cJv0ODyU8b4rgEHbrMRoqWzbOrs=
-15,-73,pWhFCpCzH/KzGJ6oZQo1m4C1bgE=,o/o4UOvUWtoc1E2Ka8isV6IDHMA=
-15,-72,pWhFCpCzH/KzGJ6oZQo1m4C1bgE=,8gJwNbVJxgS0VPw49MdElC7Zp+E=
-15,-76,pWhFCpCzH/KzGJ6oZQo1m4C1bgE=,o/o4UOvUWtoc1E2Ka8isV6IDHMA=
-16,-77,pWhFCpCzH/KzGJ6oZQo1m4C1bgE=,cJv0ODyU8b4rgEHbrMRoqWzbOrs=
-16,-79,pWhFCpCzH/KzGJ6oZQo1m4C1bgE=,cJv0ODyU8b4rgEHbrMRoqWzbOrs=
-8,-80,u15CaQCbxtxdeXzbkmwMPUyRPN8=,WCBByFKPvU7uDaLEsc4WfznfvvI=
-6,-80,u15CaQCbxtxdeXzbkmwMPUyRPN8=,WCBByFKPvU7uDaLEsc4WfznfvvI=
-9,-80,u15CaQCbxtxdeXzbkmwMPUyRPN8=,bGh8FJeZoj1GQUHKahAaWgLq6Bc=
-1,-71,qC9RqQzoiBuetL3qLDhZPR5MhKc=,NCRCFJ0BQPN2u42qXKAyt/n29Gs=
-7,-80,qC9RqQzoiBuetL3qLDhZPR5MhKc=,WCBByFKPvU7uDaLEsc4WfznfvvI=
-1,-70,qC9RqQzoiBuetL3qLDhZPR5MhKc=,NCRCFJ0BQPN2u42qXKAyt/n29Gs=
-5,-78,qC9RqQzoiBuetL3qLDhZPR5MhKc=,WCBByFKPvU7uDaLEsc4WfznfvvI=
-5,-79,qC9RqQzoiBuetL3qLDhZPR5MhKc=,WCBByFKPvU7uDaLEsc4WfznfvvI=
-2,-78,qC9RqQzoiBuetL3qLDhZPR5MhKc=,XJuR0BsX2ijKrPqfW2l4L8SmFXQ=
-1,-79,qC9RqQzoiBuetL3qLDhZPR5MhKc=,XJuR0BsX2ijKrPqfW2l4L8SmFXQ=
-3,-78,qC9RqQzoiBuetL3qLDhZPR5MhKc=,XJuR0BsX2ijKrPqfW2l4L8SmFXQ=
-4,-78,qC9RqQzoiBuetL3qLDhZPR5MhKc=,XJuR0BsX2ijKrPqfW2l4L8SmFXQ=
-5,-80,qC9RqQzoiBuetL3qLDhZPR5MhKc=,WCBByFKPvU7uDaLEsc4WfznfvvI=
-2,-79,qC9RqQzoiBuetL3qLDhZPR5MhKc=,XJuR0BsX2ijKrPqfW2l4L8SmFXQ=
-4,-80,qC9RqQzoiBuetL3qLDhZPR5MhKc=,XJuR0BsX2ijKrPqfW2l4L8SmFXQ=
-3,-80,qC9RqQzoiBuetL3qLDhZPR5MhKc=,XJuR0BsX2ijKrPqfW2l4L8SmFXQ=
-4,-74,qC9RqQzoiBuetL3qLDhZPR5MhKc=,QbkAW/oIU6KcOf5N64loZ6BULAI=
-2,-80,qC9RqQzoiBuetL3qLDhZPR5MhKc=,XJuR0BsX2ijKrPqfW2l4L8SmFXQ=
-1,-78,qC9RqQzoiBuetL3qLDhZPR5MhKc=,XJuR0BsX2ijKrPqfW2l4L8SmFXQ=
-3,-77,qC9RqQzoiBuetL3qLDhZPR5MhKc=,XJuR0BsX2ijKrPqfW2l4L8SmFXQ=
-1,-77,qC9RqQzoiBuetL3qLDhZPR5MhKc=,XJuR0BsX2ijKrPqfW2l4L8SmFXQ=
-5,-72,qC9RqQzoiBuetL3qLDhZPR5MhKc=,MevM5lgveqmNvaP+ci0j5bUF0w8=
-2,-72,qC9RqQzoiBuetL3qLDhZPR5MhKc=,NCRCFJ0BQPN2u42qXKAyt/n29Gs=
-4,-77,qC9RqQzoiBuetL3qLDhZPR5MhKc=,XJuR0BsX2ijKrPqfW2l4L8SmFXQ=
-1,-72,qC9RqQzoiBuetL3qLDhZPR5MhKc=,NCRCFJ0BQPN2u42qXKAyt/n29Gs=
-3,-79,qC9RqQzoiBuetL3qLDhZPR5MhKc=,XJuR0BsX2ijKrPqfW2l4L8SmFXQ=
-5,-76,qC9RqQzoiBuetL3qLDhZPR5MhKc=,DAjxMn17Tabfyo/Ha0NMpdt9dK0=
-4,-76,qC9RqQzoiBuetL3qLDhZPR5MhKc=,QbkAW/oIU6KcOf5N64loZ6BULAI=
-5,-74,qC9RqQzoiBuetL3qLDhZPR5MhKc=,DAjxMn17Tabfyo/Ha0NMpdt9dK0=
-2,-77,qC9RqQzoiBuetL3qLDhZPR5MhKc=,XJuR0BsX2ijKrPqfW2l4L8SmFXQ=
-4,-75,qC9RqQzoiBuetL3qLDhZPR5MhKc=,QbkAW/oIU6KcOf5N64loZ6BULAI=
-1,-75,qC9RqQzoiBuetL3qLDhZPR5MhKc=,QbkAW/oIU6KcOf5N64loZ6BULAI=
-4,-72,qC9RqQzoiBuetL3qLDhZPR5MhKc=,NCRCFJ0BQPN2u42qXKAyt/n29Gs=
-1,-73,qC9RqQzoiBuetL3qLDhZPR5MhKc=,QbkAW/oIU6KcOf5N64loZ6BULAI=
-2,-73,qC9RqQzoiBuetL3qLDhZPR5MhKc=,QbkAW/oIU6KcOf5N64loZ6BULAI=
-4,-73,qC9RqQzoiBuetL3qLDhZPR5MhKc=,QbkAW/oIU6KcOf5N64loZ6BULAI=
-2,-74,qC9RqQzoiBuetL3qLDhZPR5MhKc=,QbkAW/oIU6KcOf5N64loZ6BULAI=
-3,-72,qC9RqQzoiBuetL3qLDhZPR5MhKc=,NCRCFJ0BQPN2u42qXKAyt/n29Gs=
-2,-75,qC9RqQzoiBuetL3qLDhZPR5MhKc=,QbkAW/oIU6KcOf5N64loZ6BULAI=
-1,-74,qC9RqQzoiBuetL3qLDhZPR5MhKc=,QbkAW/oIU6KcOf5N64loZ6BULAI=
-5,-75,qC9RqQzoiBuetL3qLDhZPR5MhKc=,DAjxMn17Tabfyo/Ha0NMpdt9dK0=
-5,-73,qC9RqQzoiBuetL3qLDhZPR5MhKc=,DAjxMn17Tabfyo/Ha0NMpdt9dK0=
-3,-74,qC9RqQzoiBuetL3qLDhZPR5MhKc=,QbkAW/oIU6KcOf5N64loZ6BULAI=
-3,-75,qC9RqQzoiBuetL3qLDhZPR5MhKc=,QbkAW/oIU6KcOf5N64loZ6BULAI=
-5,-77,qC9RqQzoiBuetL3qLDhZPR5MhKc=,WCBByFKPvU7uDaLEsc4WfznfvvI=
-3,-76,qC9RqQzoiBuetL3qLDhZPR5MhKc=,QbkAW/oIU6KcOf5N64loZ6BULAI=
-1,-76,qC9RqQzoiBuetL3qLDhZPR5MhKc=,QbkAW/oIU6KcOf5N64loZ6BULAI=
-2,-76,qC9RqQzoiBuetL3qLDhZPR5MhKc=,QbkAW/oIU6KcOf5N64loZ6BULAI=
-3,-73,qC9RqQzoiBuetL3qLDhZPR5MhKc=,QbkAW/oIU6KcOf5N64loZ6BULAI=
-4,-79,qC9RqQzoiBuetL3qLDhZPR5MhKc=,XJuR0BsX2ijKrPqfW2l4L8SmFXQ=
-11,-65,uKSJfVJBCDZRP6N5S1p+sP/Ousk=,2utfgOQipJOin+hlUEdLsNDiPis=
-10,-65,uKSJfVJBCDZRP6N5S1p+sP/Ousk=,2utfgOQipJOin+hlUEdLsNDiPis=
-1,-68,uKSJfVJBCDZRP6N5S1p+sP/Ousk=,uqAqkK/dQL5nLqoQvsDp4lzunRE=
-1,-67,uKSJfVJBCDZRP6N5S1p+sP/Ousk=,uqAqkK/dQL5nLqoQvsDp4lzunRE=
-3,-65,uKSJfVJBCDZRP6N5S1p+sP/Ousk=,uqAqkK/dQL5nLqoQvsDp4lzunRE=
-1,-69,uKSJfVJBCDZRP6N5S1p+sP/Ousk=,NCRCFJ0BQPN2u42qXKAyt/n29Gs=
-1,-66,uKSJfVJBCDZRP6N5S1p+sP/Ousk=,uqAqkK/dQL5nLqoQvsDp4lzunRE=
-7,-65,uKSJfVJBCDZRP6N5S1p+sP/Ousk=,l5EreYjA4J+O1GG60Jf60A1RAR8=
-9,-65,uKSJfVJBCDZRP6N5S1p+sP/Ousk=,2utfgOQipJOin+hlUEdLsNDiPis=
-5,-65,uKSJfVJBCDZRP6N5S1p+sP/Ousk=,l5EreYjA4J+O1GG60Jf60A1RAR8=
-6,-65,uKSJfVJBCDZRP6N5S1p+sP/Ousk=,l5EreYjA4J+O1GG60Jf60A1RAR8=
-4,-65,uKSJfVJBCDZRP6N5S1p+sP/Ousk=,uqAqkK/dQL5nLqoQvsDp4lzunRE=
-8,-65,uKSJfVJBCDZRP6N5S1p+sP/Ousk=,l5EreYjA4J+O1GG60Jf60A1RAR8=
-2,-65,uKSJfVJBCDZRP6N5S1p+sP/Ousk=,uqAqkK/dQL5nLqoQvsDp4lzunRE=
-12,-65,uKSJfVJBCDZRP6N5S1p+sP/Ousk=,2utfgOQipJOin+hlUEdLsNDiPis=
-16,-65,uKSJfVJBCDZRP6N5S1p+sP/Ousk=,cquSOnodQ+i0Uk0rqN9k1yIRiaE=
-14,-65,uKSJfVJBCDZRP6N5S1p+sP/Ousk=,cquSOnodQ+i0Uk0rqN9k1yIRiaE=
-16,-67,uKSJfVJBCDZRP6N5S1p+sP/Ousk=,cquSOnodQ+i0Uk0rqN9k1yIRiaE=
-1,-65,uKSJfVJBCDZRP6N5S1p+sP/Ousk=,uqAqkK/dQL5nLqoQvsDp4lzunRE=
-16,-80,uKSJfVJBCDZRP6N5S1p+sP/Ousk=,cJv0ODyU8b4rgEHbrMRoqWzbOrs=
-13,-65,uKSJfVJBCDZRP6N5S1p+sP/Ousk=,cquSOnodQ+i0Uk0rqN9k1yIRiaE=
-16,-69,uKSJfVJBCDZRP6N5S1p+sP/Ousk=,8gJwNbVJxgS0VPw49MdElC7Zp+E=
-16,-66,uKSJfVJBCDZRP6N5S1p+sP/Ousk=,cquSOnodQ+i0Uk0rqN9k1yIRiaE=
-15,-65,uKSJfVJBCDZRP6N5S1p+sP/Ousk=,cquSOnodQ+i0Uk0rqN9k1yIRiaE=
-16,-68,uKSJfVJBCDZRP6N5S1p+sP/Ousk=,cquSOnodQ+i0Uk0rqN9k1yIRiaE=
-1,-80,uKSJfVJBCDZRP6N5S1p+sP/Ousk=,XJuR0BsX2ijKrPqfW2l4L8SmFXQ=
-11,-87,uKSJfVJBCDZRP6N5S1p+sP/Ousk=,KAg/o+Vm0I6yNezmKBNraJvT5CE=
-10,-86,DuSXqB1QhVSl3AdQZJUCpAnsAE0=,KAg/o+Vm0I6yNezmKBNraJvT5CE=
-11,-86,DuSXqB1QhVSl3AdQZJUCpAnsAE0=,KAg/o+Vm0I6yNezmKBNraJvT5CE=
-10,-87,DuSXqB1QhVSl3AdQZJUCpAnsAE0=,KAg/o+Vm0I6yNezmKBNraJvT5CE=
-11,-85,DuSXqB1QhVSl3AdQZJUCpAnsAE0=,KAg/o+Vm0I6yNezmKBNraJvT5CE=
-11,-83,DuSXqB1QhVSl3AdQZJUCpAnsAE0=,IIZl7RB9tGCWH4T6p/Aburb7yOQ=
-11,-84,DuSXqB1QhVSl3AdQZJUCpAnsAE0=,IIZl7RB9tGCWH4T6p/Aburb7yOQ=
-10,-84,DuSXqB1QhVSl3AdQZJUCpAnsAE0=,IIZl7RB9tGCWH4T6p/Aburb7yOQ=
-11,-82,DuSXqB1QhVSl3AdQZJUCpAnsAE0=,IIZl7RB9tGCWH4T6p/Aburb7yOQ=
-10,-83,DuSXqB1QhVSl3AdQZJUCpAnsAE0=,IIZl7RB9tGCWH4T6p/Aburb7yOQ=
-10,-85,DuSXqB1QhVSl3AdQZJUCpAnsAE0=,KAg/o+Vm0I6yNezmKBNraJvT5CE=
-10,-82,DuSXqB1QhVSl3AdQZJUCpAnsAE0=,IIZl7RB9tGCWH4T6p/Aburb7yOQ=
-12,-83,DuSXqB1QhVSl3AdQZJUCpAnsAE0=,IIZl7RB9tGCWH4T6p/Aburb7yOQ=
-14,-82,DuSXqB1QhVSl3AdQZJUCpAnsAE0=,hD4R0nd4ktUP5TgtMO99DwnKktA=
-15,-83,DuSXqB1QhVSl3AdQZJUCpAnsAE0=,hD4R0nd4ktUP5TgtMO99DwnKktA=
-14,-83,DuSXqB1QhVSl3AdQZJUCpAnsAE0=,hD4R0nd4ktUP5TgtMO99DwnKktA=
-15,-82,DuSXqB1QhVSl3AdQZJUCpAnsAE0=,hD4R0nd4ktUP5TgtMO99DwnKktA=
-13,-82,DuSXqB1QhVSl3AdQZJUCpAnsAE0=,hD4R0nd4ktUP5TgtMO99DwnKktA=
-12,-82,DuSXqB1QhVSl3AdQZJUCpAnsAE0=,IIZl7RB9tGCWH4T6p/Aburb7yOQ=
-12,-85,DuSXqB1QhVSl3AdQZJUCpAnsAE0=,KAg/o+Vm0I6yNezmKBNraJvT5CE=
-13,-83,DuSXqB1QhVSl3AdQZJUCpAnsAE0=,hD4R0nd4ktUP5TgtMO99DwnKktA=
-13,-86,DuSXqB1QhVSl3AdQZJUCpAnsAE0=,vYDaJbY5lyK2/BOQxlOE2i7nHh8=
-12,-86,DuSXqB1QhVSl3AdQZJUCpAnsAE0=,KAg/o+Vm0I6yNezmKBNraJvT5CE=
-13,-84,DuSXqB1QhVSl3AdQZJUCpAnsAE0=,hD4R0nd4ktUP5TgtMO99DwnKktA=
-14,-84,DuSXqB1QhVSl3AdQZJUCpAnsAE0=,hD4R0nd4ktUP5TgtMO99DwnKktA=
-13,-87,DuSXqB1QhVSl3AdQZJUCpAnsAE0=,vYDaJbY5lyK2/BOQxlOE2i7nHh8=
-15,-84,DuSXqB1QhVSl3AdQZJUCpAnsAE0=,hD4R0nd4ktUP5TgtMO99DwnKktA=
-14,-87,DuSXqB1QhVSl3AdQZJUCpAnsAE0=,vYDaJbY5lyK2/BOQxlOE2i7nHh8=
-13,-85,DuSXqB1QhVSl3AdQZJUCpAnsAE0=,vYDaJbY5lyK2/BOQxlOE2i7nHh8=
-14,-85,DuSXqB1QhVSl3AdQZJUCpAnsAE0=,vYDaJbY5lyK2/BOQxlOE2i7nHh8=
-12,-84,DuSXqB1QhVSl3AdQZJUCpAnsAE0=,IIZl7RB9tGCWH4T6p/Aburb7yOQ=
-12,-87,DuSXqB1QhVSl3AdQZJUCpAnsAE0=,KAg/o+Vm0I6yNezmKBNraJvT5CE=
-15,-86,DuSXqB1QhVSl3AdQZJUCpAnsAE0=,vYDaJbY5lyK2/BOQxlOE2i7nHh8=
-14,-86,DuSXqB1QhVSl3AdQZJUCpAnsAE0=,vYDaJbY5lyK2/BOQxlOE2i7nHh8=
-15,-87,DuSXqB1QhVSl3AdQZJUCpAnsAE0=,vYDaJbY5lyK2/BOQxlOE2i7nHh8=
-15,-85,DuSXqB1QhVSl3AdQZJUCpAnsAE0=,vYDaJbY5lyK2/BOQxlOE2i7nHh8=
-10,-90,DuSXqB1QhVSl3AdQZJUCpAnsAE0=,B7NaQ5D4zHJf6E74a5ChJmHYEGs=
-11,-89,DuSXqB1QhVSl3AdQZJUCpAnsAE0=,B7NaQ5D4zHJf6E74a5ChJmHYEGs=
-10,-88,dRElS2/ZIMZVnSjwVauy8YE/iNk=,KAg/o+Vm0I6yNezmKBNraJvT5CE=
-11,-90,dRElS2/ZIMZVnSjwVauy8YE/iNk=,B7NaQ5D4zHJf6E74a5ChJmHYEGs=
-11,-91,dRElS2/ZIMZVnSjwVauy8YE/iNk=,B7NaQ5D4zHJf6E74a5ChJmHYEGs=
-10,-89,dRElS2/ZIMZVnSjwVauy8YE/iNk=,B7NaQ5D4zHJf6E74a5ChJmHYEGs=
-10,-91,dRElS2/ZIMZVnSjwVauy8YE/iNk=,B7NaQ5D4zHJf6E74a5ChJmHYEGs=
-2,-87,dRElS2/ZIMZVnSjwVauy8YE/iNk=,SaDovYO7tk7oZIxI54DyIBdrZGc=
-11,-88,dRElS2/ZIMZVnSjwVauy8YE/iNk=,KAg/o+Vm0I6yNezmKBNraJvT5CE=
-2,-86,dRElS2/ZIMZVnSjwVauy8YE/iNk=,SaDovYO7tk7oZIxI54DyIBdrZGc=
-3,-87,dRElS2/ZIMZVnSjwVauy8YE/iNk=,SaDovYO7tk7oZIxI54DyIBdrZGc=
-8,-91,dRElS2/ZIMZVnSjwVauy8YE/iNk=,OPLb2ZPmeyDiCKSXZq1SdbSnaIo=
-6,-90,dRElS2/ZIMZVnSjwVauy8YE/iNk=,OPLb2ZPmeyDiCKSXZq1SdbSnaIo=
-9,-91,dRElS2/ZIMZVnSjwVauy8YE/iNk=,B7NaQ5D4zHJf6E74a5ChJmHYEGs=
-9,-90,dRElS2/ZIMZVnSjwVauy8YE/iNk=,B7NaQ5D4zHJf6E74a5ChJmHYEGs=
-3,-86,dRElS2/ZIMZVnSjwVauy8YE/iNk=,SaDovYO7tk7oZIxI54DyIBdrZGc=
-7,-91,dRElS2/ZIMZVnSjwVauy8YE/iNk=,OPLb2ZPmeyDiCKSXZq1SdbSnaIo=
-8,-90,dRElS2/ZIMZVnSjwVauy8YE/iNk=,OPLb2ZPmeyDiCKSXZq1SdbSnaIo=
-7,-90,dRElS2/ZIMZVnSjwVauy8YE/iNk=,OPLb2ZPmeyDiCKSXZq1SdbSnaIo=
-9,-88,dRElS2/ZIMZVnSjwVauy8YE/iNk=,KAg/o+Vm0I6yNezmKBNraJvT5CE=
-6,-91,dRElS2/ZIMZVnSjwVauy8YE/iNk=,OPLb2ZPmeyDiCKSXZq1SdbSnaIo=
-9,-86,dRElS2/ZIMZVnSjwVauy8YE/iNk=,KAg/o+Vm0I6yNezmKBNraJvT5CE=
-8,-86,dRElS2/ZIMZVnSjwVauy8YE/iNk=,K9SN5j1USiXgVeD52XUeDv8jKGI=
-8,-87,dRElS2/ZIMZVnSjwVauy8YE/iNk=,K9SN5j1USiXgVeD52XUeDv8jKGI=
-9,-89,dRElS2/ZIMZVnSjwVauy8YE/iNk=,B7NaQ5D4zHJf6E74a5ChJmHYEGs=
-8,-88,dRElS2/ZIMZVnSjwVauy8YE/iNk=,K9SN5j1USiXgVeD52XUeDv8jKGI=
-6,-89,dRElS2/ZIMZVnSjwVauy8YE/iNk=,OPLb2ZPmeyDiCKSXZq1SdbSnaIo=
-7,-88,dRElS2/ZIMZVnSjwVauy8YE/iNk=,K9SN5j1USiXgVeD52XUeDv8jKGI=
-9,-87,dRElS2/ZIMZVnSjwVauy8YE/iNk=,KAg/o+Vm0I6yNezmKBNraJvT5CE=
-6,-88,dRElS2/ZIMZVnSjwVauy8YE/iNk=,K9SN5j1USiXgVeD52XUeDv8jKGI=
-8,-89,dRElS2/ZIMZVnSjwVauy8YE/iNk=,OPLb2ZPmeyDiCKSXZq1SdbSnaIo=
-4,-86,dRElS2/ZIMZVnSjwVauy8YE/iNk=,SaDovYO7tk7oZIxI54DyIBdrZGc=
-6,-86,dRElS2/ZIMZVnSjwVauy8YE/iNk=,K9SN5j1USiXgVeD52XUeDv8jKGI=
-7,-87,dRElS2/ZIMZVnSjwVauy8YE/iNk=,K9SN5j1USiXgVeD52XUeDv8jKGI=
-5,-87,dRElS2/ZIMZVnSjwVauy8YE/iNk=,K9SN5j1USiXgVeD52XUeDv8jKGI=
-7,-89,dRElS2/ZIMZVnSjwVauy8YE/iNk=,OPLb2ZPmeyDiCKSXZq1SdbSnaIo=
-5,-86,dRElS2/ZIMZVnSjwVauy8YE/iNk=,K9SN5j1USiXgVeD52XUeDv8jKGI=
-4,-87,dRElS2/ZIMZVnSjwVauy8YE/iNk=,SaDovYO7tk7oZIxI54DyIBdrZGc=
-6,-87,dRElS2/ZIMZVnSjwVauy8YE/iNk=,K9SN5j1USiXgVeD52XUeDv8jKGI=
-7,-86,dRElS2/ZIMZVnSjwVauy8YE/iNk=,K9SN5j1USiXgVeD52XUeDv8jKGI=
-10,-92,dRElS2/ZIMZVnSjwVauy8YE/iNk=,B7NaQ5D4zHJf6E74a5ChJmHYEGs=
-11,-92,dRElS2/ZIMZVnSjwVauy8YE/iNk=,B7NaQ5D4zHJf6E74a5ChJmHYEGs=
-13,-94,Kdf1sOvG+AiHvo2QxTzZZtmaS70=,vKhz57tXCxxt4LfUC3z90F1IDsA=
-15,-95,Kdf1sOvG+AiHvo2QxTzZZtmaS70=,vKhz57tXCxxt4LfUC3z90F1IDsA=
-14,-95,icgDmr5WTHJO2egTPYC3qbC57xQ=,vKhz57tXCxxt4LfUC3z90F1IDsA=
-13,-95,icgDmr5WTHJO2egTPYC3qbC57xQ=,vKhz57tXCxxt4LfUC3z90F1IDsA=
-14,-94,icgDmr5WTHJO2egTPYC3qbC57xQ=,vKhz57tXCxxt4LfUC3z90F1IDsA=
-15,-94,icgDmr5WTHJO2egTPYC3qbC57xQ=,vKhz57tXCxxt4LfUC3z90F1IDsA=
-8,-93,icgDmr5WTHJO2egTPYC3qbC57xQ=,BtidcAe38UV7+60xwVEhbLxauaQ=
-7,-93,icgDmr5WTHJO2egTPYC3qbC57xQ=,BtidcAe38UV7+60xwVEhbLxauaQ=
-7,-94,icgDmr5WTHJO2egTPYC3qbC57xQ=,BtidcAe38UV7+60xwVEhbLxauaQ=
-8,-94,icgDmr5WTHJO2egTPYC3qbC57xQ=,BtidcAe38UV7+60xwVEhbLxauaQ=
-6,-94,icgDmr5WTHJO2egTPYC3qbC57xQ=,BtidcAe38UV7+60xwVEhbLxauaQ=
-9,-92,icgDmr5WTHJO2egTPYC3qbC57xQ=,B7NaQ5D4zHJf6E74a5ChJmHYEGs=
-8,-95,icgDmr5WTHJO2egTPYC3qbC57xQ=,BtidcAe38UV7+60xwVEhbLxauaQ=
-6,-92,icgDmr5WTHJO2egTPYC3qbC57xQ=,OPLb2ZPmeyDiCKSXZq1SdbSnaIo=
-8,-92,icgDmr5WTHJO2egTPYC3qbC57xQ=,OPLb2ZPmeyDiCKSXZq1SdbSnaIo=
-6,-93,icgDmr5WTHJO2egTPYC3qbC57xQ=,BtidcAe38UV7+60xwVEhbLxauaQ=
-6,-95,icgDmr5WTHJO2egTPYC3qbC57xQ=,BtidcAe38UV7+60xwVEhbLxauaQ=
-7,-92,icgDmr5WTHJO2egTPYC3qbC57xQ=,OPLb2ZPmeyDiCKSXZq1SdbSnaIo=
-7,-95,icgDmr5WTHJO2egTPYC3qbC57xQ=,BtidcAe38UV7+60xwVEhbLxauaQ=
-3,-95,icgDmr5WTHJO2egTPYC3qbC57xQ=,wp14OM8Aso7plVtHQ/CcyVsLA9s=
-3,-94,icgDmr5WTHJO2egTPYC3qbC57xQ=,wp14OM8Aso7plVtHQ/CcyVsLA9s=
-4,-94,icgDmr5WTHJO2egTPYC3qbC57xQ=,wp14OM8Aso7plVtHQ/CcyVsLA9s=
-2,-95,icgDmr5WTHJO2egTPYC3qbC57xQ=,wp14OM8Aso7plVtHQ/CcyVsLA9s=
-4,-95,icgDmr5WTHJO2egTPYC3qbC57xQ=,wp14OM8Aso7plVtHQ/CcyVsLA9s=
-2,-94,icgDmr5WTHJO2egTPYC3qbC57xQ=,wp14OM8Aso7plVtHQ/CcyVsLA9s=
-5,-94,icgDmr5WTHJO2egTPYC3qbC57xQ=,BtidcAe38UV7+60xwVEhbLxauaQ=
-5,-95,icgDmr5WTHJO2egTPYC3qbC57xQ=,BtidcAe38UV7+60xwVEhbLxauaQ=
-3,-91,icgDmr5WTHJO2egTPYC3qbC57xQ=,FWQ2FbeQCAqgNlxD0uIZqPUY8MM=
-5,-90,icgDmr5WTHJO2egTPYC3qbC57xQ=,OPLb2ZPmeyDiCKSXZq1SdbSnaIo=
-2,-93,icgDmr5WTHJO2egTPYC3qbC57xQ=,wp14OM8Aso7plVtHQ/CcyVsLA9s=
-5,-89,icgDmr5WTHJO2egTPYC3qbC57xQ=,OPLb2ZPmeyDiCKSXZq1SdbSnaIo=
-5,-91,icgDmr5WTHJO2egTPYC3qbC57xQ=,OPLb2ZPmeyDiCKSXZq1SdbSnaIo=
-3,-93,icgDmr5WTHJO2egTPYC3qbC57xQ=,wp14OM8Aso7plVtHQ/CcyVsLA9s=
-5,-92,icgDmr5WTHJO2egTPYC3qbC57xQ=,OPLb2ZPmeyDiCKSXZq1SdbSnaIo=
-4,-93,icgDmr5WTHJO2egTPYC3qbC57xQ=,wp14OM8Aso7plVtHQ/CcyVsLA9s=
-4,-91,icgDmr5WTHJO2egTPYC3qbC57xQ=,FWQ2FbeQCAqgNlxD0uIZqPUY8MM=
-2,-92,icgDmr5WTHJO2egTPYC3qbC57xQ=,FWQ2FbeQCAqgNlxD0uIZqPUY8MM=
-4,-92,icgDmr5WTHJO2egTPYC3qbC57xQ=,FWQ2FbeQCAqgNlxD0uIZqPUY8MM=
-5,-93,icgDmr5WTHJO2egTPYC3qbC57xQ=,BtidcAe38UV7+60xwVEhbLxauaQ=
-5,-88,icgDmr5WTHJO2egTPYC3qbC57xQ=,K9SN5j1USiXgVeD52XUeDv8jKGI=
-3,-88,icgDmr5WTHJO2egTPYC3qbC57xQ=,SaDovYO7tk7oZIxI54DyIBdrZGc=
-4,-89,icgDmr5WTHJO2egTPYC3qbC57xQ=,FWQ2FbeQCAqgNlxD0uIZqPUY8MM=
-4,-88,icgDmr5WTHJO2egTPYC3qbC57xQ=,SaDovYO7tk7oZIxI54DyIBdrZGc=
-2,-88,icgDmr5WTHJO2egTPYC3qbC57xQ=,SaDovYO7tk7oZIxI54DyIBdrZGc=
-3,-89,icgDmr5WTHJO2egTPYC3qbC57xQ=,FWQ2FbeQCAqgNlxD0uIZqPUY8MM=
-2,-91,icgDmr5WTHJO2egTPYC3qbC57xQ=,FWQ2FbeQCAqgNlxD0uIZqPUY8MM=
-4,-90,icgDmr5WTHJO2egTPYC3qbC57xQ=,FWQ2FbeQCAqgNlxD0uIZqPUY8MM=
-3,-90,icgDmr5WTHJO2egTPYC3qbC57xQ=,FWQ2FbeQCAqgNlxD0uIZqPUY8MM=
-3,-92,icgDmr5WTHJO2egTPYC3qbC57xQ=,FWQ2FbeQCAqgNlxD0uIZqPUY8MM=
-2,-90,icgDmr5WTHJO2egTPYC3qbC57xQ=,FWQ2FbeQCAqgNlxD0uIZqPUY8MM=
-2,-89,icgDmr5WTHJO2egTPYC3qbC57xQ=,FWQ2FbeQCAqgNlxD0uIZqPUY8MM=
-16,-87,qcoPpxeg4hw3E5ZtvmJ6/kw/JW8=,vYDaJbY5lyK2/BOQxlOE2i7nHh8=
-16,-86,qcoPpxeg4hw3E5ZtvmJ6/kw/JW8=,vYDaJbY5lyK2/BOQxlOE2i7nHh8=
-16,-94,qcoPpxeg4hw3E5ZtvmJ6/kw/JW8=,vKhz57tXCxxt4LfUC3z90F1IDsA=
-16,-95,qcoPpxeg4hw3E5ZtvmJ6/kw/JW8=,vKhz57tXCxxt4LfUC3z90F1IDsA=
-16,-85,qcoPpxeg4hw3E5ZtvmJ6/kw/JW8=,vYDaJbY5lyK2/BOQxlOE2i7nHh8=
-16,-83,qcoPpxeg4hw3E5ZtvmJ6/kw/JW8=,hD4R0nd4ktUP5TgtMO99DwnKktA=
-16,-84,qcoPpxeg4hw3E5ZtvmJ6/kw/JW8=,hD4R0nd4ktUP5TgtMO99DwnKktA=
-15,-90,qcoPpxeg4hw3E5ZtvmJ6/kw/JW8=,KDKBzfQgJ61p7FiXOk9Uqn1xMYs=
-13,-90,qcoPpxeg4hw3E5ZtvmJ6/kw/JW8=,KDKBzfQgJ61p7FiXOk9Uqn1xMYs=
-14,-90,qcoPpxeg4hw3E5ZtvmJ6/kw/JW8=,KDKBzfQgJ61p7FiXOk9Uqn1xMYs=
-13,-91,qcoPpxeg4hw3E5ZtvmJ6/kw/JW8=,KDKBzfQgJ61p7FiXOk9Uqn1xMYs=
-16,-82,qcoPpxeg4hw3E5ZtvmJ6/kw/JW8=,hD4R0nd4ktUP5TgtMO99DwnKktA=
-14,-91,qcoPpxeg4hw3E5ZtvmJ6/kw/JW8=,KDKBzfQgJ61p7FiXOk9Uqn1xMYs=
-12,-88,qcoPpxeg4hw3E5ZtvmJ6/kw/JW8=,KAg/o+Vm0I6yNezmKBNraJvT5CE=
-14,-88,qcoPpxeg4hw3E5ZtvmJ6/kw/JW8=,vYDaJbY5lyK2/BOQxlOE2i7nHh8=
-15,-91,qcoPpxeg4hw3E5ZtvmJ6/kw/JW8=,KDKBzfQgJ61p7FiXOk9Uqn1xMYs=
-13,-88,qcoPpxeg4hw3E5ZtvmJ6/kw/JW8=,vYDaJbY5lyK2/BOQxlOE2i7nHh8=
-13,-92,qcoPpxeg4hw3E5ZtvmJ6/kw/JW8=,KDKBzfQgJ61p7FiXOk9Uqn1xMYs=
-16,-93,qcoPpxeg4hw3E5ZtvmJ6/kw/JW8=,vKhz57tXCxxt4LfUC3z90F1IDsA=
-12,-89,qcoPpxeg4hw3E5ZtvmJ6/kw/JW8=,B7NaQ5D4zHJf6E74a5ChJmHYEGs=
-12,-90,qcoPpxeg4hw3E5ZtvmJ6/kw/JW8=,B7NaQ5D4zHJf6E74a5ChJmHYEGs=
-14,-92,qcoPpxeg4hw3E5ZtvmJ6/kw/JW8=,KDKBzfQgJ61p7FiXOk9Uqn1xMYs=
-14,-93,qcoPpxeg4hw3E5ZtvmJ6/kw/JW8=,vKhz57tXCxxt4LfUC3z90F1IDsA=
-12,-91,qcoPpxeg4hw3E5ZtvmJ6/kw/JW8=,B7NaQ5D4zHJf6E74a5ChJmHYEGs=
-13,-89,qcoPpxeg4hw3E5ZtvmJ6/kw/JW8=,KDKBzfQgJ61p7FiXOk9Uqn1xMYs=
-15,-93,qcoPpxeg4hw3E5ZtvmJ6/kw/JW8=,vKhz57tXCxxt4LfUC3z90F1IDsA=
-15,-92,qcoPpxeg4hw3E5ZtvmJ6/kw/JW8=,KDKBzfQgJ61p7FiXOk9Uqn1xMYs=
-14,-89,qcoPpxeg4hw3E5ZtvmJ6/kw/JW8=,KDKBzfQgJ61p7FiXOk9Uqn1xMYs=
-12,-92,qcoPpxeg4hw3E5ZtvmJ6/kw/JW8=,B7NaQ5D4zHJf6E74a5ChJmHYEGs=
-16,-91,qcoPpxeg4hw3E5ZtvmJ6/kw/JW8=,KDKBzfQgJ61p7FiXOk9Uqn1xMYs=
-15,-88,qcoPpxeg4hw3E5ZtvmJ6/kw/JW8=,vYDaJbY5lyK2/BOQxlOE2i7nHh8=
-13,-93,qcoPpxeg4hw3E5ZtvmJ6/kw/JW8=,vKhz57tXCxxt4LfUC3z90F1IDsA=
-16,-89,qcoPpxeg4hw3E5ZtvmJ6/kw/JW8=,KDKBzfQgJ61p7FiXOk9Uqn1xMYs=
-16,-90,qcoPpxeg4hw3E5ZtvmJ6/kw/JW8=,KDKBzfQgJ61p7FiXOk9Uqn1xMYs=
-16,-88,qcoPpxeg4hw3E5ZtvmJ6/kw/JW8=,vYDaJbY5lyK2/BOQxlOE2i7nHh8=
-16,-92,qcoPpxeg4hw3E5ZtvmJ6/kw/JW8=,KDKBzfQgJ61p7FiXOk9Uqn1xMYs=
-15,-89,qcoPpxeg4hw3E5ZtvmJ6/kw/JW8=,KDKBzfQgJ61p7FiXOk9Uqn1xMYs=
-15,-81,qcoPpxeg4hw3E5ZtvmJ6/kw/JW8=,hD4R0nd4ktUP5TgtMO99DwnKktA=
-13,-81,qcoPpxeg4hw3E5ZtvmJ6/kw/JW8=,hD4R0nd4ktUP5TgtMO99DwnKktA=
-14,-81,qcoPpxeg4hw3E5ZtvmJ6/kw/JW8=,hD4R0nd4ktUP5TgtMO99DwnKktA=
-12,-81,qcoPpxeg4hw3E5ZtvmJ6/kw/JW8=,IIZl7RB9tGCWH4T6p/Aburb7yOQ=
-10,-81,gCMYo3V5yu/Cz+6uXWOXa43rZu8=,IIZl7RB9tGCWH4T6p/Aburb7yOQ=
-11,-81,gCMYo3V5yu/Cz+6uXWOXa43rZu8=,IIZl7RB9tGCWH4T6p/Aburb7yOQ=
-9,-84,gCMYo3V5yu/Cz+6uXWOXa43rZu8=,IIZl7RB9tGCWH4T6p/Aburb7yOQ=
-8,-83,gCMYo3V5yu/Cz+6uXWOXa43rZu8=,k5sORk1zVZYYUKuGBs7zKRfuORk=
-7,-84,gCMYo3V5yu/Cz+6uXWOXa43rZu8=,k5sORk1zVZYYUKuGBs7zKRfuORk=
-8,-84,gCMYo3V5yu/Cz+6uXWOXa43rZu8=,k5sORk1zVZYYUKuGBs7zKRfuORk=
-6,-84,gCMYo3V5yu/Cz+6uXWOXa43rZu8=,k5sORk1zVZYYUKuGBs7zKRfuORk=
-9,-83,gCMYo3V5yu/Cz+6uXWOXa43rZu8=,IIZl7RB9tGCWH4T6p/Aburb7yOQ=
-9,-85,gCMYo3V5yu/Cz+6uXWOXa43rZu8=,KAg/o+Vm0I6yNezmKBNraJvT5CE=
-9,-82,gCMYo3V5yu/Cz+6uXWOXa43rZu8=,IIZl7RB9tGCWH4T6p/Aburb7yOQ=
-7,-85,gCMYo3V5yu/Cz+6uXWOXa43rZu8=,K9SN5j1USiXgVeD52XUeDv8jKGI=
-7,-82,gCMYo3V5yu/Cz+6uXWOXa43rZu8=,k5sORk1zVZYYUKuGBs7zKRfuORk=
-6,-82,gCMYo3V5yu/Cz+6uXWOXa43rZu8=,k5sORk1zVZYYUKuGBs7zKRfuORk=
-6,-85,gCMYo3V5yu/Cz+6uXWOXa43rZu8=,K9SN5j1USiXgVeD52XUeDv8jKGI=
-8,-82,gCMYo3V5yu/Cz+6uXWOXa43rZu8=,k5sORk1zVZYYUKuGBs7zKRfuORk=
-6,-83,gCMYo3V5yu/Cz+6uXWOXa43rZu8=,k5sORk1zVZYYUKuGBs7zKRfuORk=
-4,-82,gCMYo3V5yu/Cz+6uXWOXa43rZu8=,DTOODyq3b6mX++DaKui5QiYo3JY=
-3,-85,gCMYo3V5yu/Cz+6uXWOXa43rZu8=,SaDovYO7tk7oZIxI54DyIBdrZGc=
-5,-83,gCMYo3V5yu/Cz+6uXWOXa43rZu8=,k5sORk1zVZYYUKuGBs7zKRfuORk=
-5,-85,gCMYo3V5yu/Cz+6uXWOXa43rZu8=,K9SN5j1USiXgVeD52XUeDv8jKGI=
-8,-85,gCMYo3V5yu/Cz+6uXWOXa43rZu8=,K9SN5j1USiXgVeD52XUeDv8jKGI=
-7,-83,gCMYo3V5yu/Cz+6uXWOXa43rZu8=,k5sORk1zVZYYUKuGBs7zKRfuORk=
-2,-84,gCMYo3V5yu/Cz+6uXWOXa43rZu8=,DTOODyq3b6mX++DaKui5QiYo3JY=
-3,-84,gCMYo3V5yu/Cz+6uXWOXa43rZu8=,DTOODyq3b6mX++DaKui5QiYo3JY=
-4,-84,gCMYo3V5yu/Cz+6uXWOXa43rZu8=,DTOODyq3b6mX++DaKui5QiYo3JY=
-4,-83,gCMYo3V5yu/Cz+6uXWOXa43rZu8=,DTOODyq3b6mX++DaKui5QiYo3JY=
-4,-85,gCMYo3V5yu/Cz+6uXWOXa43rZu8=,SaDovYO7tk7oZIxI54DyIBdrZGc=
-2,-83,gCMYo3V5yu/Cz+6uXWOXa43rZu8=,DTOODyq3b6mX++DaKui5QiYo3JY=
-2,-82,gCMYo3V5yu/Cz+6uXWOXa43rZu8=,DTOODyq3b6mX++DaKui5QiYo3JY=
-2,-85,gCMYo3V5yu/Cz+6uXWOXa43rZu8=,SaDovYO7tk7oZIxI54DyIBdrZGc=
-5,-84,gCMYo3V5yu/Cz+6uXWOXa43rZu8=,k5sORk1zVZYYUKuGBs7zKRfuORk=
-5,-82,gCMYo3V5yu/Cz+6uXWOXa43rZu8=,k5sORk1zVZYYUKuGBs7zKRfuORk=
-3,-83,gCMYo3V5yu/Cz+6uXWOXa43rZu8=,DTOODyq3b6mX++DaKui5QiYo3JY=
-3,-82,gCMYo3V5yu/Cz+6uXWOXa43rZu8=,DTOODyq3b6mX++DaKui5QiYo3JY=
-8,-81,gCMYo3V5yu/Cz+6uXWOXa43rZu8=,k5sORk1zVZYYUKuGBs7zKRfuORk=
-9,-81,gCMYo3V5yu/Cz+6uXWOXa43rZu8=,IIZl7RB9tGCWH4T6p/Aburb7yOQ=
-7,-81,gCMYo3V5yu/Cz+6uXWOXa43rZu8=,k5sORk1zVZYYUKuGBs7zKRfuORk=
-6,-81,gCMYo3V5yu/Cz+6uXWOXa43rZu8=,k5sORk1zVZYYUKuGBs7zKRfuORk=
-4,-81,gCMYo3V5yu/Cz+6uXWOXa43rZu8=,DTOODyq3b6mX++DaKui5QiYo3JY=
-5,-81,gCMYo3V5yu/Cz+6uXWOXa43rZu8=,k5sORk1zVZYYUKuGBs7zKRfuORk=
-3,-81,gCMYo3V5yu/Cz+6uXWOXa43rZu8=,DTOODyq3b6mX++DaKui5QiYo3JY=
-2,-81,gCMYo3V5yu/Cz+6uXWOXa43rZu8=,DTOODyq3b6mX++DaKui5QiYo3JY=
-1,-83,gCMYo3V5yu/Cz+6uXWOXa43rZu8=,DTOODyq3b6mX++DaKui5QiYo3JY=
-1,-82,gCMYo3V5yu/Cz+6uXWOXa43rZu8=,DTOODyq3b6mX++DaKui5QiYo3JY=
-1,-87,gCMYo3V5yu/Cz+6uXWOXa43rZu8=,SaDovYO7tk7oZIxI54DyIBdrZGc=
-1,-84,gCMYo3V5yu/Cz+6uXWOXa43rZu8=,DTOODyq3b6mX++DaKui5QiYo3JY=
-1,-86,gCMYo3V5yu/Cz+6uXWOXa43rZu8=,SaDovYO7tk7oZIxI54DyIBdrZGc=
-1,-85,gCMYo3V5yu/Cz+6uXWOXa43rZu8=,SaDovYO7tk7oZIxI54DyIBdrZGc=
-1,-90,gCMYo3V5yu/Cz+6uXWOXa43rZu8=,FWQ2FbeQCAqgNlxD0uIZqPUY8MM=
-1,-89,gCMYo3V5yu/Cz+6uXWOXa43rZu8=,FWQ2FbeQCAqgNlxD0uIZqPUY8MM=
-1,-91,gCMYo3V5yu/Cz+6uXWOXa43rZu8=,FWQ2FbeQCAqgNlxD0uIZqPUY8MM=
-1,-88,gCMYo3V5yu/Cz+6uXWOXa43rZu8=,SaDovYO7tk7oZIxI54DyIBdrZGc=
-1,-92,6WJmUGqoC+o2PvJzk1v2W1EnttA=,FWQ2FbeQCAqgNlxD0uIZqPUY8MM=
-1,-93,6WJmUGqoC+o2PvJzk1v2W1EnttA=,wp14OM8Aso7plVtHQ/CcyVsLA9s=
-1,-94,6WJmUGqoC+o2PvJzk1v2W1EnttA=,wp14OM8Aso7plVtHQ/CcyVsLA9s=
-1,-95,6WJmUGqoC+o2PvJzk1v2W1EnttA=,wp14OM8Aso7plVtHQ/CcyVsLA9s=
-3,-96,6WJmUGqoC+o2PvJzk1v2W1EnttA=,wp14OM8Aso7plVtHQ/CcyVsLA9s=
-2,-96,6WJmUGqoC+o2PvJzk1v2W1EnttA=,wp14OM8Aso7plVtHQ/CcyVsLA9s=
-6,-96,6WJmUGqoC+o2PvJzk1v2W1EnttA=,BtidcAe38UV7+60xwVEhbLxauaQ=
-7,-96,6WJmUGqoC+o2PvJzk1v2W1EnttA=,BtidcAe38UV7+60xwVEhbLxauaQ=
-4,-96,6WJmUGqoC+o2PvJzk1v2W1EnttA=,wp14OM8Aso7plVtHQ/CcyVsLA9s=
-5,-96,6WJmUGqoC+o2PvJzk1v2W1EnttA=,BtidcAe38UV7+60xwVEhbLxauaQ=
-8,-96,6WJmUGqoC+o2PvJzk1v2W1EnttA=,BtidcAe38UV7+60xwVEhbLxauaQ=
-15,-96,6WJmUGqoC+o2PvJzk1v2W1EnttA=,vKhz57tXCxxt4LfUC3z90F1IDsA=
-14,-96,6WJmUGqoC+o2PvJzk1v2W1EnttA=,vKhz57tXCxxt4LfUC3z90F1IDsA=
-13,-96,6WJmUGqoC+o2PvJzk1v2W1EnttA=,vKhz57tXCxxt4LfUC3z90F1IDsA=
-16,-96,6WJmUGqoC+o2PvJzk1v2W1EnttA=,vKhz57tXCxxt4LfUC3z90F1IDsA=
-1,-96,6WJmUGqoC+o2PvJzk1v2W1EnttA=,wp14OM8Aso7plVtHQ/CcyVsLA9s=
-1,-81,6WJmUGqoC+o2PvJzk1v2W1EnttA=,DTOODyq3b6mX++DaKui5QiYo3JY=
-16,-81,6WJmUGqoC+o2PvJzk1v2W1EnttA=,hD4R0nd4ktUP5TgtMO99DwnKktA=
-23,-95,nSREcpmJgyBtdaIee2a/VUwFRf8=,RVhw8Mcg9pqi/S8hs5nKxXrMPWs=
-23,-94,mHUGRGLhVyrIh8rO9EYOOukxhk8=,RVhw8Mcg9pqi/S8hs5nKxXrMPWs=
-22,-94,mHUGRGLhVyrIh8rO9EYOOukxhk8=,RVhw8Mcg9pqi/S8hs5nKxXrMPWs=
-22,-95,mHUGRGLhVyrIh8rO9EYOOukxhk8=,RVhw8Mcg9pqi/S8hs5nKxXrMPWs=
-22,-90,mHUGRGLhVyrIh8rO9EYOOukxhk8=,2xsFkSm/4uLFFAj+PkofLjyTLuo=
-22,-91,mHUGRGLhVyrIh8rO9EYOOukxhk8=,2xsFkSm/4uLFFAj+PkofLjyTLuo=
-23,-90,mHUGRGLhVyrIh8rO9EYOOukxhk8=,2xsFkSm/4uLFFAj+PkofLjyTLuo=
-23,-91,mHUGRGLhVyrIh8rO9EYOOukxhk8=,2xsFkSm/4uLFFAj+PkofLjyTLuo=
-23,-93,mHUGRGLhVyrIh8rO9EYOOukxhk8=,RVhw8Mcg9pqi/S8hs5nKxXrMPWs=
-22,-92,mHUGRGLhVyrIh8rO9EYOOukxhk8=,2xsFkSm/4uLFFAj+PkofLjyTLuo=
-23,-92,mHUGRGLhVyrIh8rO9EYOOukxhk8=,2xsFkSm/4uLFFAj+PkofLjyTLuo=
-21,-95,mHUGRGLhVyrIh8rO9EYOOukxhk8=,RVhw8Mcg9pqi/S8hs5nKxXrMPWs=
-20,-95,mHUGRGLhVyrIh8rO9EYOOukxhk8=,BwRO6mQs7ExulmZ2J8lHEXdHlic=
-22,-93,mHUGRGLhVyrIh8rO9EYOOukxhk8=,RVhw8Mcg9pqi/S8hs5nKxXrMPWs=
-21,-94,mHUGRGLhVyrIh8rO9EYOOukxhk8=,RVhw8Mcg9pqi/S8hs5nKxXrMPWs=
-20,-93,mHUGRGLhVyrIh8rO9EYOOukxhk8=,BwRO6mQs7ExulmZ2J8lHEXdHlic=
-21,-93,mHUGRGLhVyrIh8rO9EYOOukxhk8=,RVhw8Mcg9pqi/S8hs5nKxXrMPWs=
-21,-90,mHUGRGLhVyrIh8rO9EYOOukxhk8=,2xsFkSm/4uLFFAj+PkofLjyTLuo=
-20,-92,mHUGRGLhVyrIh8rO9EYOOukxhk8=,njRN7o83UkXyyOl0mRYfvFo1ttw=
-19,-95,mHUGRGLhVyrIh8rO9EYOOukxhk8=,BwRO6mQs7ExulmZ2J8lHEXdHlic=
-20,-90,mHUGRGLhVyrIh8rO9EYOOukxhk8=,njRN7o83UkXyyOl0mRYfvFo1ttw=
-20,-94,mHUGRGLhVyrIh8rO9EYOOukxhk8=,BwRO6mQs7ExulmZ2J8lHEXdHlic=
-21,-91,mHUGRGLhVyrIh8rO9EYOOukxhk8=,2xsFkSm/4uLFFAj+PkofLjyTLuo=
-18,-95,mHUGRGLhVyrIh8rO9EYOOukxhk8=,BwRO6mQs7ExulmZ2J8lHEXdHlic=
-20,-91,mHUGRGLhVyrIh8rO9EYOOukxhk8=,njRN7o83UkXyyOl0mRYfvFo1ttw=
-19,-90,mHUGRGLhVyrIh8rO9EYOOukxhk8=,njRN7o83UkXyyOl0mRYfvFo1ttw=
-21,-92,mHUGRGLhVyrIh8rO9EYOOukxhk8=,2xsFkSm/4uLFFAj+PkofLjyTLuo=
-19,-93,mHUGRGLhVyrIh8rO9EYOOukxhk8=,BwRO6mQs7ExulmZ2J8lHEXdHlic=
-19,-94,mHUGRGLhVyrIh8rO9EYOOukxhk8=,BwRO6mQs7ExulmZ2J8lHEXdHlic=
-18,-90,mHUGRGLhVyrIh8rO9EYOOukxhk8=,njRN7o83UkXyyOl0mRYfvFo1ttw=
-18,-91,mHUGRGLhVyrIh8rO9EYOOukxhk8=,njRN7o83UkXyyOl0mRYfvFo1ttw=
-19,-92,mHUGRGLhVyrIh8rO9EYOOukxhk8=,njRN7o83UkXyyOl0mRYfvFo1ttw=
-19,-91,mHUGRGLhVyrIh8rO9EYOOukxhk8=,njRN7o83UkXyyOl0mRYfvFo1ttw=
-18,-93,mHUGRGLhVyrIh8rO9EYOOukxhk8=,BwRO6mQs7ExulmZ2J8lHEXdHlic=
-18,-92,mHUGRGLhVyrIh8rO9EYOOukxhk8=,njRN7o83UkXyyOl0mRYfvFo1ttw=
-18,-94,mHUGRGLhVyrIh8rO9EYOOukxhk8=,BwRO6mQs7ExulmZ2J8lHEXdHlic=
-23,-89,mHUGRGLhVyrIh8rO9EYOOukxhk8=,2xsFkSm/4uLFFAj+PkofLjyTLuo=
-22,-88,mHUGRGLhVyrIh8rO9EYOOukxhk8=,FesZn4+awD8bR4MNhjZmf8j623g=
-23,-88,mHUGRGLhVyrIh8rO9EYOOukxhk8=,FesZn4+awD8bR4MNhjZmf8j623g=
-23,-85,9+knM8WbcgqMPCYmF6SkdD4YRr4=,FesZn4+awD8bR4MNhjZmf8j623g=
-22,-86,9+knM8WbcgqMPCYmF6SkdD4YRr4=,FesZn4+awD8bR4MNhjZmf8j623g=
-23,-86,9+knM8WbcgqMPCYmF6SkdD4YRr4=,FesZn4+awD8bR4MNhjZmf8j623g=
-22,-89,9+knM8WbcgqMPCYmF6SkdD4YRr4=,2xsFkSm/4uLFFAj+PkofLjyTLuo=
-22,-85,9+knM8WbcgqMPCYmF6SkdD4YRr4=,FesZn4+awD8bR4MNhjZmf8j623g=
-22,-87,9+knM8WbcgqMPCYmF6SkdD4YRr4=,FesZn4+awD8bR4MNhjZmf8j623g=
-23,-87,9+knM8WbcgqMPCYmF6SkdD4YRr4=,FesZn4+awD8bR4MNhjZmf8j623g=
-17,-91,9+knM8WbcgqMPCYmF6SkdD4YRr4=,njRN7o83UkXyyOl0mRYfvFo1ttw=
-20,-87,9+knM8WbcgqMPCYmF6SkdD4YRr4=,6InpsVyMOLG3U9GJNqJ45EH/nJ0=
-20,-89,9+knM8WbcgqMPCYmF6SkdD4YRr4=,njRN7o83UkXyyOl0mRYfvFo1ttw=
-21,-88,9+knM8WbcgqMPCYmF6SkdD4YRr4=,FesZn4+awD8bR4MNhjZmf8j623g=
-17,-90,9+knM8WbcgqMPCYmF6SkdD4YRr4=,njRN7o83UkXyyOl0mRYfvFo1ttw=
-19,-89,9+knM8WbcgqMPCYmF6SkdD4YRr4=,njRN7o83UkXyyOl0mRYfvFo1ttw=
-17,-87,9+knM8WbcgqMPCYmF6SkdD4YRr4=,6InpsVyMOLG3U9GJNqJ45EH/nJ0=
-17,-86,9+knM8WbcgqMPCYmF6SkdD4YRr4=,6InpsVyMOLG3U9GJNqJ45EH/nJ0=
-17,-88,9+knM8WbcgqMPCYmF6SkdD4YRr4=,6InpsVyMOLG3U9GJNqJ45EH/nJ0=
-20,-88,9+knM8WbcgqMPCYmF6SkdD4YRr4=,6InpsVyMOLG3U9GJNqJ45EH/nJ0=
-21,-89,9+knM8WbcgqMPCYmF6SkdD4YRr4=,2xsFkSm/4uLFFAj+PkofLjyTLuo=
-18,-88,9+knM8WbcgqMPCYmF6SkdD4YRr4=,6InpsVyMOLG3U9GJNqJ45EH/nJ0=
-20,-86,9+knM8WbcgqMPCYmF6SkdD4YRr4=,6InpsVyMOLG3U9GJNqJ45EH/nJ0=
-21,-86,9+knM8WbcgqMPCYmF6SkdD4YRr4=,FesZn4+awD8bR4MNhjZmf8j623g=
-21,-87,9+knM8WbcgqMPCYmF6SkdD4YRr4=,FesZn4+awD8bR4MNhjZmf8j623g=
-17,-89,9+knM8WbcgqMPCYmF6SkdD4YRr4=,njRN7o83UkXyyOl0mRYfvFo1ttw=
-18,-86,9+knM8WbcgqMPCYmF6SkdD4YRr4=,6InpsVyMOLG3U9GJNqJ45EH/nJ0=
-18,-89,9+knM8WbcgqMPCYmF6SkdD4YRr4=,njRN7o83UkXyyOl0mRYfvFo1ttw=
-19,-86,9+knM8WbcgqMPCYmF6SkdD4YRr4=,6InpsVyMOLG3U9GJNqJ45EH/nJ0=
-19,-88,9+knM8WbcgqMPCYmF6SkdD4YRr4=,6InpsVyMOLG3U9GJNqJ45EH/nJ0=
-21,-85,9+knM8WbcgqMPCYmF6SkdD4YRr4=,FesZn4+awD8bR4MNhjZmf8j623g=
-20,-85,9+knM8WbcgqMPCYmF6SkdD4YRr4=,6InpsVyMOLG3U9GJNqJ45EH/nJ0=
-19,-87,9+knM8WbcgqMPCYmF6SkdD4YRr4=,6InpsVyMOLG3U9GJNqJ45EH/nJ0=
-18,-85,9+knM8WbcgqMPCYmF6SkdD4YRr4=,6InpsVyMOLG3U9GJNqJ45EH/nJ0=
-19,-82,9+knM8WbcgqMPCYmF6SkdD4YRr4=,kkZDmMDxsyMi7evigrXeuCYxshQ=
-19,-85,9+knM8WbcgqMPCYmF6SkdD4YRr4=,6InpsVyMOLG3U9GJNqJ45EH/nJ0=
-17,-82,9+knM8WbcgqMPCYmF6SkdD4YRr4=,kkZDmMDxsyMi7evigrXeuCYxshQ=
-18,-83,9+knM8WbcgqMPCYmF6SkdD4YRr4=,kkZDmMDxsyMi7evigrXeuCYxshQ=
-18,-87,9+knM8WbcgqMPCYmF6SkdD4YRr4=,6InpsVyMOLG3U9GJNqJ45EH/nJ0=
-19,-81,9+knM8WbcgqMPCYmF6SkdD4YRr4=,kkZDmMDxsyMi7evigrXeuCYxshQ=
-17,-84,9+knM8WbcgqMPCYmF6SkdD4YRr4=,kkZDmMDxsyMi7evigrXeuCYxshQ=
-20,-82,9+knM8WbcgqMPCYmF6SkdD4YRr4=,kkZDmMDxsyMi7evigrXeuCYxshQ=
-20,-83,9+knM8WbcgqMPCYmF6SkdD4YRr4=,kkZDmMDxsyMi7evigrXeuCYxshQ=
-17,-83,9+knM8WbcgqMPCYmF6SkdD4YRr4=,kkZDmMDxsyMi7evigrXeuCYxshQ=
-20,-84,9+knM8WbcgqMPCYmF6SkdD4YRr4=,kkZDmMDxsyMi7evigrXeuCYxshQ=
-18,-81,9+knM8WbcgqMPCYmF6SkdD4YRr4=,kkZDmMDxsyMi7evigrXeuCYxshQ=
-18,-84,9+knM8WbcgqMPCYmF6SkdD4YRr4=,kkZDmMDxsyMi7evigrXeuCYxshQ=
-19,-84,9+knM8WbcgqMPCYmF6SkdD4YRr4=,kkZDmMDxsyMi7evigrXeuCYxshQ=
-19,-83,9+knM8WbcgqMPCYmF6SkdD4YRr4=,kkZDmMDxsyMi7evigrXeuCYxshQ=
-18,-82,9+knM8WbcgqMPCYmF6SkdD4YRr4=,kkZDmMDxsyMi7evigrXeuCYxshQ=
-17,-85,9+knM8WbcgqMPCYmF6SkdD4YRr4=,6InpsVyMOLG3U9GJNqJ45EH/nJ0=
-24,-95,tWEkzDlNWgSeSyxHyBjlZMkr5P0=,RVhw8Mcg9pqi/S8hs5nKxXrMPWs=
-24,-94,tWEkzDlNWgSeSyxHyBjlZMkr5P0=,RVhw8Mcg9pqi/S8hs5nKxXrMPWs=
-22,-96,tWEkzDlNWgSeSyxHyBjlZMkr5P0=,RVhw8Mcg9pqi/S8hs5nKxXrMPWs=
-24,-96,tWEkzDlNWgSeSyxHyBjlZMkr5P0=,RVhw8Mcg9pqi/S8hs5nKxXrMPWs=
-23,-96,tWEkzDlNWgSeSyxHyBjlZMkr5P0=,RVhw8Mcg9pqi/S8hs5nKxXrMPWs=
-20,-96,tWEkzDlNWgSeSyxHyBjlZMkr5P0=,BwRO6mQs7ExulmZ2J8lHEXdHlic=
-17,-92,tWEkzDlNWgSeSyxHyBjlZMkr5P0=,njRN7o83UkXyyOl0mRYfvFo1ttw=
-19,-96,tWEkzDlNWgSeSyxHyBjlZMkr5P0=,BwRO6mQs7ExulmZ2J8lHEXdHlic=
-18,-96,tWEkzDlNWgSeSyxHyBjlZMkr5P0=,BwRO6mQs7ExulmZ2J8lHEXdHlic=
-21,-96,tWEkzDlNWgSeSyxHyBjlZMkr5P0=,RVhw8Mcg9pqi/S8hs5nKxXrMPWs=
-17,-93,tWEkzDlNWgSeSyxHyBjlZMkr5P0=,BwRO6mQs7ExulmZ2J8lHEXdHlic=
-17,-95,tWEkzDlNWgSeSyxHyBjlZMkr5P0=,BwRO6mQs7ExulmZ2J8lHEXdHlic=
-17,-94,tWEkzDlNWgSeSyxHyBjlZMkr5P0=,BwRO6mQs7ExulmZ2J8lHEXdHlic=
-24,-90,tWEkzDlNWgSeSyxHyBjlZMkr5P0=,2xsFkSm/4uLFFAj+PkofLjyTLuo=
-24,-91,tWEkzDlNWgSeSyxHyBjlZMkr5P0=,2xsFkSm/4uLFFAj+PkofLjyTLuo=
-24,-93,tWEkzDlNWgSeSyxHyBjlZMkr5P0=,RVhw8Mcg9pqi/S8hs5nKxXrMPWs=
-24,-92,tWEkzDlNWgSeSyxHyBjlZMkr5P0=,2xsFkSm/4uLFFAj+PkofLjyTLuo=
-24,-87,tWEkzDlNWgSeSyxHyBjlZMkr5P0=,FesZn4+awD8bR4MNhjZmf8j623g=
-24,-86,tWEkzDlNWgSeSyxHyBjlZMkr5P0=,FesZn4+awD8bR4MNhjZmf8j623g=
-24,-89,tWEkzDlNWgSeSyxHyBjlZMkr5P0=,2xsFkSm/4uLFFAj+PkofLjyTLuo=
-24,-88,tWEkzDlNWgSeSyxHyBjlZMkr5P0=,FesZn4+awD8bR4MNhjZmf8j623g=
-24,-85,tWEkzDlNWgSeSyxHyBjlZMkr5P0=,FesZn4+awD8bR4MNhjZmf8j623g=
-17,-96,tWEkzDlNWgSeSyxHyBjlZMkr5P0=,BwRO6mQs7ExulmZ2J8lHEXdHlic=
-20,-81,tWEkzDlNWgSeSyxHyBjlZMkr5P0=,kkZDmMDxsyMi7evigrXeuCYxshQ=
-17,-81,tWEkzDlNWgSeSyxHyBjlZMkr5P0=,kkZDmMDxsyMi7evigrXeuCYxshQ=
-23,-75,wgo8s6xj5wNJIAPxcp5V8RxHLYo=,D52VsmirIxH1JzJ3KGcmCFfYZMw=
-22,-74,wgo8s6xj5wNJIAPxcp5V8RxHLYo=,D52VsmirIxH1JzJ3KGcmCFfYZMw=
-23,-74,wgo8s6xj5wNJIAPxcp5V8RxHLYo=,D52VsmirIxH1JzJ3KGcmCFfYZMw=
-22,-75,wgo8s6xj5wNJIAPxcp5V8RxHLYo=,D52VsmirIxH1JzJ3KGcmCFfYZMw=
-23,-71,wgo8s6xj5wNJIAPxcp5V8RxHLYo=,IamH9zlZYmOT83qRlSc1+xGj60A=
-23,-70,wgo8s6xj5wNJIAPxcp5V8RxHLYo=,IamH9zlZYmOT83qRlSc1+xGj60A=
-23,-73,wgo8s6xj5wNJIAPxcp5V8RxHLYo=,D52VsmirIxH1JzJ3KGcmCFfYZMw=
-22,-71,wgo8s6xj5wNJIAPxcp5V8RxHLYo=,IamH9zlZYmOT83qRlSc1+xGj60A=
-22,-73,wgo8s6xj5wNJIAPxcp5V8RxHLYo=,D52VsmirIxH1JzJ3KGcmCFfYZMw=
-22,-70,wgo8s6xj5wNJIAPxcp5V8RxHLYo=,IamH9zlZYmOT83qRlSc1+xGj60A=
-23,-72,wgo8s6xj5wNJIAPxcp5V8RxHLYo=,IamH9zlZYmOT83qRlSc1+xGj60A=
-22,-72,wgo8s6xj5wNJIAPxcp5V8RxHLYo=,IamH9zlZYmOT83qRlSc1+xGj60A=
-20,-75,wgo8s6xj5wNJIAPxcp5V8RxHLYo=,6rbbb98ScWWtMTe8Flm0JVZShrI=
-21,-74,wgo8s6xj5wNJIAPxcp5V8RxHLYo=,D52VsmirIxH1JzJ3KGcmCFfYZMw=
-19,-75,wgo8s6xj5wNJIAPxcp5V8RxHLYo=,6rbbb98ScWWtMTe8Flm0JVZShrI=
-18,-74,wgo8s6xj5wNJIAPxcp5V8RxHLYo=,6rbbb98ScWWtMTe8Flm0JVZShrI=
-20,-74,wgo8s6xj5wNJIAPxcp5V8RxHLYo=,6rbbb98ScWWtMTe8Flm0JVZShrI=
-21,-75,wgo8s6xj5wNJIAPxcp5V8RxHLYo=,D52VsmirIxH1JzJ3KGcmCFfYZMw=
-18,-75,wgo8s6xj5wNJIAPxcp5V8RxHLYo=,6rbbb98ScWWtMTe8Flm0JVZShrI=
-19,-74,wgo8s6xj5wNJIAPxcp5V8RxHLYo=,6rbbb98ScWWtMTe8Flm0JVZShrI=
-20,-70,wgo8s6xj5wNJIAPxcp5V8RxHLYo=,0bRSNtvBvX2b+WfHP7VCFuwx6hI=
-21,-70,wgo8s6xj5wNJIAPxcp5V8RxHLYo=,IamH9zlZYmOT83qRlSc1+xGj60A=
-21,-72,wgo8s6xj5wNJIAPxcp5V8RxHLYo=,IamH9zlZYmOT83qRlSc1+xGj60A=
-20,-73,wgo8s6xj5wNJIAPxcp5V8RxHLYo=,6rbbb98ScWWtMTe8Flm0JVZShrI=
-21,-73,wgo8s6xj5wNJIAPxcp5V8RxHLYo=,D52VsmirIxH1JzJ3KGcmCFfYZMw=
-20,-72,wgo8s6xj5wNJIAPxcp5V8RxHLYo=,0bRSNtvBvX2b+WfHP7VCFuwx6hI=
-20,-71,wgo8s6xj5wNJIAPxcp5V8RxHLYo=,0bRSNtvBvX2b+WfHP7VCFuwx6hI=
-19,-73,wgo8s6xj5wNJIAPxcp5V8RxHLYo=,6rbbb98ScWWtMTe8Flm0JVZShrI=
-21,-71,wgo8s6xj5wNJIAPxcp5V8RxHLYo=,IamH9zlZYmOT83qRlSc1+xGj60A=
-18,-73,wgo8s6xj5wNJIAPxcp5V8RxHLYo=,6rbbb98ScWWtMTe8Flm0JVZShrI=
-19,-72,wgo8s6xj5wNJIAPxcp5V8RxHLYo=,0bRSNtvBvX2b+WfHP7VCFuwx6hI=
-18,-72,wgo8s6xj5wNJIAPxcp5V8RxHLYo=,0bRSNtvBvX2b+WfHP7VCFuwx6hI=
-19,-71,wgo8s6xj5wNJIAPxcp5V8RxHLYo=,0bRSNtvBvX2b+WfHP7VCFuwx6hI=
-19,-70,wgo8s6xj5wNJIAPxcp5V8RxHLYo=,0bRSNtvBvX2b+WfHP7VCFuwx6hI=
-18,-71,wgo8s6xj5wNJIAPxcp5V8RxHLYo=,0bRSNtvBvX2b+WfHP7VCFuwx6hI=
-18,-70,wgo8s6xj5wNJIAPxcp5V8RxHLYo=,0bRSNtvBvX2b+WfHP7VCFuwx6hI=
-23,-69,Z8g5gQTLfToqfW/96Jo9xZZ+jiI=,IamH9zlZYmOT83qRlSc1+xGj60A=
-22,-65,Z8g5gQTLfToqfW/96Jo9xZZ+jiI=,S5yiaZZluybij08Cv+ZTJWRRPsI=
-23,-66,Z8g5gQTLfToqfW/96Jo9xZZ+jiI=,S5yiaZZluybij08Cv+ZTJWRRPsI=
-24,-66,Z8g5gQTLfToqfW/96Jo9xZZ+jiI=,S5yiaZZluybij08Cv+ZTJWRRPsI=
-22,-66,Z8g5gQTLfToqfW/96Jo9xZZ+jiI=,S5yiaZZluybij08Cv+ZTJWRRPsI=
-23,-65,Z8g5gQTLfToqfW/96Jo9xZZ+jiI=,S5yiaZZluybij08Cv+ZTJWRRPsI=
-22,-67,Z8g5gQTLfToqfW/96Jo9xZZ+jiI=,S5yiaZZluybij08Cv+ZTJWRRPsI=
-23,-67,Z8g5gQTLfToqfW/96Jo9xZZ+jiI=,S5yiaZZluybij08Cv+ZTJWRRPsI=
-24,-67,Z8g5gQTLfToqfW/96Jo9xZZ+jiI=,S5yiaZZluybij08Cv+ZTJWRRPsI=
-22,-68,Z8g5gQTLfToqfW/96Jo9xZZ+jiI=,S5yiaZZluybij08Cv+ZTJWRRPsI=
-23,-68,Z8g5gQTLfToqfW/96Jo9xZZ+jiI=,S5yiaZZluybij08Cv+ZTJWRRPsI=
-22,-69,Z8g5gQTLfToqfW/96Jo9xZZ+jiI=,IamH9zlZYmOT83qRlSc1+xGj60A=
-17,-71,Z8g5gQTLfToqfW/96Jo9xZZ+jiI=,0bRSNtvBvX2b+WfHP7VCFuwx6hI=
-17,-72,Z8g5gQTLfToqfW/96Jo9xZZ+jiI=,0bRSNtvBvX2b+WfHP7VCFuwx6hI=
-17,-73,Z8g5gQTLfToqfW/96Jo9xZZ+jiI=,6rbbb98ScWWtMTe8Flm0JVZShrI=
-17,-70,Z8g5gQTLfToqfW/96Jo9xZZ+jiI=,0bRSNtvBvX2b+WfHP7VCFuwx6hI=
-17,-75,Z8g5gQTLfToqfW/96Jo9xZZ+jiI=,6rbbb98ScWWtMTe8Flm0JVZShrI=
-17,-74,Z8g5gQTLfToqfW/96Jo9xZZ+jiI=,6rbbb98ScWWtMTe8Flm0JVZShrI=
-20,-69,Z8g5gQTLfToqfW/96Jo9xZZ+jiI=,0bRSNtvBvX2b+WfHP7VCFuwx6hI=
-21,-65,Z8g5gQTLfToqfW/96Jo9xZZ+jiI=,S5yiaZZluybij08Cv+ZTJWRRPsI=
-18,-67,Z8g5gQTLfToqfW/96Jo9xZZ+jiI=,S6wdZUoYZn8Zt1/8oLk/TaUfBo8=
-21,-66,Z8g5gQTLfToqfW/96Jo9xZZ+jiI=,S5yiaZZluybij08Cv+ZTJWRRPsI=
-19,-68,Z8g5gQTLfToqfW/96Jo9xZZ+jiI=,S6wdZUoYZn8Zt1/8oLk/TaUfBo8=
-19,-65,Z8g5gQTLfToqfW/96Jo9xZZ+jiI=,S6wdZUoYZn8Zt1/8oLk/TaUfBo8=
-19,-66,Z8g5gQTLfToqfW/96Jo9xZZ+jiI=,S6wdZUoYZn8Zt1/8oLk/TaUfBo8=
-21,-67,Z8g5gQTLfToqfW/96Jo9xZZ+jiI=,S5yiaZZluybij08Cv+ZTJWRRPsI=
-18,-66,Z8g5gQTLfToqfW/96Jo9xZZ+jiI=,S6wdZUoYZn8Zt1/8oLk/TaUfBo8=
-21,-68,Z8g5gQTLfToqfW/96Jo9xZZ+jiI=,S5yiaZZluybij08Cv+ZTJWRRPsI=
-18,-69,Z8g5gQTLfToqfW/96Jo9xZZ+jiI=,0bRSNtvBvX2b+WfHP7VCFuwx6hI=
-17,-66,Z8g5gQTLfToqfW/96Jo9xZZ+jiI=,S6wdZUoYZn8Zt1/8oLk/TaUfBo8=
-19,-67,Z8g5gQTLfToqfW/96Jo9xZZ+jiI=,S6wdZUoYZn8Zt1/8oLk/TaUfBo8=
-20,-66,Z8g5gQTLfToqfW/96Jo9xZZ+jiI=,S6wdZUoYZn8Zt1/8oLk/TaUfBo8=
-21,-69,Z8g5gQTLfToqfW/96Jo9xZZ+jiI=,IamH9zlZYmOT83qRlSc1+xGj60A=
-17,-69,Z8g5gQTLfToqfW/96Jo9xZZ+jiI=,0bRSNtvBvX2b+WfHP7VCFuwx6hI=
-19,-69,Z8g5gQTLfToqfW/96Jo9xZZ+jiI=,0bRSNtvBvX2b+WfHP7VCFuwx6hI=
-20,-68,Z8g5gQTLfToqfW/96Jo9xZZ+jiI=,S6wdZUoYZn8Zt1/8oLk/TaUfBo8=
-17,-68,Z8g5gQTLfToqfW/96Jo9xZZ+jiI=,S6wdZUoYZn8Zt1/8oLk/TaUfBo8=
-18,-68,Z8g5gQTLfToqfW/96Jo9xZZ+jiI=,S6wdZUoYZn8Zt1/8oLk/TaUfBo8=
-20,-67,Z8g5gQTLfToqfW/96Jo9xZZ+jiI=,S6wdZUoYZn8Zt1/8oLk/TaUfBo8=
-18,-65,Z8g5gQTLfToqfW/96Jo9xZZ+jiI=,S6wdZUoYZn8Zt1/8oLk/TaUfBo8=
-17,-67,Z8g5gQTLfToqfW/96Jo9xZZ+jiI=,S6wdZUoYZn8Zt1/8oLk/TaUfBo8=
-20,-65,Z8g5gQTLfToqfW/96Jo9xZZ+jiI=,S6wdZUoYZn8Zt1/8oLk/TaUfBo8=
-22,-76,Z8g5gQTLfToqfW/96Jo9xZZ+jiI=,D52VsmirIxH1JzJ3KGcmCFfYZMw=
-24,-75,VUJKg3dp8A8E3s0dVSsT2PxN3Hw=,D52VsmirIxH1JzJ3KGcmCFfYZMw=
-23,-76,VUJKg3dp8A8E3s0dVSsT2PxN3Hw=,D52VsmirIxH1JzJ3KGcmCFfYZMw=
-24,-74,VUJKg3dp8A8E3s0dVSsT2PxN3Hw=,D52VsmirIxH1JzJ3KGcmCFfYZMw=
-24,-76,VUJKg3dp8A8E3s0dVSsT2PxN3Hw=,D52VsmirIxH1JzJ3KGcmCFfYZMw=
-24,-69,VUJKg3dp8A8E3s0dVSsT2PxN3Hw=,IamH9zlZYmOT83qRlSc1+xGj60A=
-24,-71,VUJKg3dp8A8E3s0dVSsT2PxN3Hw=,IamH9zlZYmOT83qRlSc1+xGj60A=
-24,-68,VUJKg3dp8A8E3s0dVSsT2PxN3Hw=,S5yiaZZluybij08Cv+ZTJWRRPsI=
-24,-70,VUJKg3dp8A8E3s0dVSsT2PxN3Hw=,IamH9zlZYmOT83qRlSc1+xGj60A=
-24,-73,VUJKg3dp8A8E3s0dVSsT2PxN3Hw=,D52VsmirIxH1JzJ3KGcmCFfYZMw=
-24,-72,VUJKg3dp8A8E3s0dVSsT2PxN3Hw=,IamH9zlZYmOT83qRlSc1+xGj60A=
-20,-79,VUJKg3dp8A8E3s0dVSsT2PxN3Hw=,frIIbQvTC350hI/JZmvcBpeVfEk=
-20,-77,VUJKg3dp8A8E3s0dVSsT2PxN3Hw=,frIIbQvTC350hI/JZmvcBpeVfEk=
-21,-76,VUJKg3dp8A8E3s0dVSsT2PxN3Hw=,D52VsmirIxH1JzJ3KGcmCFfYZMw=
-17,-77,VUJKg3dp8A8E3s0dVSsT2PxN3Hw=,frIIbQvTC350hI/JZmvcBpeVfEk=
-19,-79,VUJKg3dp8A8E3s0dVSsT2PxN3Hw=,frIIbQvTC350hI/JZmvcBpeVfEk=
-18,-79,VUJKg3dp8A8E3s0dVSsT2PxN3Hw=,frIIbQvTC350hI/JZmvcBpeVfEk=
-20,-76,VUJKg3dp8A8E3s0dVSsT2PxN3Hw=,6rbbb98ScWWtMTe8Flm0JVZShrI=
-19,-80,VUJKg3dp8A8E3s0dVSsT2PxN3Hw=,frIIbQvTC350hI/JZmvcBpeVfEk=
-17,-78,VUJKg3dp8A8E3s0dVSsT2PxN3Hw=,frIIbQvTC350hI/JZmvcBpeVfEk=
-19,-77,VUJKg3dp8A8E3s0dVSsT2PxN3Hw=,frIIbQvTC350hI/JZmvcBpeVfEk=
-19,-76,VUJKg3dp8A8E3s0dVSsT2PxN3Hw=,6rbbb98ScWWtMTe8Flm0JVZShrI=
-20,-80,VUJKg3dp8A8E3s0dVSsT2PxN3Hw=,frIIbQvTC350hI/JZmvcBpeVfEk=
-18,-76,VUJKg3dp8A8E3s0dVSsT2PxN3Hw=,6rbbb98ScWWtMTe8Flm0JVZShrI=
-19,-78,VUJKg3dp8A8E3s0dVSsT2PxN3Hw=,frIIbQvTC350hI/JZmvcBpeVfEk=
-18,-78,VUJKg3dp8A8E3s0dVSsT2PxN3Hw=,frIIbQvTC350hI/JZmvcBpeVfEk=
-20,-78,VUJKg3dp8A8E3s0dVSsT2PxN3Hw=,frIIbQvTC350hI/JZmvcBpeVfEk=
-17,-79,VUJKg3dp8A8E3s0dVSsT2PxN3Hw=,frIIbQvTC350hI/JZmvcBpeVfEk=
-18,-77,VUJKg3dp8A8E3s0dVSsT2PxN3Hw=,frIIbQvTC350hI/JZmvcBpeVfEk=
-17,-80,VUJKg3dp8A8E3s0dVSsT2PxN3Hw=,frIIbQvTC350hI/JZmvcBpeVfEk=
-18,-80,VUJKg3dp8A8E3s0dVSsT2PxN3Hw=,frIIbQvTC350hI/JZmvcBpeVfEk=
-17,-76,VUJKg3dp8A8E3s0dVSsT2PxN3Hw=,6rbbb98ScWWtMTe8Flm0JVZShrI=
-24,-65,VUJKg3dp8A8E3s0dVSsT2PxN3Hw=,S5yiaZZluybij08Cv+ZTJWRRPsI=
-17,-65,VUJKg3dp8A8E3s0dVSsT2PxN3Hw=,S6wdZUoYZn8Zt1/8oLk/TaUfBo8=
