10,37,/LDgBPkixNqgaCShNQiZWv7w1n4=,Uyr1y3Q68vyJWX7FoEWGXPAYQk8=
9,38,KPHaTA5oNQ0/F/nOG5qbGyJADlI=,Uyr1y3Q68vyJWX7FoEWGXPAYQk8=
10,38,KPHaTA5oNQ0/F/nOG5qbGyJADlI=,Uyr1y3Q68vyJWX7FoEWGXPAYQk8=
14,34,KPHaTA5oNQ0/F/nOG5qbGyJADlI=,VFLW5ukozR6iJD/pvRzwLEwMbsg=
13,34,KPHaTA5oNQ0/F/nOG5qbGyJADlI=,VFLW5ukozR6iJD/pvRzwLEwMbsg=
14,33,KPHaTA5oNQ0/F/nOG5qbGyJADlI=,VFLW5ukozR6iJD/pvRzwLEwMbsg=
9,37,KPHaTA5oNQ0/F/nOG5qbGyJADlI=,Uyr1y3Q68vyJWX7FoEWGXPAYQk8=
13,33,KPHaTA5oNQ0/F/nOG5qbGyJADlI=,VFLW5ukozR6iJD/pvRzwLEwMbsg=
9,35,KPHaTA5oNQ0/F/nOG5qbGyJADlI=,vJemK+xBbSLjzJSiG/YQ0nlq64w=
10,35,KPHaTA5oNQ0/F/nOG5qbGyJADlI=,vJemK+xBbSLjzJSiG/YQ0nlq64w=
10,34,KPHaTA5oNQ0/F/nOG5qbGyJADlI=,vJemK+xBbSLjzJSiG/YQ0nlq64w=
9,36,KPHaTA5oNQ0/F/nOG5qbGyJADlI=,Uyr1y3Q68vyJWX7FoEWGXPAYQk8=
11,34,KPHaTA5oNQ0/F/nOG5qbGyJADlI=,vJemK+xBbSLjzJSiG/YQ0nlq64w=
12,34,KPHaTA5oNQ0/F/nOG5qbGyJADlI=,VFLW5ukozR6iJD/pvRzwLEwMbsg=
13,37,KPHaTA5oNQ0/F/nOG5qbGyJADlI=,CYt+x7R9g5QximUvHwzMI+9+uTo=
13,38,KPHaTA5oNQ0/F/nOG5qbGyJADlI=,CYt+x7R9g5QximUvHwzMI+9+uTo=
9,33,KPHaTA5oNQ0/F/nOG5qbGyJADlI=,vJemK+xBbSLjzJSiG/YQ0nlq64w=
12,33,KPHaTA5oNQ0/F/nOG5qbGyJADlI=,VFLW5ukozR6iJD/pvRzwLEwMbsg=
11,38,KPHaTA5oNQ0/F/nOG5qbGyJADlI=,Uyr1y3Q68vyJWX7FoEWGXPAYQk8=
11,35,KPHaTA5oNQ0/F/nOG5qbGyJADlI=,vJemK+xBbSLjzJSiG/YQ0nlq64w=
12,38,KPHaTA5oNQ0/F/nOG5qbGyJADlI=,CYt+x7R9g5QximUvHwzMI+9+uTo=
9,34,KPHaTA5oNQ0/F/nOG5qbGyJADlI=,vJemK+xBbSLjzJSiG/YQ0nlq64w=
12,35,KPHaTA5oNQ0/F/nOG5qbGyJADlI=,VFLW5ukozR6iJD/pvRzwLEwMbsg=
14,38,KPHaTA5oNQ0/F/nOG5qbGyJADlI=,CYt+x7R9g5QximUvHwzMI+9+uTo=
14,37,KPHaTA5oNQ0/F/nOG5qbGyJADlI=,CYt+x7R9g5QximUvHwzMI+9+uTo=
11,36,KPHaTA5oNQ0/F/nOG5qbGyJADlI=,Uyr1y3Q68vyJWX7FoEWGXPAYQk8=
14,36,KPHaTA5oNQ0/F/nOG5qbGyJADlI=,CYt+x7R9g5QximUvHwzMI+9+uTo=
10,33,KPHaTA5oNQ0/F/nOG5qbGyJADlI=,vJemK+xBbSLjzJSiG/YQ0nlq64w=
11,37,KPHaTA5oNQ0/F/nOG5qbGyJADlI=,Uyr1y3Q68vyJWX7FoEWGXPAYQk8=
13,36,KPHaTA5oNQ0/F/nOG5qbGyJADlI=,CYt+x7R9g5QximUvHwzMI+9+uTo=
12,36,KPHaTA5oNQ0/F/nOG5qbGyJADlI=,CYt+x7R9g5QximUvHwzMI+9+uTo=
14,35,KPHaTA5oNQ0/F/nOG5qbGyJADlI=,VFLW5ukozR6iJD/pvRzwLEwMbsg=
13,35,KPHaTA5oNQ0/F/nOG5qbGyJADlI=,VFLW5ukozR6iJD/pvRzwLEwMbsg=
10,36,KPHaTA5oNQ0/F/nOG5qbGyJADlI=,Uyr1y3Q68vyJWX7FoEWGXPAYQk8=
11,33,KPHaTA5oNQ0/F/nOG5qbGyJADlI=,vJemK+xBbSLjzJSiG/YQ0nlq64w=
12,37,KPHaTA5oNQ0/F/nOG5qbGyJADlI=,CYt+x7R9g5QximUvHwzMI+9+uTo=
2,42,pA7kAEBxLnO8YQoHJOxnLmIEvaM=,+Txfsu2MyWHKJbOJxNaJYhhaSaM=
1,42,pA7kAEBxLnO8YQoHJOxnLmIEvaM=,+Txfsu2MyWHKJbOJxNaJYhhaSaM=
1,41,pA7kAEBxLnO8YQoHJOxnLmIEvaM=,+Txfsu2MyWHKJbOJxNaJYhhaSaM=
2,41,pA7kAEBxLnO8YQoHJOxnLmIEvaM=,+Txfsu2MyWHKJbOJxNaJYhhaSaM=
3,41,pA7kAEBxLnO8YQoHJOxnLmIEvaM=,+Txfsu2MyWHKJbOJxNaJYhhaSaM=
3,42,pA7kAEBxLnO8YQoHJOxnLmIEvaM=,+Txfsu2MyWHKJbOJxNaJYhhaSaM=
4,41,pA7kAEBxLnO8YQoHJOxnLmIEvaM=,G+XBCMWbspmp6fM36m2Em48PNcM=
5,42,pA7kAEBxLnO8YQoHJOxnLmIEvaM=,G+XBCMWbspmp6fM36m2Em48PNcM=
6,41,pA7kAEBxLnO8YQoHJOxnLmIEvaM=,G+XBCMWbspmp6fM36m2Em48PNcM=
4,42,pA7kAEBxLnO8YQoHJOxnLmIEvaM=,G+XBCMWbspmp6fM36m2Em48PNcM=
5,41,pA7kAEBxLnO8YQoHJOxnLmIEvaM=,G+XBCMWbspmp6fM36m2Em48PNcM=
13,39,pA7kAEBxLnO8YQoHJOxnLmIEvaM=,CYt+x7R9g5QximUvHwzMI+9+uTo=
13,41,pA7kAEBxLnO8YQoHJOxnLmIEvaM=,GUw9OIVbyCWyx5yI64tDMwvswcQ=
14,42,pA7kAEBxLnO8YQoHJOxnLmIEvaM=,GUw9OIVbyCWyx5yI64tDMwvswcQ=
13,42,pA7kAEBxLnO8YQoHJOxnLmIEvaM=,GUw9OIVbyCWyx5yI64tDMwvswcQ=
14,41,pA7kAEBxLnO8YQoHJOxnLmIEvaM=,GUw9OIVbyCWyx5yI64tDMwvswcQ=
14,40,pA7kAEBxLnO8YQoHJOxnLmIEvaM=,GUw9OIVbyCWyx5yI64tDMwvswcQ=
13,40,pA7kAEBxLnO8YQoHJOxnLmIEvaM=,GUw9OIVbyCWyx5yI64tDMwvswcQ=
6,42,pA7kAEBxLnO8YQoHJOxnLmIEvaM=,G+XBCMWbspmp6fM36m2Em48PNcM=
14,39,pA7kAEBxLnO8YQoHJOxnLmIEvaM=,CYt+x7R9g5QximUvHwzMI+9+uTo=
8,42,pA7kAEBxLnO8YQoHJOxnLmIEvaM=,k0NpogJLtl02G0F5BZJwbroTzq8=
9,42,pA7kAEBxLnO8YQoHJOxnLmIEvaM=,k0NpogJLtl02G0F5BZJwbroTzq8=
11,40,pA7kAEBxLnO8YQoHJOxnLmIEvaM=,k0NpogJLtl02G0F5BZJwbroTzq8=
7,41,pA7kAEBxLnO8YQoHJOxnLmIEvaM=,G+XBCMWbspmp6fM36m2Em48PNcM=
10,40,pA7kAEBxLnO8YQoHJOxnLmIEvaM=,k0NpogJLtl02G0F5BZJwbroTzq8=
12,41,pA7kAEBxLnO8YQoHJOxnLmIEvaM=,GUw9OIVbyCWyx5yI64tDMwvswcQ=
10,41,pA7kAEBxLnO8YQoHJOxnLmIEvaM=,k0NpogJLtl02G0F5BZJwbroTzq8=
9,41,pA7kAEBxLnO8YQoHJOxnLmIEvaM=,k0NpogJLtl02G0F5BZJwbroTzq8=
7,42,pA7kAEBxLnO8YQoHJOxnLmIEvaM=,G+XBCMWbspmp6fM36m2Em48PNcM=
11,39,pA7kAEBxLnO8YQoHJOxnLmIEvaM=,Uyr1y3Q68vyJWX7FoEWGXPAYQk8=
9,39,pA7kAEBxLnO8YQoHJOxnLmIEvaM=,Uyr1y3Q68vyJWX7FoEWGXPAYQk8=
12,39,pA7kAEBxLnO8YQoHJOxnLmIEvaM=,CYt+x7R9g5QximUvHwzMI+9+uTo=
10,39,pA7kAEBxLnO8YQoHJOxnLmIEvaM=,Uyr1y3Q68vyJWX7FoEWGXPAYQk8=
12,42,pA7kAEBxLnO8YQoHJOxnLmIEvaM=,GUw9OIVbyCWyx5yI64tDMwvswcQ=
12,40,pA7kAEBxLnO8YQoHJOxnLmIEvaM=,GUw9OIVbyCWyx5yI64tDMwvswcQ=
8,41,pA7kAEBxLnO8YQoHJOxnLmIEvaM=,k0NpogJLtl02G0F5BZJwbroTzq8=
11,41,pA7kAEBxLnO8YQoHJOxnLmIEvaM=,k0NpogJLtl02G0F5BZJwbroTzq8=
10,42,pA7kAEBxLnO8YQoHJOxnLmIEvaM=,k0NpogJLtl02G0F5BZJwbroTzq8=
9,40,pA7kAEBxLnO8YQoHJOxnLmIEvaM=,k0NpogJLtl02G0F5BZJwbroTzq8=
11,42,pA7kAEBxLnO8YQoHJOxnLmIEvaM=,k0NpogJLtl02G0F5BZJwbroTzq8=
1,43,VjFHsf9bRO6HiiXBzsI0dqP5Iiw=,+Txfsu2MyWHKJbOJxNaJYhhaSaM=
2,43,g4ND532cznurpuosgpUIWp6nPYE=,+Txfsu2MyWHKJbOJxNaJYhhaSaM=
2,44,MyjBcJUrDKyx3/84ks2yrpZR7bg=,jmj01wkfxtxaafacNq8IYvkIlL0=
1,44,MyjBcJUrDKyx3/84ks2yrpZR7bg=,jmj01wkfxtxaafacNq8IYvkIlL0=
1,46,MyjBcJUrDKyx3/84ks2yrpZR7bg=,jmj01wkfxtxaafacNq8IYvkIlL0=
2,45,MyjBcJUrDKyx3/84ks2yrpZR7bg=,jmj01wkfxtxaafacNq8IYvkIlL0=
2,46,MyjBcJUrDKyx3/84ks2yrpZR7bg=,jmj01wkfxtxaafacNq8IYvkIlL0=
1,45,MyjBcJUrDKyx3/84ks2yrpZR7bg=,jmj01wkfxtxaafacNq8IYvkIlL0=
3,44,MyjBcJUrDKyx3/84ks2yrpZR7bg=,jmj01wkfxtxaafacNq8IYvkIlL0=
6,46,MyjBcJUrDKyx3/84ks2yrpZR7bg=,2qnU+AI63DP6ZnCLDN68NZ0zQEU=
5,46,MyjBcJUrDKyx3/84ks2yrpZR7bg=,2qnU+AI63DP6ZnCLDN68NZ0zQEU=
4,44,MyjBcJUrDKyx3/84ks2yrpZR7bg=,2qnU+AI63DP6ZnCLDN68NZ0zQEU=
3,43,MyjBcJUrDKyx3/84ks2yrpZR7bg=,+Txfsu2MyWHKJbOJxNaJYhhaSaM=
4,46,MyjBcJUrDKyx3/84ks2yrpZR7bg=,2qnU+AI63DP6ZnCLDN68NZ0zQEU=
3,46,MyjBcJUrDKyx3/84ks2yrpZR7bg=,jmj01wkfxtxaafacNq8IYvkIlL0=
3,45,MyjBcJUrDKyx3/84ks2yrpZR7bg=,jmj01wkfxtxaafacNq8IYvkIlL0=
6,45,MyjBcJUrDKyx3/84ks2yrpZR7bg=,2qnU+AI63DP6ZnCLDN68NZ0zQEU=
6,43,MyjBcJUrDKyx3/84ks2yrpZR7bg=,G+XBCMWbspmp6fM36m2Em48PNcM=
4,43,MyjBcJUrDKyx3/84ks2yrpZR7bg=,G+XBCMWbspmp6fM36m2Em48PNcM=
5,45,MyjBcJUrDKyx3/84ks2yrpZR7bg=,2qnU+AI63DP6ZnCLDN68NZ0zQEU=
5,43,MyjBcJUrDKyx3/84ks2yrpZR7bg=,G+XBCMWbspmp6fM36m2Em48PNcM=
6,44,MyjBcJUrDKyx3/84ks2yrpZR7bg=,2qnU+AI63DP6ZnCLDN68NZ0zQEU=
5,44,MyjBcJUrDKyx3/84ks2yrpZR7bg=,2qnU+AI63DP6ZnCLDN68NZ0zQEU=
7,43,MyjBcJUrDKyx3/84ks2yrpZR7bg=,G+XBCMWbspmp6fM36m2Em48PNcM=
8,44,MyjBcJUrDKyx3/84ks2yrpZR7bg=,q5cZxNtMXhqs3m237tPixDoiBS4=
7,45,MyjBcJUrDKyx3/84ks2yrpZR7bg=,2qnU+AI63DP6ZnCLDN68NZ0zQEU=
10,43,MyjBcJUrDKyx3/84ks2yrpZR7bg=,k0NpogJLtl02G0F5BZJwbroTzq8=
9,43,MyjBcJUrDKyx3/84ks2yrpZR7bg=,k0NpogJLtl02G0F5BZJwbroTzq8=
8,43,MyjBcJUrDKyx3/84ks2yrpZR7bg=,k0NpogJLtl02G0F5BZJwbroTzq8=
10,46,MyjBcJUrDKyx3/84ks2yrpZR7bg=,q5cZxNtMXhqs3m237tPixDoiBS4=
9,44,MyjBcJUrDKyx3/84ks2yrpZR7bg=,q5cZxNtMXhqs3m237tPixDoiBS4=
9,46,MyjBcJUrDKyx3/84ks2yrpZR7bg=,q5cZxNtMXhqs3m237tPixDoiBS4=
9,45,MyjBcJUrDKyx3/84ks2yrpZR7bg=,q5cZxNtMXhqs3m237tPixDoiBS4=
7,44,MyjBcJUrDKyx3/84ks2yrpZR7bg=,2qnU+AI63DP6ZnCLDN68NZ0zQEU=
8,46,MyjBcJUrDKyx3/84ks2yrpZR7bg=,q5cZxNtMXhqs3m237tPixDoiBS4=
10,45,MyjBcJUrDKyx3/84ks2yrpZR7bg=,q5cZxNtMXhqs3m237tPixDoiBS4=
8,45,MyjBcJUrDKyx3/84ks2yrpZR7bg=,q5cZxNtMXhqs3m237tPixDoiBS4=
7,46,MyjBcJUrDKyx3/84ks2yrpZR7bg=,2qnU+AI63DP6ZnCLDN68NZ0zQEU=
4,45,MyjBcJUrDKyx3/84ks2yrpZR7bg=,2qnU+AI63DP6ZnCLDN68NZ0zQEU=
10,44,MyjBcJUrDKyx3/84ks2yrpZR7bg=,q5cZxNtMXhqs3m237tPixDoiBS4=
12,45,MyjBcJUrDKyx3/84ks2yrpZR7bg=,JOidiCwqgAebUFvqZBhJwXWG/2I=
13,45,MyjBcJUrDKyx3/84ks2yrpZR7bg=,JOidiCwqgAebUFvqZBhJwXWG/2I=
14,44,MyjBcJUrDKyx3/84ks2yrpZR7bg=,JOidiCwqgAebUFvqZBhJwXWG/2I=
11,45,MyjBcJUrDKyx3/84ks2yrpZR7bg=,q5cZxNtMXhqs3m237tPixDoiBS4=
13,43,MyjBcJUrDKyx3/84ks2yrpZR7bg=,GUw9OIVbyCWyx5yI64tDMwvswcQ=
12,43,MyjBcJUrDKyx3/84ks2yrpZR7bg=,GUw9OIVbyCWyx5yI64tDMwvswcQ=
12,44,MyjBcJUrDKyx3/84ks2yrpZR7bg=,JOidiCwqgAebUFvqZBhJwXWG/2I=
13,46,MyjBcJUrDKyx3/84ks2yrpZR7bg=,JOidiCwqgAebUFvqZBhJwXWG/2I=
13,44,MyjBcJUrDKyx3/84ks2yrpZR7bg=,JOidiCwqgAebUFvqZBhJwXWG/2I=
11,43,MyjBcJUrDKyx3/84ks2yrpZR7bg=,k0NpogJLtl02G0F5BZJwbroTzq8=
11,44,MyjBcJUrDKyx3/84ks2yrpZR7bg=,q5cZxNtMXhqs3m237tPixDoiBS4=
14,43,MyjBcJUrDKyx3/84ks2yrpZR7bg=,GUw9OIVbyCWyx5yI64tDMwvswcQ=
11,46,MyjBcJUrDKyx3/84ks2yrpZR7bg=,q5cZxNtMXhqs3m237tPixDoiBS4=
14,45,MyjBcJUrDKyx3/84ks2yrpZR7bg=,JOidiCwqgAebUFvqZBhJwXWG/2I=
12,46,MyjBcJUrDKyx3/84ks2yrpZR7bg=,JOidiCwqgAebUFvqZBhJwXWG/2I=
14,46,MyjBcJUrDKyx3/84ks2yrpZR7bg=,JOidiCwqgAebUFvqZBhJwXWG/2I=
5,47,2LhjUnZhc/uT/6fxgVf5+LL72J4=,2qnU+AI63DP6ZnCLDN68NZ0zQEU=
6,47,2LhjUnZhc/uT/6fxgVf5+LL72J4=,2qnU+AI63DP6ZnCLDN68NZ0zQEU=
3,47,2LhjUnZhc/uT/6fxgVf5+LL72J4=,jmj01wkfxtxaafacNq8IYvkIlL0=
2,47,2LhjUnZhc/uT/6fxgVf5+LL72J4=,jmj01wkfxtxaafacNq8IYvkIlL0=
4,47,2LhjUnZhc/uT/6fxgVf5+LL72J4=,2qnU+AI63DP6ZnCLDN68NZ0zQEU=
1,47,2LhjUnZhc/uT/6fxgVf5+LL72J4=,jmj01wkfxtxaafacNq8IYvkIlL0=
7,47,2LhjUnZhc/uT/6fxgVf5+LL72J4=,2qnU+AI63DP6ZnCLDN68NZ0zQEU=
10,47,2LhjUnZhc/uT/6fxgVf5+LL72J4=,q5cZxNtMXhqs3m237tPixDoiBS4=
9,47,2LhjUnZhc/uT/6fxgVf5+LL72J4=,q5cZxNtMXhqs3m237tPixDoiBS4=
11,47,2LhjUnZhc/uT/6fxgVf5+LL72J4=,q5cZxNtMXhqs3m237tPixDoiBS4=
12,47,2LhjUnZhc/uT/6fxgVf5+LL72J4=,JOidiCwqgAebUFvqZBhJwXWG/2I=
14,47,2LhjUnZhc/uT/6fxgVf5+LL72J4=,JOidiCwqgAebUFvqZBhJwXWG/2I=
8,47,2LhjUnZhc/uT/6fxgVf5+LL72J4=,q5cZxNtMXhqs3m237tPixDoiBS4=
13,47,2LhjUnZhc/uT/6fxgVf5+LL72J4=,JOidiCwqgAebUFvqZBhJwXWG/2I=
15,34,O0uTJQ92hABF4TT1IZDpWAhEEBo=,VFLW5ukozR6iJD/pvRzwLEwMbsg=
15,33,O0uTJQ92hABF4TT1IZDpWAhEEBo=,VFLW5ukozR6iJD/pvRzwLEwMbsg=
15,45,O0uTJQ92hABF4TT1IZDpWAhEEBo=,JOidiCwqgAebUFvqZBhJwXWG/2I=
15,35,O0uTJQ92hABF4TT1IZDpWAhEEBo=,VFLW5ukozR6iJD/pvRzwLEwMbsg=
15,46,O0uTJQ92hABF4TT1IZDpWAhEEBo=,JOidiCwqgAebUFvqZBhJwXWG/2I=
15,36,O0uTJQ92hABF4TT1IZDpWAhEEBo=,CYt+x7R9g5QximUvHwzMI+9+uTo=
15,38,O0uTJQ92hABF4TT1IZDpWAhEEBo=,CYt+x7R9g5QximUvHwzMI+9+uTo=
15,37,O0uTJQ92hABF4TT1IZDpWAhEEBo=,CYt+x7R9g5QximUvHwzMI+9+uTo=
15,41,O0uTJQ92hABF4TT1IZDpWAhEEBo=,GUw9OIVbyCWyx5yI64tDMwvswcQ=
15,43,O0uTJQ92hABF4TT1IZDpWAhEEBo=,GUw9OIVbyCWyx5yI64tDMwvswcQ=
15,40,O0uTJQ92hABF4TT1IZDpWAhEEBo=,GUw9OIVbyCWyx5yI64tDMwvswcQ=
15,42,O0uTJQ92hABF4TT1IZDpWAhEEBo=,GUw9OIVbyCWyx5yI64tDMwvswcQ=
15,44,O0uTJQ92hABF4TT1IZDpWAhEEBo=,JOidiCwqgAebUFvqZBhJwXWG/2I=
15,39,O0uTJQ92hABF4TT1IZDpWAhEEBo=,CYt+x7R9g5QximUvHwzMI+9+uTo=
13,32,jljQxoTiOU1b5gAEcLNbe56MECw=,VFLW5ukozR6iJD/pvRzwLEwMbsg=
14,32,jljQxoTiOU1b5gAEcLNbe56MECw=,VFLW5ukozR6iJD/pvRzwLEwMbsg=
12,32,5qs4guFyBMFIRvbfo4F3cDDkFbA=,VFLW5ukozR6iJD/pvRzwLEwMbsg=
9,32,UwW5DBeZv/hGfKYfhg85lnFtun4=,vJemK+xBbSLjzJSiG/YQ0nlq64w=
10,32,UwW5DBeZv/hGfKYfhg85lnFtun4=,vJemK+xBbSLjzJSiG/YQ0nlq64w=
11,32,UwW5DBeZv/hGfKYfhg85lnFtun4=,vJemK+xBbSLjzJSiG/YQ0nlq64w=
6,33,UwW5DBeZv/hGfKYfhg85lnFtun4=,FGixBcOsVpOjFcKMQLvG7JjdxOI=
7,33,UwW5DBeZv/hGfKYfhg85lnFtun4=,FGixBcOsVpOjFcKMQLvG7JjdxOI=
8,33,UrpghWYr1OVMfi3ZJeb1iqVOB40=,vJemK+xBbSLjzJSiG/YQ0nlq64w=
6,34,UrpghWYr1OVMfi3ZJeb1iqVOB40=,FGixBcOsVpOjFcKMQLvG7JjdxOI=
5,34,UrpghWYr1OVMfi3ZJeb1iqVOB40=,FGixBcOsVpOjFcKMQLvG7JjdxOI=
7,34,UrpghWYr1OVMfi3ZJeb1iqVOB40=,FGixBcOsVpOjFcKMQLvG7JjdxOI=
7,40,UrpghWYr1OVMfi3ZJeb1iqVOB40=,G+XBCMWbspmp6fM36m2Em48PNcM=
5,33,UrpghWYr1OVMfi3ZJeb1iqVOB40=,FGixBcOsVpOjFcKMQLvG7JjdxOI=
6,39,UrpghWYr1OVMfi3ZJeb1iqVOB40=,aGnweM8LF1AolyHK9eU9kEEfmCM=
8,34,UrpghWYr1OVMfi3ZJeb1iqVOB40=,vJemK+xBbSLjzJSiG/YQ0nlq64w=
6,40,UrpghWYr1OVMfi3ZJeb1iqVOB40=,G+XBCMWbspmp6fM36m2Em48PNcM=
6,38,UrpghWYr1OVMfi3ZJeb1iqVOB40=,aGnweM8LF1AolyHK9eU9kEEfmCM=
7,39,UrpghWYr1OVMfi3ZJeb1iqVOB40=,aGnweM8LF1AolyHK9eU9kEEfmCM=
8,36,UrpghWYr1OVMfi3ZJeb1iqVOB40=,Uyr1y3Q68vyJWX7FoEWGXPAYQk8=
5,38,UrpghWYr1OVMfi3ZJeb1iqVOB40=,aGnweM8LF1AolyHK9eU9kEEfmCM=
7,36,UrpghWYr1OVMfi3ZJeb1iqVOB40=,aGnweM8LF1AolyHK9eU9kEEfmCM=
5,40,UrpghWYr1OVMfi3ZJeb1iqVOB40=,G+XBCMWbspmp6fM36m2Em48PNcM=
5,37,UrpghWYr1OVMfi3ZJeb1iqVOB40=,aGnweM8LF1AolyHK9eU9kEEfmCM=
5,36,UrpghWYr1OVMfi3ZJeb1iqVOB40=,aGnweM8LF1AolyHK9eU9kEEfmCM=
8,39,UrpghWYr1OVMfi3ZJeb1iqVOB40=,Uyr1y3Q68vyJWX7FoEWGXPAYQk8=
7,35,UrpghWYr1OVMfi3ZJeb1iqVOB40=,FGixBcOsVpOjFcKMQLvG7JjdxOI=
8,35,UrpghWYr1OVMfi3ZJeb1iqVOB40=,vJemK+xBbSLjzJSiG/YQ0nlq64w=
5,35,UrpghWYr1OVMfi3ZJeb1iqVOB40=,FGixBcOsVpOjFcKMQLvG7JjdxOI=
6,36,UrpghWYr1OVMfi3ZJeb1iqVOB40=,aGnweM8LF1AolyHK9eU9kEEfmCM=
7,37,UrpghWYr1OVMfi3ZJeb1iqVOB40=,aGnweM8LF1AolyHK9eU9kEEfmCM=
6,35,UrpghWYr1OVMfi3ZJeb1iqVOB40=,FGixBcOsVpOjFcKMQLvG7JjdxOI=
6,37,UrpghWYr1OVMfi3ZJeb1iqVOB40=,aGnweM8LF1AolyHK9eU9kEEfmCM=
7,38,UrpghWYr1OVMfi3ZJeb1iqVOB40=,aGnweM8LF1AolyHK9eU9kEEfmCM=
8,40,UrpghWYr1OVMfi3ZJeb1iqVOB40=,k0NpogJLtl02G0F5BZJwbroTzq8=
5,39,UrpghWYr1OVMfi3ZJeb1iqVOB40=,aGnweM8LF1AolyHK9eU9kEEfmCM=
8,38,UrpghWYr1OVMfi3ZJeb1iqVOB40=,Uyr1y3Q68vyJWX7FoEWGXPAYQk8=
8,37,UrpghWYr1OVMfi3ZJeb1iqVOB40=,Uyr1y3Q68vyJWX7FoEWGXPAYQk8=
4,40,UrpghWYr1OVMfi3ZJeb1iqVOB40=,G+XBCMWbspmp6fM36m2Em48PNcM=
3,38,UrpghWYr1OVMfi3ZJeb1iqVOB40=,G7od0Nh6B+ZtoWp8w/FGrjLbQwU=
4,38,UrpghWYr1OVMfi3ZJeb1iqVOB40=,aGnweM8LF1AolyHK9eU9kEEfmCM=
3,37,UrpghWYr1OVMfi3ZJeb1iqVOB40=,G7od0Nh6B+ZtoWp8w/FGrjLbQwU=
3,39,UrpghWYr1OVMfi3ZJeb1iqVOB40=,G7od0Nh6B+ZtoWp8w/FGrjLbQwU=
1,38,UrpghWYr1OVMfi3ZJeb1iqVOB40=,G7od0Nh6B+ZtoWp8w/FGrjLbQwU=
4,39,UrpghWYr1OVMfi3ZJeb1iqVOB40=,aGnweM8LF1AolyHK9eU9kEEfmCM=
2,40,UrpghWYr1OVMfi3ZJeb1iqVOB40=,+Txfsu2MyWHKJbOJxNaJYhhaSaM=
4,37,UrpghWYr1OVMfi3ZJeb1iqVOB40=,aGnweM8LF1AolyHK9eU9kEEfmCM=
2,39,UrpghWYr1OVMfi3ZJeb1iqVOB40=,G7od0Nh6B+ZtoWp8w/FGrjLbQwU=
3,40,UrpghWYr1OVMfi3ZJeb1iqVOB40=,+Txfsu2MyWHKJbOJxNaJYhhaSaM=
1,37,UrpghWYr1OVMfi3ZJeb1iqVOB40=,G7od0Nh6B+ZtoWp8w/FGrjLbQwU=
1,39,UrpghWYr1OVMfi3ZJeb1iqVOB40=,G7od0Nh6B+ZtoWp8w/FGrjLbQwU=
1,40,UrpghWYr1OVMfi3ZJeb1iqVOB40=,+Txfsu2MyWHKJbOJxNaJYhhaSaM=
2,38,UrpghWYr1OVMfi3ZJeb1iqVOB40=,G7od0Nh6B+ZtoWp8w/FGrjLbQwU=
2,37,UrpghWYr1OVMfi3ZJeb1iqVOB40=,G7od0Nh6B+ZtoWp8w/FGrjLbQwU=
4,33,BQEjhnDtsk/DgHBlZy1iB8zcbdw=,FGixBcOsVpOjFcKMQLvG7JjdxOI=
1,33,BQEjhnDtsk/DgHBlZy1iB8zcbdw=,fkYJ8i5mMcR2swObH0tkmtmdfxc=
2,34,BQEjhnDtsk/DgHBlZy1iB8zcbdw=,fkYJ8i5mMcR2swObH0tkmtmdfxc=
3,33,BQEjhnDtsk/DgHBlZy1iB8zcbdw=,fkYJ8i5mMcR2swObH0tkmtmdfxc=
2,33,BQEjhnDtsk/DgHBlZy1iB8zcbdw=,fkYJ8i5mMcR2swObH0tkmtmdfxc=
4,34,BQEjhnDtsk/DgHBlZy1iB8zcbdw=,FGixBcOsVpOjFcKMQLvG7JjdxOI=
3,36,BQEjhnDtsk/DgHBlZy1iB8zcbdw=,G7od0Nh6B+ZtoWp8w/FGrjLbQwU=
2,36,BQEjhnDtsk/DgHBlZy1iB8zcbdw=,G7od0Nh6B+ZtoWp8w/FGrjLbQwU=
2,35,BQEjhnDtsk/DgHBlZy1iB8zcbdw=,fkYJ8i5mMcR2swObH0tkmtmdfxc=
4,35,BQEjhnDtsk/DgHBlZy1iB8zcbdw=,FGixBcOsVpOjFcKMQLvG7JjdxOI=
1,34,BQEjhnDtsk/DgHBlZy1iB8zcbdw=,fkYJ8i5mMcR2swObH0tkmtmdfxc=
3,34,BQEjhnDtsk/DgHBlZy1iB8zcbdw=,fkYJ8i5mMcR2swObH0tkmtmdfxc=
3,35,BQEjhnDtsk/DgHBlZy1iB8zcbdw=,fkYJ8i5mMcR2swObH0tkmtmdfxc=
4,36,BQEjhnDtsk/DgHBlZy1iB8zcbdw=,aGnweM8LF1AolyHK9eU9kEEfmCM=
1,36,BQEjhnDtsk/DgHBlZy1iB8zcbdw=,G7od0Nh6B+ZtoWp8w/FGrjLbQwU=
1,35,BQEjhnDtsk/DgHBlZy1iB8zcbdw=,fkYJ8i5mMcR2swObH0tkmtmdfxc=
0,36,BQEjhnDtsk/DgHBlZy1iB8zcbdw=,G7od0Nh6B+ZtoWp8w/FGrjLbQwU=
0,33,BQEjhnDtsk/DgHBlZy1iB8zcbdw=,fkYJ8i5mMcR2swObH0tkmtmdfxc=
0,38,BQEjhnDtsk/DgHBlZy1iB8zcbdw=,G7od0Nh6B+ZtoWp8w/FGrjLbQwU=
0,37,BQEjhnDtsk/DgHBlZy1iB8zcbdw=,G7od0Nh6B+ZtoWp8w/FGrjLbQwU=
0,35,BQEjhnDtsk/DgHBlZy1iB8zcbdw=,fkYJ8i5mMcR2swObH0tkmtmdfxc=
0,34,BQEjhnDtsk/DgHBlZy1iB8zcbdw=,fkYJ8i5mMcR2swObH0tkmtmdfxc=
0,40,BQEjhnDtsk/DgHBlZy1iB8zcbdw=,+Txfsu2MyWHKJbOJxNaJYhhaSaM=
0,39,BQEjhnDtsk/DgHBlZy1iB8zcbdw=,G7od0Nh6B+ZtoWp8w/FGrjLbQwU=
0,42,BQEjhnDtsk/DgHBlZy1iB8zcbdw=,+Txfsu2MyWHKJbOJxNaJYhhaSaM=
0,41,BQEjhnDtsk/DgHBlZy1iB8zcbdw=,+Txfsu2MyWHKJbOJxNaJYhhaSaM=
0,43,BQEjhnDtsk/DgHBlZy1iB8zcbdw=,+Txfsu2MyWHKJbOJxNaJYhhaSaM=
0,45,BQEjhnDtsk/DgHBlZy1iB8zcbdw=,jmj01wkfxtxaafacNq8IYvkIlL0=
0,46,BQEjhnDtsk/DgHBlZy1iB8zcbdw=,jmj01wkfxtxaafacNq8IYvkIlL0=
0,44,BQEjhnDtsk/DgHBlZy1iB8zcbdw=,jmj01wkfxtxaafacNq8IYvkIlL0=
0,47,BQEjhnDtsk/DgHBlZy1iB8zcbdw=,jmj01wkfxtxaafacNq8IYvkIlL0=
15,32,BQEjhnDtsk/DgHBlZy1iB8zcbdw=,VFLW5ukozR6iJD/pvRzwLEwMbsg=
8,32,BQEjhnDtsk/DgHBlZy1iB8zcbdw=,vJemK+xBbSLjzJSiG/YQ0nlq64w=
6,32,BQEjhnDtsk/DgHBlZy1iB8zcbdw=,FGixBcOsVpOjFcKMQLvG7JjdxOI=
5,32,BQEjhnDtsk/DgHBlZy1iB8zcbdw=,FGixBcOsVpOjFcKMQLvG7JjdxOI=
7,32,BQEjhnDtsk/DgHBlZy1iB8zcbdw=,FGixBcOsVpOjFcKMQLvG7JjdxOI=
4,32,BQEjhnDtsk/DgHBlZy1iB8zcbdw=,FGixBcOsVpOjFcKMQLvG7JjdxOI=
2,32,BQEjhnDtsk/DgHBlZy1iB8zcbdw=,fkYJ8i5mMcR2swObH0tkmtmdfxc=
3,32,BQEjhnDtsk/DgHBlZy1iB8zcbdw=,fkYJ8i5mMcR2swObH0tkmtmdfxc=
1,32,BQEjhnDtsk/DgHBlZy1iB8zcbdw=,fkYJ8i5mMcR2swObH0tkmtmdfxc=
15,47,BQEjhnDtsk/DgHBlZy1iB8zcbdw=,JOidiCwqgAebUFvqZBhJwXWG/2I=
0,32,BQEjhnDtsk/DgHBlZy1iB8zcbdw=,fkYJ8i5mMcR2swObH0tkmtmdfxc=
13,53,0L0Tu1W/nPqpJ47Y6e+d0CUOoCM=,bcAQQKxkSnhlXgLTm618iIdpM+4=
14,54,0L0Tu1W/nPqpJ47Y6e+d0CUOoCM=,bcAQQKxkSnhlXgLTm618iIdpM+4=
13,54,Le11I/GhbwZM/OvLJirvsekTwug=,bcAQQKxkSnhlXgLTm618iIdpM+4=
12,53,Le11I/GhbwZM/OvLJirvsekTwug=,bcAQQKxkSnhlXgLTm618iIdpM+4=
10,53,Le11I/GhbwZM/OvLJirvsekTwug=,UMyxGvS5rHJywCZWmwrLSyrSjyw=
14,53,Le11I/GhbwZM/OvLJirvsekTwug=,bcAQQKxkSnhlXgLTm618iIdpM+4=
11,53,Le11I/GhbwZM/OvLJirvsekTwug=,UMyxGvS5rHJywCZWmwrLSyrSjyw=
12,54,Le11I/GhbwZM/OvLJirvsekTwug=,bcAQQKxkSnhlXgLTm618iIdpM+4=
9,53,Le11I/GhbwZM/OvLJirvsekTwug=,UMyxGvS5rHJywCZWmwrLSyrSjyw=
9,54,Le11I/GhbwZM/OvLJirvsekTwug=,UMyxGvS5rHJywCZWmwrLSyrSjyw=
11,54,Le11I/GhbwZM/OvLJirvsekTwug=,UMyxGvS5rHJywCZWmwrLSyrSjyw=
10,54,Le11I/GhbwZM/OvLJirvsekTwug=,UMyxGvS5rHJywCZWmwrLSyrSjyw=
10,51,Le11I/GhbwZM/OvLJirvsekTwug=,K5E5umrlrmrA6VZOtBwqGiHdNzg=
10,52,Le11I/GhbwZM/OvLJirvsekTwug=,UMyxGvS5rHJywCZWmwrLSyrSjyw=
9,50,Le11I/GhbwZM/OvLJirvsekTwug=,K5E5umrlrmrA6VZOtBwqGiHdNzg=
9,52,Le11I/GhbwZM/OvLJirvsekTwug=,UMyxGvS5rHJywCZWmwrLSyrSjyw=
10,49,Le11I/GhbwZM/OvLJirvsekTwug=,K5E5umrlrmrA6VZOtBwqGiHdNzg=
10,50,Le11I/GhbwZM/OvLJirvsekTwug=,K5E5umrlrmrA6VZOtBwqGiHdNzg=
9,49,Le11I/GhbwZM/OvLJirvsekTwug=,K5E5umrlrmrA6VZOtBwqGiHdNzg=
14,52,Le11I/GhbwZM/OvLJirvsekTwug=,bcAQQKxkSnhlXgLTm618iIdpM+4=
13,52,Le11I/GhbwZM/OvLJirvsekTwug=,bcAQQKxkSnhlXgLTm618iIdpM+4=
11,52,Le11I/GhbwZM/OvLJirvsekTwug=,UMyxGvS5rHJywCZWmwrLSyrSjyw=
11,49,Le11I/GhbwZM/OvLJirvsekTwug=,K5E5umrlrmrA6VZOtBwqGiHdNzg=
13,49,Le11I/GhbwZM/OvLJirvsekTwug=,WisK9EJVIH59IPBo3Q0c4XIL2Qg=
13,51,Le11I/GhbwZM/OvLJirvsekTwug=,WisK9EJVIH59IPBo3Q0c4XIL2Qg=
12,51,Le11I/GhbwZM/OvLJirvsekTwug=,WisK9EJVIH59IPBo3Q0c4XIL2Qg=
12,52,Le11I/GhbwZM/OvLJirvsekTwug=,bcAQQKxkSnhlXgLTm618iIdpM+4=
11,50,Le11I/GhbwZM/OvLJirvsekTwug=,K5E5umrlrmrA6VZOtBwqGiHdNzg=
13,50,Le11I/GhbwZM/OvLJirvsekTwug=,WisK9EJVIH59IPBo3Q0c4XIL2Qg=
9,51,Le11I/GhbwZM/OvLJirvsekTwug=,K5E5umrlrmrA6VZOtBwqGiHdNzg=
11,51,Le11I/GhbwZM/OvLJirvsekTwug=,K5E5umrlrmrA6VZOtBwqGiHdNzg=
14,50,Le11I/GhbwZM/OvLJirvsekTwug=,WisK9EJVIH59IPBo3Q0c4XIL2Qg=
12,50,Le11I/GhbwZM/OvLJirvsekTwug=,WisK9EJVIH59IPBo3Q0c4XIL2Qg=
14,49,Le11I/GhbwZM/OvLJirvsekTwug=,WisK9EJVIH59IPBo3Q0c4XIL2Qg=
12,49,Le11I/GhbwZM/OvLJirvsekTwug=,WisK9EJVIH59IPBo3Q0c4XIL2Qg=
14,51,Le11I/GhbwZM/OvLJirvsekTwug=,WisK9EJVIH59IPBo3Q0c4XIL2Qg=
8,53,jCRJLe4fuB8EdUfxbVn/kDPDUbQ=,UMyxGvS5rHJywCZWmwrLSyrSjyw=
7,54,jCRJLe4fuB8EdUfxbVn/kDPDUbQ=,Qx2SmGRLMrZxw3g18eQPHl8oDlQ=
6,54,QOSNABUlCmdbCejW/TNTqXm5cjQ=,Qx2SmGRLMrZxw3g18eQPHl8oDlQ=
7,53,QOSNABUlCmdbCejW/TNTqXm5cjQ=,Qx2SmGRLMrZxw3g18eQPHl8oDlQ=
5,54,QOSNABUlCmdbCejW/TNTqXm5cjQ=,Qx2SmGRLMrZxw3g18eQPHl8oDlQ=
6,53,QOSNABUlCmdbCejW/TNTqXm5cjQ=,Qx2SmGRLMrZxw3g18eQPHl8oDlQ=
8,54,QOSNABUlCmdbCejW/TNTqXm5cjQ=,UMyxGvS5rHJywCZWmwrLSyrSjyw=
5,53,QOSNABUlCmdbCejW/TNTqXm5cjQ=,Qx2SmGRLMrZxw3g18eQPHl8oDlQ=
3,53,QOSNABUlCmdbCejW/TNTqXm5cjQ=,wypNqpmHk25XR3IgktjvmlDQy0Y=
1,53,QOSNABUlCmdbCejW/TNTqXm5cjQ=,wypNqpmHk25XR3IgktjvmlDQy0Y=
2,54,QOSNABUlCmdbCejW/TNTqXm5cjQ=,wypNqpmHk25XR3IgktjvmlDQy0Y=
4,54,QOSNABUlCmdbCejW/TNTqXm5cjQ=,Qx2SmGRLMrZxw3g18eQPHl8oDlQ=
2,53,QOSNABUlCmdbCejW/TNTqXm5cjQ=,wypNqpmHk25XR3IgktjvmlDQy0Y=
4,53,QOSNABUlCmdbCejW/TNTqXm5cjQ=,Qx2SmGRLMrZxw3g18eQPHl8oDlQ=
2,52,QOSNABUlCmdbCejW/TNTqXm5cjQ=,wypNqpmHk25XR3IgktjvmlDQy0Y=
2,49,QOSNABUlCmdbCejW/TNTqXm5cjQ=,h1hmRXFkbjf4EEfQRDiBJhgF5NE=
2,50,QOSNABUlCmdbCejW/TNTqXm5cjQ=,h1hmRXFkbjf4EEfQRDiBJhgF5NE=
3,54,QOSNABUlCmdbCejW/TNTqXm5cjQ=,wypNqpmHk25XR3IgktjvmlDQy0Y=
1,54,QOSNABUlCmdbCejW/TNTqXm5cjQ=,wypNqpmHk25XR3IgktjvmlDQy0Y=
2,51,QOSNABUlCmdbCejW/TNTqXm5cjQ=,h1hmRXFkbjf4EEfQRDiBJhgF5NE=
1,50,QOSNABUlCmdbCejW/TNTqXm5cjQ=,h1hmRXFkbjf4EEfQRDiBJhgF5NE=
1,52,QOSNABUlCmdbCejW/TNTqXm5cjQ=,wypNqpmHk25XR3IgktjvmlDQy0Y=
1,49,QOSNABUlCmdbCejW/TNTqXm5cjQ=,h1hmRXFkbjf4EEfQRDiBJhgF5NE=
1,51,QOSNABUlCmdbCejW/TNTqXm5cjQ=,h1hmRXFkbjf4EEfQRDiBJhgF5NE=
3,50,QOSNABUlCmdbCejW/TNTqXm5cjQ=,h1hmRXFkbjf4EEfQRDiBJhgF5NE=
8,50,QOSNABUlCmdbCejW/TNTqXm5cjQ=,K5E5umrlrmrA6VZOtBwqGiHdNzg=
4,52,QOSNABUlCmdbCejW/TNTqXm5cjQ=,Qx2SmGRLMrZxw3g18eQPHl8oDlQ=
3,52,QOSNABUlCmdbCejW/TNTqXm5cjQ=,wypNqpmHk25XR3IgktjvmlDQy0Y=
5,52,QOSNABUlCmdbCejW/TNTqXm5cjQ=,Qx2SmGRLMrZxw3g18eQPHl8oDlQ=
5,51,QOSNABUlCmdbCejW/TNTqXm5cjQ=,giUPQaDryYXuS0J/UzGreIVny60=
8,51,QOSNABUlCmdbCejW/TNTqXm5cjQ=,K5E5umrlrmrA6VZOtBwqGiHdNzg=
4,51,QOSNABUlCmdbCejW/TNTqXm5cjQ=,giUPQaDryYXuS0J/UzGreIVny60=
5,50,QOSNABUlCmdbCejW/TNTqXm5cjQ=,giUPQaDryYXuS0J/UzGreIVny60=
7,52,QOSNABUlCmdbCejW/TNTqXm5cjQ=,Qx2SmGRLMrZxw3g18eQPHl8oDlQ=
4,49,QOSNABUlCmdbCejW/TNTqXm5cjQ=,giUPQaDryYXuS0J/UzGreIVny60=
7,51,QOSNABUlCmdbCejW/TNTqXm5cjQ=,giUPQaDryYXuS0J/UzGreIVny60=
6,50,QOSNABUlCmdbCejW/TNTqXm5cjQ=,giUPQaDryYXuS0J/UzGreIVny60=
6,52,QOSNABUlCmdbCejW/TNTqXm5cjQ=,Qx2SmGRLMrZxw3g18eQPHl8oDlQ=
8,52,QOSNABUlCmdbCejW/TNTqXm5cjQ=,UMyxGvS5rHJywCZWmwrLSyrSjyw=
8,49,QOSNABUlCmdbCejW/TNTqXm5cjQ=,K5E5umrlrmrA6VZOtBwqGiHdNzg=
3,51,QOSNABUlCmdbCejW/TNTqXm5cjQ=,h1hmRXFkbjf4EEfQRDiBJhgF5NE=
7,50,QOSNABUlCmdbCejW/TNTqXm5cjQ=,giUPQaDryYXuS0J/UzGreIVny60=
6,51,QOSNABUlCmdbCejW/TNTqXm5cjQ=,giUPQaDryYXuS0J/UzGreIVny60=
3,49,QOSNABUlCmdbCejW/TNTqXm5cjQ=,h1hmRXFkbjf4EEfQRDiBJhgF5NE=
7,49,QOSNABUlCmdbCejW/TNTqXm5cjQ=,giUPQaDryYXuS0J/UzGreIVny60=
4,50,QOSNABUlCmdbCejW/TNTqXm5cjQ=,giUPQaDryYXuS0J/UzGreIVny60=
5,49,QOSNABUlCmdbCejW/TNTqXm5cjQ=,giUPQaDryYXuS0J/UzGreIVny60=
6,49,QOSNABUlCmdbCejW/TNTqXm5cjQ=,giUPQaDryYXuS0J/UzGreIVny60=
5,55,QOSNABUlCmdbCejW/TNTqXm5cjQ=,Qx2SmGRLMrZxw3g18eQPHl8oDlQ=
6,55,QOSNABUlCmdbCejW/TNTqXm5cjQ=,Qx2SmGRLMrZxw3g18eQPHl8oDlQ=
0,53,Rk2iAAKoT4boW6l1J0WWNnXoXcQ=,wypNqpmHk25XR3IgktjvmlDQy0Y=
0,54,Rk2iAAKoT4boW6l1J0WWNnXoXcQ=,wypNqpmHk25XR3IgktjvmlDQy0Y=
2,61,Rk2iAAKoT4boW6l1J0WWNnXoXcQ=,IyJgdyM2s8AcofDYzgTHFSumekM=
0,62,Rk2iAAKoT4boW6l1J0WWNnXoXcQ=,IyJgdyM2s8AcofDYzgTHFSumekM=
1,61,Rk2iAAKoT4boW6l1J0WWNnXoXcQ=,IyJgdyM2s8AcofDYzgTHFSumekM=
2,63,Rk2iAAKoT4boW6l1J0WWNnXoXcQ=,IyJgdyM2s8AcofDYzgTHFSumekM=
3,62,Rk2iAAKoT4boW6l1J0WWNnXoXcQ=,IyJgdyM2s8AcofDYzgTHFSumekM=
0,61,Rk2iAAKoT4boW6l1J0WWNnXoXcQ=,IyJgdyM2s8AcofDYzgTHFSumekM=
1,63,Rk2iAAKoT4boW6l1J0WWNnXoXcQ=,IyJgdyM2s8AcofDYzgTHFSumekM=
1,62,Rk2iAAKoT4boW6l1J0WWNnXoXcQ=,IyJgdyM2s8AcofDYzgTHFSumekM=
2,62,Rk2iAAKoT4boW6l1J0WWNnXoXcQ=,IyJgdyM2s8AcofDYzgTHFSumekM=
3,57,Rk2iAAKoT4boW6l1J0WWNnXoXcQ=,PK/qLSphv9Vm5rxSl/rt1KYRzk8=
3,61,Rk2iAAKoT4boW6l1J0WWNnXoXcQ=,IyJgdyM2s8AcofDYzgTHFSumekM=
0,58,Rk2iAAKoT4boW6l1J0WWNnXoXcQ=,PK/qLSphv9Vm5rxSl/rt1KYRzk8=
3,56,Rk2iAAKoT4boW6l1J0WWNnXoXcQ=,PK/qLSphv9Vm5rxSl/rt1KYRzk8=
3,60,Rk2iAAKoT4boW6l1J0WWNnXoXcQ=,IyJgdyM2s8AcofDYzgTHFSumekM=
0,57,Rk2iAAKoT4boW6l1J0WWNnXoXcQ=,PK/qLSphv9Vm5rxSl/rt1KYRzk8=
2,60,Rk2iAAKoT4boW6l1J0WWNnXoXcQ=,IyJgdyM2s8AcofDYzgTHFSumekM=
3,59,Rk2iAAKoT4boW6l1J0WWNnXoXcQ=,PK/qLSphv9Vm5rxSl/rt1KYRzk8=
1,57,Rk2iAAKoT4boW6l1J0WWNnXoXcQ=,PK/qLSphv9Vm5rxSl/rt1KYRzk8=
1,58,Rk2iAAKoT4boW6l1J0WWNnXoXcQ=,PK/qLSphv9Vm5rxSl/rt1KYRzk8=
2,56,Rk2iAAKoT4boW6l1J0WWNnXoXcQ=,PK/qLSphv9Vm5rxSl/rt1KYRzk8=
3,55,Rk2iAAKoT4boW6l1J0WWNnXoXcQ=,wypNqpmHk25XR3IgktjvmlDQy0Y=
1,59,Rk2iAAKoT4boW6l1J0WWNnXoXcQ=,PK/qLSphv9Vm5rxSl/rt1KYRzk8=
2,58,Rk2iAAKoT4boW6l1J0WWNnXoXcQ=,PK/qLSphv9Vm5rxSl/rt1KYRzk8=
1,56,Rk2iAAKoT4boW6l1J0WWNnXoXcQ=,PK/qLSphv9Vm5rxSl/rt1KYRzk8=
3,58,Rk2iAAKoT4boW6l1J0WWNnXoXcQ=,PK/qLSphv9Vm5rxSl/rt1KYRzk8=
2,59,Rk2iAAKoT4boW6l1J0WWNnXoXcQ=,PK/qLSphv9Vm5rxSl/rt1KYRzk8=
0,56,Rk2iAAKoT4boW6l1J0WWNnXoXcQ=,PK/qLSphv9Vm5rxSl/rt1KYRzk8=
1,60,Rk2iAAKoT4boW6l1J0WWNnXoXcQ=,IyJgdyM2s8AcofDYzgTHFSumekM=
2,57,Rk2iAAKoT4boW6l1J0WWNnXoXcQ=,PK/qLSphv9Vm5rxSl/rt1KYRzk8=
2,55,Rk2iAAKoT4boW6l1J0WWNnXoXcQ=,wypNqpmHk25XR3IgktjvmlDQy0Y=
0,59,Rk2iAAKoT4boW6l1J0WWNnXoXcQ=,PK/qLSphv9Vm5rxSl/rt1KYRzk8=
1,55,Rk2iAAKoT4boW6l1J0WWNnXoXcQ=,wypNqpmHk25XR3IgktjvmlDQy0Y=
0,60,Rk2iAAKoT4boW6l1J0WWNnXoXcQ=,IyJgdyM2s8AcofDYzgTHFSumekM=
0,55,Rk2iAAKoT4boW6l1J0WWNnXoXcQ=,wypNqpmHk25XR3IgktjvmlDQy0Y=
4,55,Rk2iAAKoT4boW6l1J0WWNnXoXcQ=,Qx2SmGRLMrZxw3g18eQPHl8oDlQ=
0,52,Rk2iAAKoT4boW6l1J0WWNnXoXcQ=,wypNqpmHk25XR3IgktjvmlDQy0Y=
0,50,Rk2iAAKoT4boW6l1J0WWNnXoXcQ=,h1hmRXFkbjf4EEfQRDiBJhgF5NE=
0,51,Rk2iAAKoT4boW6l1J0WWNnXoXcQ=,h1hmRXFkbjf4EEfQRDiBJhgF5NE=
0,49,Rk2iAAKoT4boW6l1J0WWNnXoXcQ=,h1hmRXFkbjf4EEfQRDiBJhgF5NE=
2,48,WDEr4ylE6OkE/LA+MdnDkoQ4ymE=,h1hmRXFkbjf4EEfQRDiBJhgF5NE=
1,48,WDEr4ylE6OkE/LA+MdnDkoQ4ymE=,h1hmRXFkbjf4EEfQRDiBJhgF5NE=
3,48,uCTPQVHzeu2/swAhXhnvky8KV8Y=,h1hmRXFkbjf4EEfQRDiBJhgF5NE=
5,48,uCTPQVHzeu2/swAhXhnvky8KV8Y=,giUPQaDryYXuS0J/UzGreIVny60=
7,48,uCTPQVHzeu2/swAhXhnvky8KV8Y=,giUPQaDryYXuS0J/UzGreIVny60=
4,48,uCTPQVHzeu2/swAhXhnvky8KV8Y=,giUPQaDryYXuS0J/UzGreIVny60=
10,48,uCTPQVHzeu2/swAhXhnvky8KV8Y=,K5E5umrlrmrA6VZOtBwqGiHdNzg=
8,48,uCTPQVHzeu2/swAhXhnvky8KV8Y=,K5E5umrlrmrA6VZOtBwqGiHdNzg=
9,48,uCTPQVHzeu2/swAhXhnvky8KV8Y=,K5E5umrlrmrA6VZOtBwqGiHdNzg=
6,48,uCTPQVHzeu2/swAhXhnvky8KV8Y=,giUPQaDryYXuS0J/UzGreIVny60=
14,48,uCTPQVHzeu2/swAhXhnvky8KV8Y=,WisK9EJVIH59IPBo3Q0c4XIL2Qg=
12,48,uCTPQVHzeu2/swAhXhnvky8KV8Y=,WisK9EJVIH59IPBo3Q0c4XIL2Qg=
11,48,uCTPQVHzeu2/swAhXhnvky8KV8Y=,K5E5umrlrmrA6VZOtBwqGiHdNzg=
13,48,uCTPQVHzeu2/swAhXhnvky8KV8Y=,WisK9EJVIH59IPBo3Q0c4XIL2Qg=
15,49,uCTPQVHzeu2/swAhXhnvky8KV8Y=,WisK9EJVIH59IPBo3Q0c4XIL2Qg=
15,50,uCTPQVHzeu2/swAhXhnvky8KV8Y=,WisK9EJVIH59IPBo3Q0c4XIL2Qg=
13,55,uCTPQVHzeu2/swAhXhnvky8KV8Y=,bcAQQKxkSnhlXgLTm618iIdpM+4=
14,55,uCTPQVHzeu2/swAhXhnvky8KV8Y=,bcAQQKxkSnhlXgLTm618iIdpM+4=
15,54,uCTPQVHzeu2/swAhXhnvky8KV8Y=,bcAQQKxkSnhlXgLTm618iIdpM+4=
15,53,uCTPQVHzeu2/swAhXhnvky8KV8Y=,bcAQQKxkSnhlXgLTm618iIdpM+4=
15,52,uCTPQVHzeu2/swAhXhnvky8KV8Y=,bcAQQKxkSnhlXgLTm618iIdpM+4=
15,51,uCTPQVHzeu2/swAhXhnvky8KV8Y=,WisK9EJVIH59IPBo3Q0c4XIL2Qg=
12,55,uCTPQVHzeu2/swAhXhnvky8KV8Y=,bcAQQKxkSnhlXgLTm618iIdpM+4=
8,55,uCTPQVHzeu2/swAhXhnvky8KV8Y=,UMyxGvS5rHJywCZWmwrLSyrSjyw=
9,55,uCTPQVHzeu2/swAhXhnvky8KV8Y=,UMyxGvS5rHJywCZWmwrLSyrSjyw=
11,55,uCTPQVHzeu2/swAhXhnvky8KV8Y=,UMyxGvS5rHJywCZWmwrLSyrSjyw=
7,55,uCTPQVHzeu2/swAhXhnvky8KV8Y=,Qx2SmGRLMrZxw3g18eQPHl8oDlQ=
10,55,uCTPQVHzeu2/swAhXhnvky8KV8Y=,UMyxGvS5rHJywCZWmwrLSyrSjyw=
3,63,uCTPQVHzeu2/swAhXhnvky8KV8Y=,IyJgdyM2s8AcofDYzgTHFSumekM=
15,48,uCTPQVHzeu2/swAhXhnvky8KV8Y=,WisK9EJVIH59IPBo3Q0c4XIL2Qg=
15,55,uCTPQVHzeu2/swAhXhnvky8KV8Y=,bcAQQKxkSnhlXgLTm618iIdpM+4=
0,48,uCTPQVHzeu2/swAhXhnvky8KV8Y=,h1hmRXFkbjf4EEfQRDiBJhgF5NE=
0,63,uCTPQVHzeu2/swAhXhnvky8KV8Y=,IyJgdyM2s8AcofDYzgTHFSumekM=
25,49,m/eH/h08iZC4LvDaED/7JRxhW3Y=,0dIHYWkw2wwOI8lO5WeWI7Re9g8=
25,50,m/eH/h08iZC4LvDaED/7JRxhW3Y=,0dIHYWkw2wwOI8lO5WeWI7Re9g8=
18,53,ST5qdHXXO18cZAf+n8Nr3cVAjTU=,MoP7P7W+7TkljyqpcZWyCLBldew=
17,53,ST5qdHXXO18cZAf+n8Nr3cVAjTU=,MoP7P7W+7TkljyqpcZWyCLBldew=
18,54,ST5qdHXXO18cZAf+n8Nr3cVAjTU=,MoP7P7W+7TkljyqpcZWyCLBldew=
19,54,ST5qdHXXO18cZAf+n8Nr3cVAjTU=,MoP7P7W+7TkljyqpcZWyCLBldew=
19,53,ST5qdHXXO18cZAf+n8Nr3cVAjTU=,MoP7P7W+7TkljyqpcZWyCLBldew=
26,49,ST5qdHXXO18cZAf+n8Nr3cVAjTU=,0dIHYWkw2wwOI8lO5WeWI7Re9g8=
26,50,ST5qdHXXO18cZAf+n8Nr3cVAjTU=,0dIHYWkw2wwOI8lO5WeWI7Re9g8=
21,51,ST5qdHXXO18cZAf+n8Nr3cVAjTU=,8mg00Y+zSMgBqbXGhvabY6j6M+g=
17,54,ST5qdHXXO18cZAf+n8Nr3cVAjTU=,MoP7P7W+7TkljyqpcZWyCLBldew=
22,51,ST5qdHXXO18cZAf+n8Nr3cVAjTU=,8mg00Y+zSMgBqbXGhvabY6j6M+g=
21,50,ST5qdHXXO18cZAf+n8Nr3cVAjTU=,8mg00Y+zSMgBqbXGhvabY6j6M+g=
22,50,ST5qdHXXO18cZAf+n8Nr3cVAjTU=,8mg00Y+zSMgBqbXGhvabY6j6M+g=
23,49,ST5qdHXXO18cZAf+n8Nr3cVAjTU=,8mg00Y+zSMgBqbXGhvabY6j6M+g=
23,50,ST5qdHXXO18cZAf+n8Nr3cVAjTU=,8mg00Y+zSMgBqbXGhvabY6j6M+g=
24,50,ST5qdHXXO18cZAf+n8Nr3cVAjTU=,0dIHYWkw2wwOI8lO5WeWI7Re9g8=
24,49,ST5qdHXXO18cZAf+n8Nr3cVAjTU=,0dIHYWkw2wwOI8lO5WeWI7Re9g8=
22,49,ST5qdHXXO18cZAf+n8Nr3cVAjTU=,8mg00Y+zSMgBqbXGhvabY6j6M+g=
21,49,ST5qdHXXO18cZAf+n8Nr3cVAjTU=,8mg00Y+zSMgBqbXGhvabY6j6M+g=
20,49,ST5qdHXXO18cZAf+n8Nr3cVAjTU=,8mg00Y+zSMgBqbXGhvabY6j6M+g=
20,51,ST5qdHXXO18cZAf+n8Nr3cVAjTU=,8mg00Y+zSMgBqbXGhvabY6j6M+g=
18,51,ST5qdHXXO18cZAf+n8Nr3cVAjTU=,/GKSc3dQf0upB52Of8hK1YTQfjs=
18,52,ST5qdHXXO18cZAf+n8Nr3cVAjTU=,MoP7P7W+7TkljyqpcZWyCLBldew=
17,52,ST5qdHXXO18cZAf+n8Nr3cVAjTU=,MoP7P7W+7TkljyqpcZWyCLBldew=
17,51,ST5qdHXXO18cZAf+n8Nr3cVAjTU=,/GKSc3dQf0upB52Of8hK1YTQfjs=
19,52,ST5qdHXXO18cZAf+n8Nr3cVAjTU=,MoP7P7W+7TkljyqpcZWyCLBldew=
20,50,ST5qdHXXO18cZAf+n8Nr3cVAjTU=,8mg00Y+zSMgBqbXGhvabY6j6M+g=
18,50,ST5qdHXXO18cZAf+n8Nr3cVAjTU=,/GKSc3dQf0upB52Of8hK1YTQfjs=
19,49,ST5qdHXXO18cZAf+n8Nr3cVAjTU=,/GKSc3dQf0upB52Of8hK1YTQfjs=
19,51,ST5qdHXXO18cZAf+n8Nr3cVAjTU=,/GKSc3dQf0upB52Of8hK1YTQfjs=
19,50,ST5qdHXXO18cZAf+n8Nr3cVAjTU=,/GKSc3dQf0upB52Of8hK1YTQfjs=
17,50,ST5qdHXXO18cZAf+n8Nr3cVAjTU=,/GKSc3dQf0upB52Of8hK1YTQfjs=
17,49,ST5qdHXXO18cZAf+n8Nr3cVAjTU=,/GKSc3dQf0upB52Of8hK1YTQfjs=
18,49,ST5qdHXXO18cZAf+n8Nr3cVAjTU=,/GKSc3dQf0upB52Of8hK1YTQfjs=
27,49,teODR7RyqxWQBBvbJl8Mk4oihHc=,0dIHYWkw2wwOI8lO5WeWI7Re9g8=
27,50,teODR7RyqxWQBBvbJl8Mk4oihHc=,0dIHYWkw2wwOI8lO5WeWI7Re9g8=
25,48,teODR7RyqxWQBBvbJl8Mk4oihHc=,0dIHYWkw2wwOI8lO5WeWI7Re9g8=
26,48,teODR7RyqxWQBBvbJl8Mk4oihHc=,0dIHYWkw2wwOI8lO5WeWI7Re9g8=
24,48,teODR7RyqxWQBBvbJl8Mk4oihHc=,0dIHYWkw2wwOI8lO5WeWI7Re9g8=
22,48,teODR7RyqxWQBBvbJl8Mk4oihHc=,8mg00Y+zSMgBqbXGhvabY6j6M+g=
21,48,teODR7RyqxWQBBvbJl8Mk4oihHc=,8mg00Y+zSMgBqbXGhvabY6j6M+g=
23,48,teODR7RyqxWQBBvbJl8Mk4oihHc=,8mg00Y+zSMgBqbXGhvabY6j6M+g=
20,48,teODR7RyqxWQBBvbJl8Mk4oihHc=,8mg00Y+zSMgBqbXGhvabY6j6M+g=
19,48,teODR7RyqxWQBBvbJl8Mk4oihHc=,/GKSc3dQf0upB52Of8hK1YTQfjs=
17,48,teODR7RyqxWQBBvbJl8Mk4oihHc=,/GKSc3dQf0upB52Of8hK1YTQfjs=
18,48,teODR7RyqxWQBBvbJl8Mk4oihHc=,/GKSc3dQf0upB52Of8hK1YTQfjs=
19,55,teODR7RyqxWQBBvbJl8Mk4oihHc=,MoP7P7W+7TkljyqpcZWyCLBldew=
16,54,teODR7RyqxWQBBvbJl8Mk4oihHc=,MoP7P7W+7TkljyqpcZWyCLBldew=
18,55,teODR7RyqxWQBBvbJl8Mk4oihHc=,MoP7P7W+7TkljyqpcZWyCLBldew=
17,55,teODR7RyqxWQBBvbJl8Mk4oihHc=,MoP7P7W+7TkljyqpcZWyCLBldew=
16,52,teODR7RyqxWQBBvbJl8Mk4oihHc=,MoP7P7W+7TkljyqpcZWyCLBldew=
16,49,teODR7RyqxWQBBvbJl8Mk4oihHc=,/GKSc3dQf0upB52Of8hK1YTQfjs=
16,53,teODR7RyqxWQBBvbJl8Mk4oihHc=,MoP7P7W+7TkljyqpcZWyCLBldew=
16,51,teODR7RyqxWQBBvbJl8Mk4oihHc=,/GKSc3dQf0upB52Of8hK1YTQfjs=
16,50,teODR7RyqxWQBBvbJl8Mk4oihHc=,/GKSc3dQf0upB52Of8hK1YTQfjs=
16,55,teODR7RyqxWQBBvbJl8Mk4oihHc=,MoP7P7W+7TkljyqpcZWyCLBldew=
27,48,teODR7RyqxWQBBvbJl8Mk4oihHc=,0dIHYWkw2wwOI8lO5WeWI7Re9g8=
23,51,teODR7RyqxWQBBvbJl8Mk4oihHc=,8mg00Y+zSMgBqbXGhvabY6j6M+g=
25,51,teODR7RyqxWQBBvbJl8Mk4oihHc=,0dIHYWkw2wwOI8lO5WeWI7Re9g8=
24,51,teODR7RyqxWQBBvbJl8Mk4oihHc=,0dIHYWkw2wwOI8lO5WeWI7Re9g8=
27,51,teODR7RyqxWQBBvbJl8Mk4oihHc=,0dIHYWkw2wwOI8lO5WeWI7Re9g8=
26,51,teODR7RyqxWQBBvbJl8Mk4oihHc=,0dIHYWkw2wwOI8lO5WeWI7Re9g8=
16,48,teODR7RyqxWQBBvbJl8Mk4oihHc=,/GKSc3dQf0upB52Of8hK1YTQfjs=
25,37,BSm3lzJSInUDMOJo8Sl4+klSm9E=,6Z8OBI+HgV3kxgtu+rRRkdPdQdw=
25,38,BSm3lzJSInUDMOJo8Sl4+klSm9E=,6Z8OBI+HgV3kxgtu+rRRkdPdQdw=
26,38,BSm3lzJSInUDMOJo8Sl4+klSm9E=,6Z8OBI+HgV3kxgtu+rRRkdPdQdw=
26,37,BSm3lzJSInUDMOJo8Sl4+klSm9E=,6Z8OBI+HgV3kxgtu+rRRkdPdQdw=
26,36,BSm3lzJSInUDMOJo8Sl4+klSm9E=,6Z8OBI+HgV3kxgtu+rRRkdPdQdw=
25,34,BSm3lzJSInUDMOJo8Sl4+klSm9E=,3f+hkQ3WdX1ZN/sjVD/jGaVxKr4=
26,34,BSm3lzJSInUDMOJo8Sl4+klSm9E=,3f+hkQ3WdX1ZN/sjVD/jGaVxKr4=
25,35,BSm3lzJSInUDMOJo8Sl4+klSm9E=,3f+hkQ3WdX1ZN/sjVD/jGaVxKr4=
25,36,BSm3lzJSInUDMOJo8Sl4+klSm9E=,6Z8OBI+HgV3kxgtu+rRRkdPdQdw=
25,33,BSm3lzJSInUDMOJo8Sl4+klSm9E=,3f+hkQ3WdX1ZN/sjVD/jGaVxKr4=
26,33,BSm3lzJSInUDMOJo8Sl4+klSm9E=,3f+hkQ3WdX1ZN/sjVD/jGaVxKr4=
26,35,BSm3lzJSInUDMOJo8Sl4+klSm9E=,3f+hkQ3WdX1ZN/sjVD/jGaVxKr4=
30,34,BSm3lzJSInUDMOJo8Sl4+klSm9E=,wJKxeKUTe1DhBlTrUD721Z0yaKs=
29,34,BSm3lzJSInUDMOJo8Sl4+klSm9E=,wJKxeKUTe1DhBlTrUD721Z0yaKs=
28,34,BSm3lzJSInUDMOJo8Sl4+klSm9E=,wJKxeKUTe1DhBlTrUD721Z0yaKs=
29,33,BSm3lzJSInUDMOJo8Sl4+klSm9E=,wJKxeKUTe1DhBlTrUD721Z0yaKs=
27,34,BSm3lzJSInUDMOJo8Sl4+klSm9E=,3f+hkQ3WdX1ZN/sjVD/jGaVxKr4=
30,33,BSm3lzJSInUDMOJo8Sl4+klSm9E=,wJKxeKUTe1DhBlTrUD721Z0yaKs=
28,33,BSm3lzJSInUDMOJo8Sl4+klSm9E=,wJKxeKUTe1DhBlTrUD721Z0yaKs=
28,37,BSm3lzJSInUDMOJo8Sl4+klSm9E=,wAa5qhGoJzr67Ur6eDFuGhdCTdQ=
27,33,BSm3lzJSInUDMOJo8Sl4+klSm9E=,3f+hkQ3WdX1ZN/sjVD/jGaVxKr4=
29,37,BSm3lzJSInUDMOJo8Sl4+klSm9E=,wAa5qhGoJzr67Ur6eDFuGhdCTdQ=
30,37,BSm3lzJSInUDMOJo8Sl4+klSm9E=,wAa5qhGoJzr67Ur6eDFuGhdCTdQ=
27,38,BSm3lzJSInUDMOJo8Sl4+klSm9E=,6Z8OBI+HgV3kxgtu+rRRkdPdQdw=
28,38,BSm3lzJSInUDMOJo8Sl4+klSm9E=,wAa5qhGoJzr67Ur6eDFuGhdCTdQ=
28,35,BSm3lzJSInUDMOJo8Sl4+klSm9E=,wJKxeKUTe1DhBlTrUD721Z0yaKs=
30,36,BSm3lzJSInUDMOJo8Sl4+klSm9E=,wAa5qhGoJzr67Ur6eDFuGhdCTdQ=
29,36,BSm3lzJSInUDMOJo8Sl4+klSm9E=,wAa5qhGoJzr67Ur6eDFuGhdCTdQ=
27,35,BSm3lzJSInUDMOJo8Sl4+klSm9E=,3f+hkQ3WdX1ZN/sjVD/jGaVxKr4=
27,36,BSm3lzJSInUDMOJo8Sl4+klSm9E=,6Z8OBI+HgV3kxgtu+rRRkdPdQdw=
30,35,BSm3lzJSInUDMOJo8Sl4+klSm9E=,wJKxeKUTe1DhBlTrUD721Z0yaKs=
29,38,BSm3lzJSInUDMOJo8Sl4+klSm9E=,wAa5qhGoJzr67Ur6eDFuGhdCTdQ=
29,35,BSm3lzJSInUDMOJo8Sl4+klSm9E=,wJKxeKUTe1DhBlTrUD721Z0yaKs=
27,37,BSm3lzJSInUDMOJo8Sl4+klSm9E=,6Z8OBI+HgV3kxgtu+rRRkdPdQdw=
28,36,BSm3lzJSInUDMOJo8Sl4+klSm9E=,wAa5qhGoJzr67Ur6eDFuGhdCTdQ=
30,38,BSm3lzJSInUDMOJo8Sl4+klSm9E=,wAa5qhGoJzr67Ur6eDFuGhdCTdQ=
25,40,oergqaNZjH0Blzm3YoX1mZYq12k=,KF65dR69U0vtbxKL9XnINwuooWY=
26,42,oergqaNZjH0Blzm3YoX1mZYq12k=,KF65dR69U0vtbxKL9XnINwuooWY=
26,39,oergqaNZjH0Blzm3YoX1mZYq12k=,6Z8OBI+HgV3kxgtu+rRRkdPdQdw=
26,41,SEXqsfaCypAnbeqO2cRHc3acbD4=,KF65dR69U0vtbxKL9XnINwuooWY=
25,42,SEXqsfaCypAnbeqO2cRHc3acbD4=,KF65dR69U0vtbxKL9XnINwuooWY=
25,41,SEXqsfaCypAnbeqO2cRHc3acbD4=,KF65dR69U0vtbxKL9XnINwuooWY=
25,39,SEXqsfaCypAnbeqO2cRHc3acbD4=,6Z8OBI+HgV3kxgtu+rRRkdPdQdw=
26,40,SEXqsfaCypAnbeqO2cRHc3acbD4=,KF65dR69U0vtbxKL9XnINwuooWY=
23,34,SEXqsfaCypAnbeqO2cRHc3acbD4=,S1iyCYvt40O22p2ZNNd3EtHR+uE=
22,34,SEXqsfaCypAnbeqO2cRHc3acbD4=,S1iyCYvt40O22p2ZNNd3EtHR+uE=
24,34,SEXqsfaCypAnbeqO2cRHc3acbD4=,3f+hkQ3WdX1ZN/sjVD/jGaVxKr4=
23,33,SEXqsfaCypAnbeqO2cRHc3acbD4=,S1iyCYvt40O22p2ZNNd3EtHR+uE=
24,33,SEXqsfaCypAnbeqO2cRHc3acbD4=,3f+hkQ3WdX1ZN/sjVD/jGaVxKr4=
21,34,SEXqsfaCypAnbeqO2cRHc3acbD4=,S1iyCYvt40O22p2ZNNd3EtHR+uE=
22,33,SEXqsfaCypAnbeqO2cRHc3acbD4=,S1iyCYvt40O22p2ZNNd3EtHR+uE=
21,33,SEXqsfaCypAnbeqO2cRHc3acbD4=,S1iyCYvt40O22p2ZNNd3EtHR+uE=
24,41,SEXqsfaCypAnbeqO2cRHc3acbD4=,KF65dR69U0vtbxKL9XnINwuooWY=
23,41,SEXqsfaCypAnbeqO2cRHc3acbD4=,s5GvC6Cm/ugmVBSqBvvA5ea1KOI=
22,42,SEXqsfaCypAnbeqO2cRHc3acbD4=,s5GvC6Cm/ugmVBSqBvvA5ea1KOI=
21,42,SEXqsfaCypAnbeqO2cRHc3acbD4=,s5GvC6Cm/ugmVBSqBvvA5ea1KOI=
21,41,SEXqsfaCypAnbeqO2cRHc3acbD4=,s5GvC6Cm/ugmVBSqBvvA5ea1KOI=
23,42,SEXqsfaCypAnbeqO2cRHc3acbD4=,s5GvC6Cm/ugmVBSqBvvA5ea1KOI=
22,41,SEXqsfaCypAnbeqO2cRHc3acbD4=,s5GvC6Cm/ugmVBSqBvvA5ea1KOI=
24,35,SEXqsfaCypAnbeqO2cRHc3acbD4=,3f+hkQ3WdX1ZN/sjVD/jGaVxKr4=
24,42,SEXqsfaCypAnbeqO2cRHc3acbD4=,KF65dR69U0vtbxKL9XnINwuooWY=
23,36,SEXqsfaCypAnbeqO2cRHc3acbD4=,NwrY3y6TgQgoIcOgVQBcJOT8xRw=
23,40,SEXqsfaCypAnbeqO2cRHc3acbD4=,s5GvC6Cm/ugmVBSqBvvA5ea1KOI=
24,39,SEXqsfaCypAnbeqO2cRHc3acbD4=,6Z8OBI+HgV3kxgtu+rRRkdPdQdw=
22,36,SEXqsfaCypAnbeqO2cRHc3acbD4=,NwrY3y6TgQgoIcOgVQBcJOT8xRw=
23,39,SEXqsfaCypAnbeqO2cRHc3acbD4=,NwrY3y6TgQgoIcOgVQBcJOT8xRw=
24,36,SEXqsfaCypAnbeqO2cRHc3acbD4=,6Z8OBI+HgV3kxgtu+rRRkdPdQdw=
24,38,SEXqsfaCypAnbeqO2cRHc3acbD4=,6Z8OBI+HgV3kxgtu+rRRkdPdQdw=
21,37,SEXqsfaCypAnbeqO2cRHc3acbD4=,NwrY3y6TgQgoIcOgVQBcJOT8xRw=
21,36,SEXqsfaCypAnbeqO2cRHc3acbD4=,NwrY3y6TgQgoIcOgVQBcJOT8xRw=
22,40,SEXqsfaCypAnbeqO2cRHc3acbD4=,s5GvC6Cm/ugmVBSqBvvA5ea1KOI=
23,38,SEXqsfaCypAnbeqO2cRHc3acbD4=,NwrY3y6TgQgoIcOgVQBcJOT8xRw=
24,37,SEXqsfaCypAnbeqO2cRHc3acbD4=,6Z8OBI+HgV3kxgtu+rRRkdPdQdw=
23,35,SEXqsfaCypAnbeqO2cRHc3acbD4=,S1iyCYvt40O22p2ZNNd3EtHR+uE=
22,39,SEXqsfaCypAnbeqO2cRHc3acbD4=,NwrY3y6TgQgoIcOgVQBcJOT8xRw=
24,40,SEXqsfaCypAnbeqO2cRHc3acbD4=,KF65dR69U0vtbxKL9XnINwuooWY=
23,37,SEXqsfaCypAnbeqO2cRHc3acbD4=,NwrY3y6TgQgoIcOgVQBcJOT8xRw=
22,35,SEXqsfaCypAnbeqO2cRHc3acbD4=,S1iyCYvt40O22p2ZNNd3EtHR+uE=
21,39,SEXqsfaCypAnbeqO2cRHc3acbD4=,NwrY3y6TgQgoIcOgVQBcJOT8xRw=
22,38,SEXqsfaCypAnbeqO2cRHc3acbD4=,NwrY3y6TgQgoIcOgVQBcJOT8xRw=
21,35,SEXqsfaCypAnbeqO2cRHc3acbD4=,S1iyCYvt40O22p2ZNNd3EtHR+uE=
22,37,SEXqsfaCypAnbeqO2cRHc3acbD4=,NwrY3y6TgQgoIcOgVQBcJOT8xRw=
21,38,SEXqsfaCypAnbeqO2cRHc3acbD4=,NwrY3y6TgQgoIcOgVQBcJOT8xRw=
21,40,SEXqsfaCypAnbeqO2cRHc3acbD4=,s5GvC6Cm/ugmVBSqBvvA5ea1KOI=
25,43,t1MKECjEv3DSKEWW3tMfUj1WutA=,KF65dR69U0vtbxKL9XnINwuooWY=
26,46,t1MKECjEv3DSKEWW3tMfUj1WutA=,s16IzkbhInBgOPScRYDGZIrAqK8=
25,46,t1MKECjEv3DSKEWW3tMfUj1WutA=,s16IzkbhInBgOPScRYDGZIrAqK8=
26,45,IGSHJj4NPJFRZdfSZKNH6dh3W3s=,s16IzkbhInBgOPScRYDGZIrAqK8=
25,45,IGSHJj4NPJFRZdfSZKNH6dh3W3s=,s16IzkbhInBgOPScRYDGZIrAqK8=
25,44,IGSHJj4NPJFRZdfSZKNH6dh3W3s=,s16IzkbhInBgOPScRYDGZIrAqK8=
26,43,IGSHJj4NPJFRZdfSZKNH6dh3W3s=,KF65dR69U0vtbxKL9XnINwuooWY=
26,44,IGSHJj4NPJFRZdfSZKNH6dh3W3s=,s16IzkbhInBgOPScRYDGZIrAqK8=
24,44,IGSHJj4NPJFRZdfSZKNH6dh3W3s=,s16IzkbhInBgOPScRYDGZIrAqK8=
23,43,IGSHJj4NPJFRZdfSZKNH6dh3W3s=,s5GvC6Cm/ugmVBSqBvvA5ea1KOI=
22,43,IGSHJj4NPJFRZdfSZKNH6dh3W3s=,s5GvC6Cm/ugmVBSqBvvA5ea1KOI=
23,45,IGSHJj4NPJFRZdfSZKNH6dh3W3s=,hMedQJBy9bWvTHz0zSSbYeM+lDw=
24,45,IGSHJj4NPJFRZdfSZKNH6dh3W3s=,s16IzkbhInBgOPScRYDGZIrAqK8=
21,46,IGSHJj4NPJFRZdfSZKNH6dh3W3s=,hMedQJBy9bWvTHz0zSSbYeM+lDw=
23,46,IGSHJj4NPJFRZdfSZKNH6dh3W3s=,hMedQJBy9bWvTHz0zSSbYeM+lDw=
22,46,IGSHJj4NPJFRZdfSZKNH6dh3W3s=,hMedQJBy9bWvTHz0zSSbYeM+lDw=
22,45,IGSHJj4NPJFRZdfSZKNH6dh3W3s=,hMedQJBy9bWvTHz0zSSbYeM+lDw=
22,44,IGSHJj4NPJFRZdfSZKNH6dh3W3s=,hMedQJBy9bWvTHz0zSSbYeM+lDw=
21,44,IGSHJj4NPJFRZdfSZKNH6dh3W3s=,hMedQJBy9bWvTHz0zSSbYeM+lDw=
23,44,IGSHJj4NPJFRZdfSZKNH6dh3W3s=,hMedQJBy9bWvTHz0zSSbYeM+lDw=
20,41,IGSHJj4NPJFRZdfSZKNH6dh3W3s=,s5GvC6Cm/ugmVBSqBvvA5ea1KOI=
21,45,IGSHJj4NPJFRZdfSZKNH6dh3W3s=,hMedQJBy9bWvTHz0zSSbYeM+lDw=
18,42,IGSHJj4NPJFRZdfSZKNH6dh3W3s=,TULUhDVzHQUrh06wv9DQudy+6wE=
17,41,IGSHJj4NPJFRZdfSZKNH6dh3W3s=,TULUhDVzHQUrh06wv9DQudy+6wE=
17,42,IGSHJj4NPJFRZdfSZKNH6dh3W3s=,TULUhDVzHQUrh06wv9DQudy+6wE=
19,41,IGSHJj4NPJFRZdfSZKNH6dh3W3s=,TULUhDVzHQUrh06wv9DQudy+6wE=
20,42,IGSHJj4NPJFRZdfSZKNH6dh3W3s=,s5GvC6Cm/ugmVBSqBvvA5ea1KOI=
18,41,IGSHJj4NPJFRZdfSZKNH6dh3W3s=,TULUhDVzHQUrh06wv9DQudy+6wE=
19,42,IGSHJj4NPJFRZdfSZKNH6dh3W3s=,TULUhDVzHQUrh06wv9DQudy+6wE=
17,43,IGSHJj4NPJFRZdfSZKNH6dh3W3s=,TULUhDVzHQUrh06wv9DQudy+6wE=
24,46,IGSHJj4NPJFRZdfSZKNH6dh3W3s=,s16IzkbhInBgOPScRYDGZIrAqK8=
18,43,IGSHJj4NPJFRZdfSZKNH6dh3W3s=,TULUhDVzHQUrh06wv9DQudy+6wE=
21,43,IGSHJj4NPJFRZdfSZKNH6dh3W3s=,s5GvC6Cm/ugmVBSqBvvA5ea1KOI=
24,43,IGSHJj4NPJFRZdfSZKNH6dh3W3s=,KF65dR69U0vtbxKL9XnINwuooWY=
17,46,IGSHJj4NPJFRZdfSZKNH6dh3W3s=,40AshNl+s/2V+iAIp8o7S4zM0Lc=
20,43,IGSHJj4NPJFRZdfSZKNH6dh3W3s=,s5GvC6Cm/ugmVBSqBvvA5ea1KOI=
20,46,IGSHJj4NPJFRZdfSZKNH6dh3W3s=,hMedQJBy9bWvTHz0zSSbYeM+lDw=
19,44,IGSHJj4NPJFRZdfSZKNH6dh3W3s=,40AshNl+s/2V+iAIp8o7S4zM0Lc=
19,45,IGSHJj4NPJFRZdfSZKNH6dh3W3s=,40AshNl+s/2V+iAIp8o7S4zM0Lc=
17,44,IGSHJj4NPJFRZdfSZKNH6dh3W3s=,40AshNl+s/2V+iAIp8o7S4zM0Lc=
18,45,IGSHJj4NPJFRZdfSZKNH6dh3W3s=,40AshNl+s/2V+iAIp8o7S4zM0Lc=
19,46,IGSHJj4NPJFRZdfSZKNH6dh3W3s=,40AshNl+s/2V+iAIp8o7S4zM0Lc=
18,44,IGSHJj4NPJFRZdfSZKNH6dh3W3s=,40AshNl+s/2V+iAIp8o7S4zM0Lc=
17,45,IGSHJj4NPJFRZdfSZKNH6dh3W3s=,40AshNl+s/2V+iAIp8o7S4zM0Lc=
20,44,IGSHJj4NPJFRZdfSZKNH6dh3W3s=,hMedQJBy9bWvTHz0zSSbYeM+lDw=
20,45,IGSHJj4NPJFRZdfSZKNH6dh3W3s=,hMedQJBy9bWvTHz0zSSbYeM+lDw=
19,43,IGSHJj4NPJFRZdfSZKNH6dh3W3s=,TULUhDVzHQUrh06wv9DQudy+6wE=
18,46,IGSHJj4NPJFRZdfSZKNH6dh3W3s=,40AshNl+s/2V+iAIp8o7S4zM0Lc=
16,42,54m6Y7cl16d63XVZ2otuvQ6Qm1s=,TULUhDVzHQUrh06wv9DQudy+6wE=
16,41,54m6Y7cl16d63XVZ2otuvQ6Qm1s=,TULUhDVzHQUrh06wv9DQudy+6wE=
21,32,YMxm6HGV0+DWsHKVOhQ1iCme4oc=,S1iyCYvt40O22p2ZNNd3EtHR+uE=
22,32,YMxm6HGV0+DWsHKVOhQ1iCme4oc=,S1iyCYvt40O22p2ZNNd3EtHR+uE=
18,38,YMxm6HGV0+DWsHKVOhQ1iCme4oc=,QPYM/3vSyp1oStIo/nhPvgL9qC0=
19,40,YMxm6HGV0+DWsHKVOhQ1iCme4oc=,TULUhDVzHQUrh06wv9DQudy+6wE=
18,35,YMxm6HGV0+DWsHKVOhQ1iCme4oc=,tYgwbhjRYadjELrARn0CjjDD7Ow=
18,36,YMxm6HGV0+DWsHKVOhQ1iCme4oc=,QPYM/3vSyp1oStIo/nhPvgL9qC0=
20,37,YMxm6HGV0+DWsHKVOhQ1iCme4oc=,NwrY3y6TgQgoIcOgVQBcJOT8xRw=
16,39,YMxm6HGV0+DWsHKVOhQ1iCme4oc=,QPYM/3vSyp1oStIo/nhPvgL9qC0=
19,36,YMxm6HGV0+DWsHKVOhQ1iCme4oc=,QPYM/3vSyp1oStIo/nhPvgL9qC0=
17,35,YMxm6HGV0+DWsHKVOhQ1iCme4oc=,tYgwbhjRYadjELrARn0CjjDD7Ow=
18,32,YMxm6HGV0+DWsHKVOhQ1iCme4oc=,tYgwbhjRYadjELrARn0CjjDD7Ow=
20,36,YMxm6HGV0+DWsHKVOhQ1iCme4oc=,NwrY3y6TgQgoIcOgVQBcJOT8xRw=
16,34,YMxm6HGV0+DWsHKVOhQ1iCme4oc=,tYgwbhjRYadjELrARn0CjjDD7Ow=
19,33,YMxm6HGV0+DWsHKVOhQ1iCme4oc=,tYgwbhjRYadjELrARn0CjjDD7Ow=
20,40,YMxm6HGV0+DWsHKVOhQ1iCme4oc=,s5GvC6Cm/ugmVBSqBvvA5ea1KOI=
18,40,YMxm6HGV0+DWsHKVOhQ1iCme4oc=,TULUhDVzHQUrh06wv9DQudy+6wE=
17,38,YMxm6HGV0+DWsHKVOhQ1iCme4oc=,QPYM/3vSyp1oStIo/nhPvgL9qC0=
16,37,YMxm6HGV0+DWsHKVOhQ1iCme4oc=,QPYM/3vSyp1oStIo/nhPvgL9qC0=
16,40,YMxm6HGV0+DWsHKVOhQ1iCme4oc=,TULUhDVzHQUrh06wv9DQudy+6wE=
17,36,YMxm6HGV0+DWsHKVOhQ1iCme4oc=,QPYM/3vSyp1oStIo/nhPvgL9qC0=
20,39,YMxm6HGV0+DWsHKVOhQ1iCme4oc=,NwrY3y6TgQgoIcOgVQBcJOT8xRw=
19,34,YMxm6HGV0+DWsHKVOhQ1iCme4oc=,tYgwbhjRYadjELrARn0CjjDD7Ow=
17,37,YMxm6HGV0+DWsHKVOhQ1iCme4oc=,QPYM/3vSyp1oStIo/nhPvgL9qC0=
19,39,YMxm6HGV0+DWsHKVOhQ1iCme4oc=,QPYM/3vSyp1oStIo/nhPvgL9qC0=
18,39,YMxm6HGV0+DWsHKVOhQ1iCme4oc=,QPYM/3vSyp1oStIo/nhPvgL9qC0=
20,35,YMxm6HGV0+DWsHKVOhQ1iCme4oc=,S1iyCYvt40O22p2ZNNd3EtHR+uE=
18,37,YMxm6HGV0+DWsHKVOhQ1iCme4oc=,QPYM/3vSyp1oStIo/nhPvgL9qC0=
18,33,YMxm6HGV0+DWsHKVOhQ1iCme4oc=,tYgwbhjRYadjELrARn0CjjDD7Ow=
20,32,YMxm6HGV0+DWsHKVOhQ1iCme4oc=,S1iyCYvt40O22p2ZNNd3EtHR+uE=
19,35,YMxm6HGV0+DWsHKVOhQ1iCme4oc=,tYgwbhjRYadjELrARn0CjjDD7Ow=
20,33,YMxm6HGV0+DWsHKVOhQ1iCme4oc=,S1iyCYvt40O22p2ZNNd3EtHR+uE=
16,36,YMxm6HGV0+DWsHKVOhQ1iCme4oc=,QPYM/3vSyp1oStIo/nhPvgL9qC0=
16,33,YMxm6HGV0+DWsHKVOhQ1iCme4oc=,tYgwbhjRYadjELrARn0CjjDD7Ow=
17,32,YMxm6HGV0+DWsHKVOhQ1iCme4oc=,tYgwbhjRYadjELrARn0CjjDD7Ow=
17,34,YMxm6HGV0+DWsHKVOhQ1iCme4oc=,tYgwbhjRYadjELrARn0CjjDD7Ow=
19,38,YMxm6HGV0+DWsHKVOhQ1iCme4oc=,QPYM/3vSyp1oStIo/nhPvgL9qC0=
16,35,YMxm6HGV0+DWsHKVOhQ1iCme4oc=,tYgwbhjRYadjELrARn0CjjDD7Ow=
17,33,YMxm6HGV0+DWsHKVOhQ1iCme4oc=,tYgwbhjRYadjELrARn0CjjDD7Ow=
19,32,YMxm6HGV0+DWsHKVOhQ1iCme4oc=,tYgwbhjRYadjELrARn0CjjDD7Ow=
20,38,YMxm6HGV0+DWsHKVOhQ1iCme4oc=,NwrY3y6TgQgoIcOgVQBcJOT8xRw=
18,34,YMxm6HGV0+DWsHKVOhQ1iCme4oc=,tYgwbhjRYadjELrARn0CjjDD7Ow=
17,39,YMxm6HGV0+DWsHKVOhQ1iCme4oc=,QPYM/3vSyp1oStIo/nhPvgL9qC0=
16,38,YMxm6HGV0+DWsHKVOhQ1iCme4oc=,QPYM/3vSyp1oStIo/nhPvgL9qC0=
17,40,YMxm6HGV0+DWsHKVOhQ1iCme4oc=,TULUhDVzHQUrh06wv9DQudy+6wE=
19,37,YMxm6HGV0+DWsHKVOhQ1iCme4oc=,QPYM/3vSyp1oStIo/nhPvgL9qC0=
20,34,YMxm6HGV0+DWsHKVOhQ1iCme4oc=,S1iyCYvt40O22p2ZNNd3EtHR+uE=
24,32,P0GcH38ZZkmda8xq3hmTfDuAAOM=,3f+hkQ3WdX1ZN/sjVD/jGaVxKr4=
25,32,P0GcH38ZZkmda8xq3hmTfDuAAOM=,3f+hkQ3WdX1ZN/sjVD/jGaVxKr4=
26,32,P0GcH38ZZkmda8xq3hmTfDuAAOM=,3f+hkQ3WdX1ZN/sjVD/jGaVxKr4=
23,32,P0GcH38ZZkmda8xq3hmTfDuAAOM=,S1iyCYvt40O22p2ZNNd3EtHR+uE=
27,32,P0GcH38ZZkmda8xq3hmTfDuAAOM=,3f+hkQ3WdX1ZN/sjVD/jGaVxKr4=
29,32,P0GcH38ZZkmda8xq3hmTfDuAAOM=,wJKxeKUTe1DhBlTrUD721Z0yaKs=
28,32,P0GcH38ZZkmda8xq3hmTfDuAAOM=,wJKxeKUTe1DhBlTrUD721Z0yaKs=
30,32,P0GcH38ZZkmda8xq3hmTfDuAAOM=,wJKxeKUTe1DhBlTrUD721Z0yaKs=
31,33,P0GcH38ZZkmda8xq3hmTfDuAAOM=,wJKxeKUTe1DhBlTrUD721Z0yaKs=
31,36,P0GcH38ZZkmda8xq3hmTfDuAAOM=,wAa5qhGoJzr67Ur6eDFuGhdCTdQ=
31,38,P0GcH38ZZkmda8xq3hmTfDuAAOM=,wAa5qhGoJzr67Ur6eDFuGhdCTdQ=
31,37,P0GcH38ZZkmda8xq3hmTfDuAAOM=,wAa5qhGoJzr67Ur6eDFuGhdCTdQ=
31,35,P0GcH38ZZkmda8xq3hmTfDuAAOM=,wJKxeKUTe1DhBlTrUD721Z0yaKs=
31,34,P0GcH38ZZkmda8xq3hmTfDuAAOM=,wJKxeKUTe1DhBlTrUD721Z0yaKs=
28,41,P0GcH38ZZkmda8xq3hmTfDuAAOM=,ZX2HmX6B6ubGWjODnOdSg64hXfk=
28,40,P0GcH38ZZkmda8xq3hmTfDuAAOM=,ZX2HmX6B6ubGWjODnOdSg64hXfk=
30,41,P0GcH38ZZkmda8xq3hmTfDuAAOM=,ZX2HmX6B6ubGWjODnOdSg64hXfk=
29,41,P0GcH38ZZkmda8xq3hmTfDuAAOM=,ZX2HmX6B6ubGWjODnOdSg64hXfk=
28,42,P0GcH38ZZkmda8xq3hmTfDuAAOM=,ZX2HmX6B6ubGWjODnOdSg64hXfk=
27,40,P0GcH38ZZkmda8xq3hmTfDuAAOM=,KF65dR69U0vtbxKL9XnINwuooWY=
27,42,P0GcH38ZZkmda8xq3hmTfDuAAOM=,KF65dR69U0vtbxKL9XnINwuooWY=
27,39,P0GcH38ZZkmda8xq3hmTfDuAAOM=,6Z8OBI+HgV3kxgtu+rRRkdPdQdw=
27,41,P0GcH38ZZkmda8xq3hmTfDuAAOM=,KF65dR69U0vtbxKL9XnINwuooWY=
29,42,P0GcH38ZZkmda8xq3hmTfDuAAOM=,ZX2HmX6B6ubGWjODnOdSg64hXfk=
30,42,P0GcH38ZZkmda8xq3hmTfDuAAOM=,ZX2HmX6B6ubGWjODnOdSg64hXfk=
28,39,P0GcH38ZZkmda8xq3hmTfDuAAOM=,wAa5qhGoJzr67Ur6eDFuGhdCTdQ=
29,40,P0GcH38ZZkmda8xq3hmTfDuAAOM=,ZX2HmX6B6ubGWjODnOdSg64hXfk=
29,39,P0GcH38ZZkmda8xq3hmTfDuAAOM=,wAa5qhGoJzr67Ur6eDFuGhdCTdQ=
30,40,P0GcH38ZZkmda8xq3hmTfDuAAOM=,ZX2HmX6B6ubGWjODnOdSg64hXfk=
30,39,P0GcH38ZZkmda8xq3hmTfDuAAOM=,wAa5qhGoJzr67Ur6eDFuGhdCTdQ=
27,46,P0GcH38ZZkmda8xq3hmTfDuAAOM=,s16IzkbhInBgOPScRYDGZIrAqK8=
27,44,P0GcH38ZZkmda8xq3hmTfDuAAOM=,s16IzkbhInBgOPScRYDGZIrAqK8=
27,45,P0GcH38ZZkmda8xq3hmTfDuAAOM=,s16IzkbhInBgOPScRYDGZIrAqK8=
27,43,P0GcH38ZZkmda8xq3hmTfDuAAOM=,KF65dR69U0vtbxKL9XnINwuooWY=
29,43,P0GcH38ZZkmda8xq3hmTfDuAAOM=,ZX2HmX6B6ubGWjODnOdSg64hXfk=
28,43,P0GcH38ZZkmda8xq3hmTfDuAAOM=,ZX2HmX6B6ubGWjODnOdSg64hXfk=
30,43,P0GcH38ZZkmda8xq3hmTfDuAAOM=,ZX2HmX6B6ubGWjODnOdSg64hXfk=
31,43,QpDMMq1G2t88kjdGkQ7JNuWzGpw=,ZX2HmX6B6ubGWjODnOdSg64hXfk=
31,41,QpDMMq1G2t88kjdGkQ7JNuWzGpw=,ZX2HmX6B6ubGWjODnOdSg64hXfk=
17,47,QpDMMq1G2t88kjdGkQ7JNuWzGpw=,40AshNl+s/2V+iAIp8o7S4zM0Lc=
31,39,QpDMMq1G2t88kjdGkQ7JNuWzGpw=,wAa5qhGoJzr67Ur6eDFuGhdCTdQ=
31,42,QpDMMq1G2t88kjdGkQ7JNuWzGpw=,ZX2HmX6B6ubGWjODnOdSg64hXfk=
18,47,QpDMMq1G2t88kjdGkQ7JNuWzGpw=,40AshNl+s/2V+iAIp8o7S4zM0Lc=
31,40,QpDMMq1G2t88kjdGkQ7JNuWzGpw=,ZX2HmX6B6ubGWjODnOdSg64hXfk=
19,47,QpDMMq1G2t88kjdGkQ7JNuWzGpw=,40AshNl+s/2V+iAIp8o7S4zM0Lc=
20,47,QpDMMq1G2t88kjdGkQ7JNuWzGpw=,hMedQJBy9bWvTHz0zSSbYeM+lDw=
21,47,QpDMMq1G2t88kjdGkQ7JNuWzGpw=,hMedQJBy9bWvTHz0zSSbYeM+lDw=
22,47,QpDMMq1G2t88kjdGkQ7JNuWzGpw=,hMedQJBy9bWvTHz0zSSbYeM+lDw=
25,47,QpDMMq1G2t88kjdGkQ7JNuWzGpw=,s16IzkbhInBgOPScRYDGZIrAqK8=
24,47,QpDMMq1G2t88kjdGkQ7JNuWzGpw=,s16IzkbhInBgOPScRYDGZIrAqK8=
26,47,QpDMMq1G2t88kjdGkQ7JNuWzGpw=,s16IzkbhInBgOPScRYDGZIrAqK8=
23,47,QpDMMq1G2t88kjdGkQ7JNuWzGpw=,hMedQJBy9bWvTHz0zSSbYeM+lDw=
27,47,QpDMMq1G2t88kjdGkQ7JNuWzGpw=,s16IzkbhInBgOPScRYDGZIrAqK8=
16,44,QpDMMq1G2t88kjdGkQ7JNuWzGpw=,40AshNl+s/2V+iAIp8o7S4zM0Lc=
16,46,QpDMMq1G2t88kjdGkQ7JNuWzGpw=,40AshNl+s/2V+iAIp8o7S4zM0Lc=
16,45,QpDMMq1G2t88kjdGkQ7JNuWzGpw=,40AshNl+s/2V+iAIp8o7S4zM0Lc=
16,43,QpDMMq1G2t88kjdGkQ7JNuWzGpw=,TULUhDVzHQUrh06wv9DQudy+6wE=
16,47,QpDMMq1G2t88kjdGkQ7JNuWzGpw=,40AshNl+s/2V+iAIp8o7S4zM0Lc=
16,32,QpDMMq1G2t88kjdGkQ7JNuWzGpw=,tYgwbhjRYadjELrARn0CjjDD7Ow=
31,32,QpDMMq1G2t88kjdGkQ7JNuWzGpw=,wJKxeKUTe1DhBlTrUD721Z0yaKs=
