-3,273,SNODYVe8J5r9gOHUC5J7+fD5SFQ=,dYTFabSnJJ9XPt6mvZG63G9JOEs=
-2,273,SNODYVe8J5r9gOHUC5J7+fD5SFQ=,dYTFabSnJJ9XPt6mvZG63G9JOEs=
-3,274,SNODYVe8J5r9gOHUC5J7+fD5SFQ=,dYTFabSnJJ9XPt6mvZG63G9JOEs=
-2,274,SNODYVe8J5r9gOHUC5J7+fD5SFQ=,dYTFabSnJJ9XPt6mvZG63G9JOEs=
-4,282,SNODYVe8J5r9gOHUC5J7+fD5SFQ=,XcaF4kmyLTHHVQqjBEspk9z/DNo=
-5,281,SNODYVe8J5r9gOHUC5J7+fD5SFQ=,2oUR0g4wTtq0Tcj1R1C2kagFzTY=
-3,281,SNODYVe8J5r9gOHUC5J7+fD5SFQ=,XcaF4kmyLTHHVQqjBEspk9z/DNo=
-2,281,SNODYVe8J5r9gOHUC5J7+fD5SFQ=,XcaF4kmyLTHHVQqjBEspk9z/DNo=
-3,282,SNODYVe8J5r9gOHUC5J7+fD5SFQ=,XcaF4kmyLTHHVQqjBEspk9z/DNo=
-2,282,SNODYVe8J5r9gOHUC5J7+fD5SFQ=,XcaF4kmyLTHHVQqjBEspk9z/DNo=
-5,282,SNODYVe8J5r9gOHUC5J7+fD5SFQ=,2oUR0g4wTtq0Tcj1R1C2kagFzTY=
-2,276,SNODYVe8J5r9gOHUC5J7+fD5SFQ=,wDZMURmpEsoq5OVLsp5gwPEJBTM=
-3,278,SNODYVe8J5r9gOHUC5J7+fD5SFQ=,wDZMURmpEsoq5OVLsp5gwPEJBTM=
-5,278,SNODYVe8J5r9gOHUC5J7+fD5SFQ=,4L6WmLAkwN1238+mH7wZY30VVcE=
-5,280,SNODYVe8J5r9gOHUC5J7+fD5SFQ=,2oUR0g4wTtq0Tcj1R1C2kagFzTY=
-5,277,SNODYVe8J5r9gOHUC5J7+fD5SFQ=,4L6WmLAkwN1238+mH7wZY30VVcE=
-5,279,SNODYVe8J5r9gOHUC5J7+fD5SFQ=,4L6WmLAkwN1238+mH7wZY30VVcE=
-3,280,SNODYVe8J5r9gOHUC5J7+fD5SFQ=,XcaF4kmyLTHHVQqjBEspk9z/DNo=
-4,278,SNODYVe8J5r9gOHUC5J7+fD5SFQ=,wDZMURmpEsoq5OVLsp5gwPEJBTM=
-4,280,SNODYVe8J5r9gOHUC5J7+fD5SFQ=,XcaF4kmyLTHHVQqjBEspk9z/DNo=
-3,277,SNODYVe8J5r9gOHUC5J7+fD5SFQ=,wDZMURmpEsoq5OVLsp5gwPEJBTM=
-3,276,SNODYVe8J5r9gOHUC5J7+fD5SFQ=,wDZMURmpEsoq5OVLsp5gwPEJBTM=
-4,281,SNODYVe8J5r9gOHUC5J7+fD5SFQ=,XcaF4kmyLTHHVQqjBEspk9z/DNo=
-3,279,SNODYVe8J5r9gOHUC5J7+fD5SFQ=,wDZMURmpEsoq5OVLsp5gwPEJBTM=
-3,275,SNODYVe8J5r9gOHUC5J7+fD5SFQ=,dYTFabSnJJ9XPt6mvZG63G9JOEs=
-4,277,SNODYVe8J5r9gOHUC5J7+fD5SFQ=,wDZMURmpEsoq5OVLsp5gwPEJBTM=
-2,277,SNODYVe8J5r9gOHUC5J7+fD5SFQ=,wDZMURmpEsoq5OVLsp5gwPEJBTM=
-3,283,SNODYVe8J5r9gOHUC5J7+fD5SFQ=,XcaF4kmyLTHHVQqjBEspk9z/DNo=
-2,286,SNODYVe8J5r9gOHUC5J7+fD5SFQ=,+A6d+CeEovJ2m4y0Yw8Pzzo2BPQ=
-3,284,SNODYVe8J5r9gOHUC5J7+fD5SFQ=,+A6d+CeEovJ2m4y0Yw8Pzzo2BPQ=
-4,279,SNODYVe8J5r9gOHUC5J7+fD5SFQ=,wDZMURmpEsoq5OVLsp5gwPEJBTM=
-2,283,SNODYVe8J5r9gOHUC5J7+fD5SFQ=,XcaF4kmyLTHHVQqjBEspk9z/DNo=
-3,285,SNODYVe8J5r9gOHUC5J7+fD5SFQ=,+A6d+CeEovJ2m4y0Yw8Pzzo2BPQ=
-2,284,SNODYVe8J5r9gOHUC5J7+fD5SFQ=,+A6d+CeEovJ2m4y0Yw8Pzzo2BPQ=
-2,275,SNODYVe8J5r9gOHUC5J7+fD5SFQ=,dYTFabSnJJ9XPt6mvZG63G9JOEs=
-3,286,SNODYVe8J5r9gOHUC5J7+fD5SFQ=,+A6d+CeEovJ2m4y0Yw8Pzzo2BPQ=
-2,280,SNODYVe8J5r9gOHUC5J7+fD5SFQ=,XcaF4kmyLTHHVQqjBEspk9z/DNo=
-2,279,SNODYVe8J5r9gOHUC5J7+fD5SFQ=,wDZMURmpEsoq5OVLsp5gwPEJBTM=
-2,278,SNODYVe8J5r9gOHUC5J7+fD5SFQ=,wDZMURmpEsoq5OVLsp5gwPEJBTM=
-2,285,SNODYVe8J5r9gOHUC5J7+fD5SFQ=,+A6d+CeEovJ2m4y0Yw8Pzzo2BPQ=
-5,276,SNODYVe8J5r9gOHUC5J7+fD5SFQ=,4L6WmLAkwN1238+mH7wZY30VVcE=
-4,276,SNODYVe8J5r9gOHUC5J7+fD5SFQ=,wDZMURmpEsoq5OVLsp5gwPEJBTM=
-5,275,SNODYVe8J5r9gOHUC5J7+fD5SFQ=,VgwWGvqxYrj2Nk2Ah6ck5RECWJg=
-4,273,SNODYVe8J5r9gOHUC5J7+fD5SFQ=,dYTFabSnJJ9XPt6mvZG63G9JOEs=
-5,273,SNODYVe8J5r9gOHUC5J7+fD5SFQ=,VgwWGvqxYrj2Nk2Ah6ck5RECWJg=
-5,274,SNODYVe8J5r9gOHUC5J7+fD5SFQ=,VgwWGvqxYrj2Nk2Ah6ck5RECWJg=
-4,275,SNODYVe8J5r9gOHUC5J7+fD5SFQ=,dYTFabSnJJ9XPt6mvZG63G9JOEs=
-4,274,SNODYVe8J5r9gOHUC5J7+fD5SFQ=,dYTFabSnJJ9XPt6mvZG63G9JOEs=
-4,284,SNODYVe8J5r9gOHUC5J7+fD5SFQ=,+A6d+CeEovJ2m4y0Yw8Pzzo2BPQ=
-4,283,tr0xoz0+aYjpbOcbMR/iSXPsxZY=,XcaF4kmyLTHHVQqjBEspk9z/DNo=
-5,284,tr0xoz0+aYjpbOcbMR/iSXPsxZY=,JYzOHOSJFNPRPKEf0cx+h1XKvwk=
-5,285,tr0xoz0+aYjpbOcbMR/iSXPsxZY=,JYzOHOSJFNPRPKEf0cx+h1XKvwk=
-4,285,tr0xoz0+aYjpbOcbMR/iSXPsxZY=,+A6d+CeEovJ2m4y0Yw8Pzzo2BPQ=
-4,286,tr0xoz0+aYjpbOcbMR/iSXPsxZY=,+A6d+CeEovJ2m4y0Yw8Pzzo2BPQ=
-5,286,tr0xoz0+aYjpbOcbMR/iSXPsxZY=,JYzOHOSJFNPRPKEf0cx+h1XKvwk=
-5,283,tr0xoz0+aYjpbOcbMR/iSXPsxZY=,2oUR0g4wTtq0Tcj1R1C2kagFzTY=
-1,286,tr0xoz0+aYjpbOcbMR/iSXPsxZY=,+A6d+CeEovJ2m4y0Yw8Pzzo2BPQ=
-1,285,tr0xoz0+aYjpbOcbMR/iSXPsxZY=,+A6d+CeEovJ2m4y0Yw8Pzzo2BPQ=
-1,284,tr0xoz0+aYjpbOcbMR/iSXPsxZY=,+A6d+CeEovJ2m4y0Yw8Pzzo2BPQ=
-1,282,tr0xoz0+aYjpbOcbMR/iSXPsxZY=,XcaF4kmyLTHHVQqjBEspk9z/DNo=
-1,281,tr0xoz0+aYjpbOcbMR/iSXPsxZY=,XcaF4kmyLTHHVQqjBEspk9z/DNo=
-1,283,tr0xoz0+aYjpbOcbMR/iSXPsxZY=,XcaF4kmyLTHHVQqjBEspk9z/DNo=
-1,280,tr0xoz0+aYjpbOcbMR/iSXPsxZY=,XcaF4kmyLTHHVQqjBEspk9z/DNo=
-1,279,tr0xoz0+aYjpbOcbMR/iSXPsxZY=,wDZMURmpEsoq5OVLsp5gwPEJBTM=
-1,277,tr0xoz0+aYjpbOcbMR/iSXPsxZY=,wDZMURmpEsoq5OVLsp5gwPEJBTM=
-1,278,tr0xoz0+aYjpbOcbMR/iSXPsxZY=,wDZMURmpEsoq5OVLsp5gwPEJBTM=
-5,272,tr0xoz0+aYjpbOcbMR/iSXPsxZY=,VgwWGvqxYrj2Nk2Ah6ck5RECWJg=
-4,272,tr0xoz0+aYjpbOcbMR/iSXPsxZY=,dYTFabSnJJ9XPt6mvZG63G9JOEs=
-4,287,tr0xoz0+aYjpbOcbMR/iSXPsxZY=,+A6d+CeEovJ2m4y0Yw8Pzzo2BPQ=
-3,287,tr0xoz0+aYjpbOcbMR/iSXPsxZY=,+A6d+CeEovJ2m4y0Yw8Pzzo2BPQ=
-5,287,tr0xoz0+aYjpbOcbMR/iSXPsxZY=,JYzOHOSJFNPRPKEf0cx+h1XKvwk=
-3,272,tr0xoz0+aYjpbOcbMR/iSXPsxZY=,dYTFabSnJJ9XPt6mvZG63G9JOEs=
-1,274,tr0xoz0+aYjpbOcbMR/iSXPsxZY=,dYTFabSnJJ9XPt6mvZG63G9JOEs=
-1,272,tr0xoz0+aYjpbOcbMR/iSXPsxZY=,dYTFabSnJJ9XPt6mvZG63G9JOEs=
-2,272,tr0xoz0+aYjpbOcbMR/iSXPsxZY=,dYTFabSnJJ9XPt6mvZG63G9JOEs=
-1,273,tr0xoz0+aYjpbOcbMR/iSXPsxZY=,dYTFabSnJJ9XPt6mvZG63G9JOEs=
-2,287,tr0xoz0+aYjpbOcbMR/iSXPsxZY=,+A6d+CeEovJ2m4y0Yw8Pzzo2BPQ=
-1,276,tr0xoz0+aYjpbOcbMR/iSXPsxZY=,wDZMURmpEsoq5OVLsp5gwPEJBTM=
-1,275,tr0xoz0+aYjpbOcbMR/iSXPsxZY=,dYTFabSnJJ9XPt6mvZG63G9JOEs=
-1,287,tr0xoz0+aYjpbOcbMR/iSXPsxZY=,+A6d+CeEovJ2m4y0Yw8Pzzo2BPQ=
-5,265,r5Z/FACLEGKJTPHXC7msruaY1To=,cdvW3D5GxL3eMcSZ2dgfnlBWUMQ=
-3,266,O3wo2il+TNdnZmgwm3E6m4z7bYs=,FVlyrK1WlAtjYmF1Fqcsyh9HoVY=
-4,266,O3wo2il+TNdnZmgwm3E6m4z7bYs=,FVlyrK1WlAtjYmF1Fqcsyh9HoVY=
-4,268,O3wo2il+TNdnZmgwm3E6m4z7bYs=,2AAzEUtjmfvNG8sxrTse0sXagOQ=
-3,268,O3wo2il+TNdnZmgwm3E6m4z7bYs=,2AAzEUtjmfvNG8sxrTse0sXagOQ=
-2,265,O3wo2il+TNdnZmgwm3E6m4z7bYs=,FVlyrK1WlAtjYmF1Fqcsyh9HoVY=
-3,265,O3wo2il+TNdnZmgwm3E6m4z7bYs=,FVlyrK1WlAtjYmF1Fqcsyh9HoVY=
-5,266,O3wo2il+TNdnZmgwm3E6m4z7bYs=,cdvW3D5GxL3eMcSZ2dgfnlBWUMQ=
-3,267,O3wo2il+TNdnZmgwm3E6m4z7bYs=,FVlyrK1WlAtjYmF1Fqcsyh9HoVY=
-5,268,O3wo2il+TNdnZmgwm3E6m4z7bYs=,FBZWwpYIos6oxwQGxdzxQj5ExXk=
-2,266,O3wo2il+TNdnZmgwm3E6m4z7bYs=,FVlyrK1WlAtjYmF1Fqcsyh9HoVY=
-4,267,O3wo2il+TNdnZmgwm3E6m4z7bYs=,FVlyrK1WlAtjYmF1Fqcsyh9HoVY=
-5,270,O3wo2il+TNdnZmgwm3E6m4z7bYs=,FBZWwpYIos6oxwQGxdzxQj5ExXk=
-3,270,O3wo2il+TNdnZmgwm3E6m4z7bYs=,2AAzEUtjmfvNG8sxrTse0sXagOQ=
-5,269,O3wo2il+TNdnZmgwm3E6m4z7bYs=,FBZWwpYIos6oxwQGxdzxQj5ExXk=
-5,267,O3wo2il+TNdnZmgwm3E6m4z7bYs=,cdvW3D5GxL3eMcSZ2dgfnlBWUMQ=
-3,269,O3wo2il+TNdnZmgwm3E6m4z7bYs=,2AAzEUtjmfvNG8sxrTse0sXagOQ=
-4,270,O3wo2il+TNdnZmgwm3E6m4z7bYs=,2AAzEUtjmfvNG8sxrTse0sXagOQ=
-4,269,O3wo2il+TNdnZmgwm3E6m4z7bYs=,2AAzEUtjmfvNG8sxrTse0sXagOQ=
-2,269,O3wo2il+TNdnZmgwm3E6m4z7bYs=,2AAzEUtjmfvNG8sxrTse0sXagOQ=
-4,263,O3wo2il+TNdnZmgwm3E6m4z7bYs=,kgMC0RxhjHRV5nY52ok+TUkfNOU=
-3,263,O3wo2il+TNdnZmgwm3E6m4z7bYs=,kgMC0RxhjHRV5nY52ok+TUkfNOU=
-4,264,O3wo2il+TNdnZmgwm3E6m4z7bYs=,FVlyrK1WlAtjYmF1Fqcsyh9HoVY=
-4,262,O3wo2il+TNdnZmgwm3E6m4z7bYs=,kgMC0RxhjHRV5nY52ok+TUkfNOU=
-3,264,O3wo2il+TNdnZmgwm3E6m4z7bYs=,FVlyrK1WlAtjYmF1Fqcsyh9HoVY=
-2,268,O3wo2il+TNdnZmgwm3E6m4z7bYs=,2AAzEUtjmfvNG8sxrTse0sXagOQ=
-2,270,O3wo2il+TNdnZmgwm3E6m4z7bYs=,2AAzEUtjmfvNG8sxrTse0sXagOQ=
-5,262,O3wo2il+TNdnZmgwm3E6m4z7bYs=,oJ6i5OEH7vFol8XsQyxkBlD6ttc=
-5,263,O3wo2il+TNdnZmgwm3E6m4z7bYs=,oJ6i5OEH7vFol8XsQyxkBlD6ttc=
-5,264,O3wo2il+TNdnZmgwm3E6m4z7bYs=,cdvW3D5GxL3eMcSZ2dgfnlBWUMQ=
-3,261,O3wo2il+TNdnZmgwm3E6m4z7bYs=,kgMC0RxhjHRV5nY52ok+TUkfNOU=
-4,261,O3wo2il+TNdnZmgwm3E6m4z7bYs=,kgMC0RxhjHRV5nY52ok+TUkfNOU=
-5,261,O3wo2il+TNdnZmgwm3E6m4z7bYs=,oJ6i5OEH7vFol8XsQyxkBlD6ttc=
-2,260,O3wo2il+TNdnZmgwm3E6m4z7bYs=,kgMC0RxhjHRV5nY52ok+TUkfNOU=
-4,259,O3wo2il+TNdnZmgwm3E6m4z7bYs=,5a0kVQrum0fulPL13UtrbpQ/RDU=
-3,259,O3wo2il+TNdnZmgwm3E6m4z7bYs=,5a0kVQrum0fulPL13UtrbpQ/RDU=
-2,264,O3wo2il+TNdnZmgwm3E6m4z7bYs=,FVlyrK1WlAtjYmF1Fqcsyh9HoVY=
-3,262,O3wo2il+TNdnZmgwm3E6m4z7bYs=,kgMC0RxhjHRV5nY52ok+TUkfNOU=
-5,258,O3wo2il+TNdnZmgwm3E6m4z7bYs=,sHAK973vUUfJW+BUqrCCyIbrBns=
-3,260,O3wo2il+TNdnZmgwm3E6m4z7bYs=,kgMC0RxhjHRV5nY52ok+TUkfNOU=
-4,260,O3wo2il+TNdnZmgwm3E6m4z7bYs=,kgMC0RxhjHRV5nY52ok+TUkfNOU=
-2,267,O3wo2il+TNdnZmgwm3E6m4z7bYs=,FVlyrK1WlAtjYmF1Fqcsyh9HoVY=
-2,263,O3wo2il+TNdnZmgwm3E6m4z7bYs=,kgMC0RxhjHRV5nY52ok+TUkfNOU=
-3,258,O3wo2il+TNdnZmgwm3E6m4z7bYs=,5a0kVQrum0fulPL13UtrbpQ/RDU=
-4,258,O3wo2il+TNdnZmgwm3E6m4z7bYs=,5a0kVQrum0fulPL13UtrbpQ/RDU=
-5,260,O3wo2il+TNdnZmgwm3E6m4z7bYs=,oJ6i5OEH7vFol8XsQyxkBlD6ttc=
-2,259,O3wo2il+TNdnZmgwm3E6m4z7bYs=,5a0kVQrum0fulPL13UtrbpQ/RDU=
-5,257,O3wo2il+TNdnZmgwm3E6m4z7bYs=,sHAK973vUUfJW+BUqrCCyIbrBns=
-5,259,O3wo2il+TNdnZmgwm3E6m4z7bYs=,sHAK973vUUfJW+BUqrCCyIbrBns=
-4,257,O3wo2il+TNdnZmgwm3E6m4z7bYs=,5a0kVQrum0fulPL13UtrbpQ/RDU=
-3,257,O3wo2il+TNdnZmgwm3E6m4z7bYs=,5a0kVQrum0fulPL13UtrbpQ/RDU=
-2,262,O3wo2il+TNdnZmgwm3E6m4z7bYs=,kgMC0RxhjHRV5nY52ok+TUkfNOU=
-2,258,O3wo2il+TNdnZmgwm3E6m4z7bYs=,5a0kVQrum0fulPL13UtrbpQ/RDU=
-2,261,O3wo2il+TNdnZmgwm3E6m4z7bYs=,kgMC0RxhjHRV5nY52ok+TUkfNOU=
-2,257,O3wo2il+TNdnZmgwm3E6m4z7bYs=,5a0kVQrum0fulPL13UtrbpQ/RDU=
-4,265,O3wo2il+TNdnZmgwm3E6m4z7bYs=,FVlyrK1WlAtjYmF1Fqcsyh9HoVY=
-1,258,O3wo2il+TNdnZmgwm3E6m4z7bYs=,5a0kVQrum0fulPL13UtrbpQ/RDU=
-1,257,O3wo2il+TNdnZmgwm3E6m4z7bYs=,5a0kVQrum0fulPL13UtrbpQ/RDU=
-1,262,O3wo2il+TNdnZmgwm3E6m4z7bYs=,kgMC0RxhjHRV5nY52ok+TUkfNOU=
-1,261,O3wo2il+TNdnZmgwm3E6m4z7bYs=,kgMC0RxhjHRV5nY52ok+TUkfNOU=
-1,260,O3wo2il+TNdnZmgwm3E6m4z7bYs=,kgMC0RxhjHRV5nY52ok+TUkfNOU=
-1,259,O3wo2il+TNdnZmgwm3E6m4z7bYs=,5a0kVQrum0fulPL13UtrbpQ/RDU=
-1,267,O3wo2il+TNdnZmgwm3E6m4z7bYs=,FVlyrK1WlAtjYmF1Fqcsyh9HoVY=
-1,264,O3wo2il+TNdnZmgwm3E6m4z7bYs=,FVlyrK1WlAtjYmF1Fqcsyh9HoVY=
-1,265,O3wo2il+TNdnZmgwm3E6m4z7bYs=,FVlyrK1WlAtjYmF1Fqcsyh9HoVY=
-1,266,O3wo2il+TNdnZmgwm3E6m4z7bYs=,FVlyrK1WlAtjYmF1Fqcsyh9HoVY=
-1,269,O3wo2il+TNdnZmgwm3E6m4z7bYs=,2AAzEUtjmfvNG8sxrTse0sXagOQ=
-1,268,O3wo2il+TNdnZmgwm3E6m4z7bYs=,2AAzEUtjmfvNG8sxrTse0sXagOQ=
-1,270,O3wo2il+TNdnZmgwm3E6m4z7bYs=,2AAzEUtjmfvNG8sxrTse0sXagOQ=
-1,263,O3wo2il+TNdnZmgwm3E6m4z7bYs=,kgMC0RxhjHRV5nY52ok+TUkfNOU=
-5,256,8Ilimcr3WQB36qXKyMrh/uuaYkY=,sHAK973vUUfJW+BUqrCCyIbrBns=
-3,256,8Ilimcr3WQB36qXKyMrh/uuaYkY=,5a0kVQrum0fulPL13UtrbpQ/RDU=
-4,256,8Ilimcr3WQB36qXKyMrh/uuaYkY=,5a0kVQrum0fulPL13UtrbpQ/RDU=
-3,271,8Ilimcr3WQB36qXKyMrh/uuaYkY=,2AAzEUtjmfvNG8sxrTse0sXagOQ=
-5,271,8Ilimcr3WQB36qXKyMrh/uuaYkY=,FBZWwpYIos6oxwQGxdzxQj5ExXk=
-2,271,8Ilimcr3WQB36qXKyMrh/uuaYkY=,2AAzEUtjmfvNG8sxrTse0sXagOQ=
-1,271,8Ilimcr3WQB36qXKyMrh/uuaYkY=,2AAzEUtjmfvNG8sxrTse0sXagOQ=
-1,256,8Ilimcr3WQB36qXKyMrh/uuaYkY=,5a0kVQrum0fulPL13UtrbpQ/RDU=
-4,271,8Ilimcr3WQB36qXKyMrh/uuaYkY=,2AAzEUtjmfvNG8sxrTse0sXagOQ=
-2,256,8Ilimcr3WQB36qXKyMrh/uuaYkY=,5a0kVQrum0fulPL13UtrbpQ/RDU=
