49,209,mCnJIvRJK5zY+QdMm5JZ6rVKlUA=,H8wVVq+3c9ve4x3Q+fhSP9GYras=
50,209,mCnJIvRJK5zY+QdMm5JZ6rVKlUA=,H8wVVq+3c9ve4x3Q+fhSP9GYras=
49,213,mCnJIvRJK5zY+QdMm5JZ6rVKlUA=,pywPFLPAcBAtKZtZh9NNRkiR+4s=
50,210,mCnJIvRJK5zY+QdMm5JZ6rVKlUA=,H8wVVq+3c9ve4x3Q+fhSP9GYras=
49,210,mCnJIvRJK5zY+QdMm5JZ6rVKlUA=,H8wVVq+3c9ve4x3Q+fhSP9GYras=
50,213,mCnJIvRJK5zY+QdMm5JZ6rVKlUA=,pywPFLPAcBAtKZtZh9NNRkiR+4s=
49,211,mCnJIvRJK5zY+QdMm5JZ6rVKlUA=,H8wVVq+3c9ve4x3Q+fhSP9GYras=
50,211,mCnJIvRJK5zY+QdMm5JZ6rVKlUA=,H8wVVq+3c9ve4x3Q+fhSP9GYras=
49,212,mCnJIvRJK5zY+QdMm5JZ6rVKlUA=,pywPFLPAcBAtKZtZh9NNRkiR+4s=
50,212,mCnJIvRJK5zY+QdMm5JZ6rVKlUA=,pywPFLPAcBAtKZtZh9NNRkiR+4s=
49,214,mCnJIvRJK5zY+QdMm5JZ6rVKlUA=,pywPFLPAcBAtKZtZh9NNRkiR+4s=
50,214,mCnJIvRJK5zY+QdMm5JZ6rVKlUA=,pywPFLPAcBAtKZtZh9NNRkiR+4s=
51,210,mCnJIvRJK5zY+QdMm5JZ6rVKlUA=,H8wVVq+3c9ve4x3Q+fhSP9GYras=
51,209,mCnJIvRJK5zY+QdMm5JZ6rVKlUA=,H8wVVq+3c9ve4x3Q+fhSP9GYras=
54,209,mCnJIvRJK5zY+QdMm5JZ6rVKlUA=,u0cInp+UBXGyqdncWjNgDY3tlXM=
54,210,mCnJIvRJK5zY+QdMm5JZ6rVKlUA=,u0cInp+UBXGyqdncWjNgDY3tlXM=
52,210,mCnJIvRJK5zY+QdMm5JZ6rVKlUA=,u0cInp+UBXGyqdncWjNgDY3tlXM=
53,209,mCnJIvRJK5zY+QdMm5JZ6rVKlUA=,u0cInp+UBXGyqdncWjNgDY3tlXM=
53,210,mCnJIvRJK5zY+QdMm5JZ6rVKlUA=,u0cInp+UBXGyqdncWjNgDY3tlXM=
52,209,mCnJIvRJK5zY+QdMm5JZ6rVKlUA=,u0cInp+UBXGyqdncWjNgDY3tlXM=
54,214,mCnJIvRJK5zY+QdMm5JZ6rVKlUA=,lnjBh//nkh17NSGpxYDCfeqkKBU=
52,213,mCnJIvRJK5zY+QdMm5JZ6rVKlUA=,lnjBh//nkh17NSGpxYDCfeqkKBU=
53,212,mCnJIvRJK5zY+QdMm5JZ6rVKlUA=,lnjBh//nkh17NSGpxYDCfeqkKBU=
52,214,mCnJIvRJK5zY+QdMm5JZ6rVKlUA=,lnjBh//nkh17NSGpxYDCfeqkKBU=
53,213,mCnJIvRJK5zY+QdMm5JZ6rVKlUA=,lnjBh//nkh17NSGpxYDCfeqkKBU=
54,212,mCnJIvRJK5zY+QdMm5JZ6rVKlUA=,lnjBh//nkh17NSGpxYDCfeqkKBU=
53,211,mCnJIvRJK5zY+QdMm5JZ6rVKlUA=,u0cInp+UBXGyqdncWjNgDY3tlXM=
52,211,mCnJIvRJK5zY+QdMm5JZ6rVKlUA=,u0cInp+UBXGyqdncWjNgDY3tlXM=
51,212,mCnJIvRJK5zY+QdMm5JZ6rVKlUA=,pywPFLPAcBAtKZtZh9NNRkiR+4s=
54,213,mCnJIvRJK5zY+QdMm5JZ6rVKlUA=,lnjBh//nkh17NSGpxYDCfeqkKBU=
51,211,mCnJIvRJK5zY+QdMm5JZ6rVKlUA=,H8wVVq+3c9ve4x3Q+fhSP9GYras=
52,212,mCnJIvRJK5zY+QdMm5JZ6rVKlUA=,lnjBh//nkh17NSGpxYDCfeqkKBU=
54,211,mCnJIvRJK5zY+QdMm5JZ6rVKlUA=,u0cInp+UBXGyqdncWjNgDY3tlXM=
51,213,mCnJIvRJK5zY+QdMm5JZ6rVKlUA=,pywPFLPAcBAtKZtZh9NNRkiR+4s=
51,214,mCnJIvRJK5zY+QdMm5JZ6rVKlUA=,pywPFLPAcBAtKZtZh9NNRkiR+4s=
53,214,mCnJIvRJK5zY+QdMm5JZ6rVKlUA=,lnjBh//nkh17NSGpxYDCfeqkKBU=
49,208,CnKDZo+4nf3U67GLOVnFDUM8cuw=,H8wVVq+3c9ve4x3Q+fhSP9GYras=
50,208,CnKDZo+4nf3U67GLOVnFDUM8cuw=,H8wVVq+3c9ve4x3Q+fhSP9GYras=
51,208,CnKDZo+4nf3U67GLOVnFDUM8cuw=,H8wVVq+3c9ve4x3Q+fhSP9GYras=
54,208,CnKDZo+4nf3U67GLOVnFDUM8cuw=,u0cInp+UBXGyqdncWjNgDY3tlXM=
52,208,CnKDZo+4nf3U67GLOVnFDUM8cuw=,u0cInp+UBXGyqdncWjNgDY3tlXM=
53,208,CnKDZo+4nf3U67GLOVnFDUM8cuw=,u0cInp+UBXGyqdncWjNgDY3tlXM=
55,208,CnKDZo+4nf3U67GLOVnFDUM8cuw=,u0cInp+UBXGyqdncWjNgDY3tlXM=
55,210,CnKDZo+4nf3U67GLOVnFDUM8cuw=,u0cInp+UBXGyqdncWjNgDY3tlXM=
55,209,CnKDZo+4nf3U67GLOVnFDUM8cuw=,u0cInp+UBXGyqdncWjNgDY3tlXM=
55,212,CnKDZo+4nf3U67GLOVnFDUM8cuw=,lnjBh//nkh17NSGpxYDCfeqkKBU=
55,211,CnKDZo+4nf3U67GLOVnFDUM8cuw=,u0cInp+UBXGyqdncWjNgDY3tlXM=
55,213,CnKDZo+4nf3U67GLOVnFDUM8cuw=,lnjBh//nkh17NSGpxYDCfeqkKBU=
55,214,CnKDZo+4nf3U67GLOVnFDUM8cuw=,lnjBh//nkh17NSGpxYDCfeqkKBU=
54,215,3BzgcMBCqpIYgEUfzTDvTtqdJ9U=,lnjBh//nkh17NSGpxYDCfeqkKBU=
53,215,3BzgcMBCqpIYgEUfzTDvTtqdJ9U=,lnjBh//nkh17NSGpxYDCfeqkKBU=
48,209,3BzgcMBCqpIYgEUfzTDvTtqdJ9U=,H8wVVq+3c9ve4x3Q+fhSP9GYras=
48,210,3BzgcMBCqpIYgEUfzTDvTtqdJ9U=,H8wVVq+3c9ve4x3Q+fhSP9GYras=
48,213,3BzgcMBCqpIYgEUfzTDvTtqdJ9U=,pywPFLPAcBAtKZtZh9NNRkiR+4s=
48,211,3BzgcMBCqpIYgEUfzTDvTtqdJ9U=,H8wVVq+3c9ve4x3Q+fhSP9GYras=
52,215,3BzgcMBCqpIYgEUfzTDvTtqdJ9U=,lnjBh//nkh17NSGpxYDCfeqkKBU=
48,214,3BzgcMBCqpIYgEUfzTDvTtqdJ9U=,pywPFLPAcBAtKZtZh9NNRkiR+4s=
49,215,3BzgcMBCqpIYgEUfzTDvTtqdJ9U=,pywPFLPAcBAtKZtZh9NNRkiR+4s=
50,215,3BzgcMBCqpIYgEUfzTDvTtqdJ9U=,pywPFLPAcBAtKZtZh9NNRkiR+4s=
51,215,3BzgcMBCqpIYgEUfzTDvTtqdJ9U=,pywPFLPAcBAtKZtZh9NNRkiR+4s=
48,212,3BzgcMBCqpIYgEUfzTDvTtqdJ9U=,pywPFLPAcBAtKZtZh9NNRkiR+4s=
55,215,3BzgcMBCqpIYgEUfzTDvTtqdJ9U=,lnjBh//nkh17NSGpxYDCfeqkKBU=
48,215,3BzgcMBCqpIYgEUfzTDvTtqdJ9U=,pywPFLPAcBAtKZtZh9NNRkiR+4s=
48,208,3BzgcMBCqpIYgEUfzTDvTtqdJ9U=,H8wVVq+3c9ve4x3Q+fhSP9GYras=
