-69,-108,3iWjIUS3o6mIhi/iz4C2uV//nBE=,ZCVTRunSylVtmbFJRg20yUowqOA=
-70,-108,3iWjIUS3o6mIhi/iz4C2uV//nBE=,ZCVTRunSylVtmbFJRg20yUowqOA=
-69,-105,3iWjIUS3o6mIhi/iz4C2uV//nBE=,ZCVTRunSylVtmbFJRg20yUowqOA=
-69,-109,3iWjIUS3o6mIhi/iz4C2uV//nBE=,ZCVTRunSylVtmbFJRg20yUowqOA=
-71,-108,3iWjIUS3o6mIhi/iz4C2uV//nBE=,ZCVTRunSylVtmbFJRg20yUowqOA=
-67,-106,3iWjIUS3o6mIhi/iz4C2uV//nBE=,ZCVTRunSylVtmbFJRg20yUowqOA=
-68,-105,3iWjIUS3o6mIhi/iz4C2uV//nBE=,ZCVTRunSylVtmbFJRg20yUowqOA=
-65,-109,3iWjIUS3o6mIhi/iz4C2uV//nBE=,ZCVTRunSylVtmbFJRg20yUowqOA=
-66,-109,3iWjIUS3o6mIhi/iz4C2uV//nBE=,ZCVTRunSylVtmbFJRg20yUowqOA=
-67,-105,3iWjIUS3o6mIhi/iz4C2uV//nBE=,ZCVTRunSylVtmbFJRg20yUowqOA=
-67,-109,3iWjIUS3o6mIhi/iz4C2uV//nBE=,ZCVTRunSylVtmbFJRg20yUowqOA=
-70,-105,3iWjIUS3o6mIhi/iz4C2uV//nBE=,ZCVTRunSylVtmbFJRg20yUowqOA=
-71,-109,3iWjIUS3o6mIhi/iz4C2uV//nBE=,ZCVTRunSylVtmbFJRg20yUowqOA=
-69,-110,3iWjIUS3o6mIhi/iz4C2uV//nBE=,ZCVTRunSylVtmbFJRg20yUowqOA=
-66,-107,3iWjIUS3o6mIhi/iz4C2uV//nBE=,ZCVTRunSylVtmbFJRg20yUowqOA=
-71,-112,3iWjIUS3o6mIhi/iz4C2uV//nBE=,ZCVTRunSylVtmbFJRg20yUowqOA=
-70,-109,3iWjIUS3o6mIhi/iz4C2uV//nBE=,ZCVTRunSylVtmbFJRg20yUowqOA=
-71,-110,3iWjIUS3o6mIhi/iz4C2uV//nBE=,ZCVTRunSylVtmbFJRg20yUowqOA=
-68,-109,3iWjIUS3o6mIhi/iz4C2uV//nBE=,ZCVTRunSylVtmbFJRg20yUowqOA=
-69,-106,3iWjIUS3o6mIhi/iz4C2uV//nBE=,ZCVTRunSylVtmbFJRg20yUowqOA=
-71,-107,3iWjIUS3o6mIhi/iz4C2uV//nBE=,ZCVTRunSylVtmbFJRg20yUowqOA=
-69,-111,3iWjIUS3o6mIhi/iz4C2uV//nBE=,ZCVTRunSylVtmbFJRg20yUowqOA=
-72,-108,3iWjIUS3o6mIhi/iz4C2uV//nBE=,ZCVTRunSylVtmbFJRg20yUowqOA=
-72,-107,3iWjIUS3o6mIhi/iz4C2uV//nBE=,ZCVTRunSylVtmbFJRg20yUowqOA=
-70,-106,3iWjIUS3o6mIhi/iz4C2uV//nBE=,ZCVTRunSylVtmbFJRg20yUowqOA=
-65,-108,3iWjIUS3o6mIhi/iz4C2uV//nBE=,ZCVTRunSylVtmbFJRg20yUowqOA=
-66,-108,3iWjIUS3o6mIhi/iz4C2uV//nBE=,ZCVTRunSylVtmbFJRg20yUowqOA=
-68,-108,3iWjIUS3o6mIhi/iz4C2uV//nBE=,ZCVTRunSylVtmbFJRg20yUowqOA=
-65,-110,3iWjIUS3o6mIhi/iz4C2uV//nBE=,ZCVTRunSylVtmbFJRg20yUowqOA=
-69,-112,3iWjIUS3o6mIhi/iz4C2uV//nBE=,ZCVTRunSylVtmbFJRg20yUowqOA=
-72,-110,3iWjIUS3o6mIhi/iz4C2uV//nBE=,ZCVTRunSylVtmbFJRg20yUowqOA=
-72,-109,3iWjIUS3o6mIhi/iz4C2uV//nBE=,ZCVTRunSylVtmbFJRg20yUowqOA=
-65,-111,3iWjIUS3o6mIhi/iz4C2uV//nBE=,ZCVTRunSylVtmbFJRg20yUowqOA=
-70,-110,3iWjIUS3o6mIhi/iz4C2uV//nBE=,ZCVTRunSylVtmbFJRg20yUowqOA=
-67,-107,3iWjIUS3o6mIhi/iz4C2uV//nBE=,ZCVTRunSylVtmbFJRg20yUowqOA=
-66,-110,3iWjIUS3o6mIhi/iz4C2uV//nBE=,ZCVTRunSylVtmbFJRg20yUowqOA=
-71,-105,3iWjIUS3o6mIhi/iz4C2uV//nBE=,ZCVTRunSylVtmbFJRg20yUowqOA=
-65,-107,3iWjIUS3o6mIhi/iz4C2uV//nBE=,ZCVTRunSylVtmbFJRg20yUowqOA=
-72,-112,3iWjIUS3o6mIhi/iz4C2uV//nBE=,ZCVTRunSylVtmbFJRg20yUowqOA=
-67,-108,3iWjIUS3o6mIhi/iz4C2uV//nBE=,ZCVTRunSylVtmbFJRg20yUowqOA=
-68,-107,3iWjIUS3o6mIhi/iz4C2uV//nBE=,ZCVTRunSylVtmbFJRg20yUowqOA=
-71,-106,3iWjIUS3o6mIhi/iz4C2uV//nBE=,ZCVTRunSylVtmbFJRg20yUowqOA=
-67,-110,3iWjIUS3o6mIhi/iz4C2uV//nBE=,ZCVTRunSylVtmbFJRg20yUowqOA=
-72,-106,3iWjIUS3o6mIhi/iz4C2uV//nBE=,ZCVTRunSylVtmbFJRg20yUowqOA=
-72,-111,3iWjIUS3o6mIhi/iz4C2uV//nBE=,ZCVTRunSylVtmbFJRg20yUowqOA=
-68,-106,3iWjIUS3o6mIhi/iz4C2uV//nBE=,ZCVTRunSylVtmbFJRg20yUowqOA=
-68,-112,3iWjIUS3o6mIhi/iz4C2uV//nBE=,ZCVTRunSylVtmbFJRg20yUowqOA=
-66,-111,3iWjIUS3o6mIhi/iz4C2uV//nBE=,ZCVTRunSylVtmbFJRg20yUowqOA=
-71,-111,3iWjIUS3o6mIhi/iz4C2uV//nBE=,ZCVTRunSylVtmbFJRg20yUowqOA=
-72,-105,3iWjIUS3o6mIhi/iz4C2uV//nBE=,ZCVTRunSylVtmbFJRg20yUowqOA=
-68,-110,3iWjIUS3o6mIhi/iz4C2uV//nBE=,ZCVTRunSylVtmbFJRg20yUowqOA=
-66,-106,3iWjIUS3o6mIhi/iz4C2uV//nBE=,ZCVTRunSylVtmbFJRg20yUowqOA=
-70,-112,3iWjIUS3o6mIhi/iz4C2uV//nBE=,ZCVTRunSylVtmbFJRg20yUowqOA=
-65,-106,3iWjIUS3o6mIhi/iz4C2uV//nBE=,ZCVTRunSylVtmbFJRg20yUowqOA=
-68,-111,3iWjIUS3o6mIhi/iz4C2uV//nBE=,ZCVTRunSylVtmbFJRg20yUowqOA=
-65,-105,3iWjIUS3o6mIhi/iz4C2uV//nBE=,ZCVTRunSylVtmbFJRg20yUowqOA=
-70,-111,3iWjIUS3o6mIhi/iz4C2uV//nBE=,ZCVTRunSylVtmbFJRg20yUowqOA=
-70,-107,3iWjIUS3o6mIhi/iz4C2uV//nBE=,ZCVTRunSylVtmbFJRg20yUowqOA=
-69,-107,3iWjIUS3o6mIhi/iz4C2uV//nBE=,ZCVTRunSylVtmbFJRg20yUowqOA=
-67,-111,3iWjIUS3o6mIhi/iz4C2uV//nBE=,ZCVTRunSylVtmbFJRg20yUowqOA=
-66,-105,3iWjIUS3o6mIhi/iz4C2uV//nBE=,ZCVTRunSylVtmbFJRg20yUowqOA=
-67,-112,3iWjIUS3o6mIhi/iz4C2uV//nBE=,ZCVTRunSylVtmbFJRg20yUowqOA=
-65,-112,3iWjIUS3o6mIhi/iz4C2uV//nBE=,ZCVTRunSylVtmbFJRg20yUowqOA=
-66,-112,3iWjIUS3o6mIhi/iz4C2uV//nBE=,ZCVTRunSylVtmbFJRg20yUowqOA=
-77,-115,opefQeIavaBa4D8ejzeRJYccfrk=,d3YSVg2cHBcMfBvEmQFztMbyQMo=
-74,-116,opefQeIavaBa4D8ejzeRJYccfrk=,d3YSVg2cHBcMfBvEmQFztMbyQMo=
-76,-115,opefQeIavaBa4D8ejzeRJYccfrk=,d3YSVg2cHBcMfBvEmQFztMbyQMo=
-75,-116,VBR8cEtFqaT1/93gtam9J6/T0Lo=,d3YSVg2cHBcMfBvEmQFztMbyQMo=
-78,-115,VBR8cEtFqaT1/93gtam9J6/T0Lo=,d3YSVg2cHBcMfBvEmQFztMbyQMo=
-76,-116,VBR8cEtFqaT1/93gtam9J6/T0Lo=,d3YSVg2cHBcMfBvEmQFztMbyQMo=
-79,-115,VBR8cEtFqaT1/93gtam9J6/T0Lo=,d3YSVg2cHBcMfBvEmQFztMbyQMo=
-77,-116,VBR8cEtFqaT1/93gtam9J6/T0Lo=,d3YSVg2cHBcMfBvEmQFztMbyQMo=
-74,-117,VBR8cEtFqaT1/93gtam9J6/T0Lo=,d3YSVg2cHBcMfBvEmQFztMbyQMo=
-75,-117,VBR8cEtFqaT1/93gtam9J6/T0Lo=,d3YSVg2cHBcMfBvEmQFztMbyQMo=
-77,-117,VBR8cEtFqaT1/93gtam9J6/T0Lo=,d3YSVg2cHBcMfBvEmQFztMbyQMo=
-76,-117,VBR8cEtFqaT1/93gtam9J6/T0Lo=,d3YSVg2cHBcMfBvEmQFztMbyQMo=
-78,-117,VBR8cEtFqaT1/93gtam9J6/T0Lo=,d3YSVg2cHBcMfBvEmQFztMbyQMo=
-79,-117,VBR8cEtFqaT1/93gtam9J6/T0Lo=,d3YSVg2cHBcMfBvEmQFztMbyQMo=
-79,-116,VBR8cEtFqaT1/93gtam9J6/T0Lo=,d3YSVg2cHBcMfBvEmQFztMbyQMo=
-75,-118,VBR8cEtFqaT1/93gtam9J6/T0Lo=,d3YSVg2cHBcMfBvEmQFztMbyQMo=
-74,-118,VBR8cEtFqaT1/93gtam9J6/T0Lo=,d3YSVg2cHBcMfBvEmQFztMbyQMo=
-78,-116,VBR8cEtFqaT1/93gtam9J6/T0Lo=,d3YSVg2cHBcMfBvEmQFztMbyQMo=
-79,-118,VBR8cEtFqaT1/93gtam9J6/T0Lo=,d3YSVg2cHBcMfBvEmQFztMbyQMo=
-78,-118,VBR8cEtFqaT1/93gtam9J6/T0Lo=,d3YSVg2cHBcMfBvEmQFztMbyQMo=
-75,-119,VBR8cEtFqaT1/93gtam9J6/T0Lo=,d3YSVg2cHBcMfBvEmQFztMbyQMo=
-74,-119,VBR8cEtFqaT1/93gtam9J6/T0Lo=,d3YSVg2cHBcMfBvEmQFztMbyQMo=
-77,-118,VBR8cEtFqaT1/93gtam9J6/T0Lo=,d3YSVg2cHBcMfBvEmQFztMbyQMo=
-76,-118,VBR8cEtFqaT1/93gtam9J6/T0Lo=,d3YSVg2cHBcMfBvEmQFztMbyQMo=
-76,-119,VBR8cEtFqaT1/93gtam9J6/T0Lo=,d3YSVg2cHBcMfBvEmQFztMbyQMo=
-77,-119,VBR8cEtFqaT1/93gtam9J6/T0Lo=,d3YSVg2cHBcMfBvEmQFztMbyQMo=
-79,-119,VBR8cEtFqaT1/93gtam9J6/T0Lo=,d3YSVg2cHBcMfBvEmQFztMbyQMo=
-78,-119,VBR8cEtFqaT1/93gtam9J6/T0Lo=,d3YSVg2cHBcMfBvEmQFztMbyQMo=
-74,-120,VBR8cEtFqaT1/93gtam9J6/T0Lo=,d3YSVg2cHBcMfBvEmQFztMbyQMo=
-75,-120,VBR8cEtFqaT1/93gtam9J6/T0Lo=,d3YSVg2cHBcMfBvEmQFztMbyQMo=
-76,-120,VBR8cEtFqaT1/93gtam9J6/T0Lo=,d3YSVg2cHBcMfBvEmQFztMbyQMo=
-79,-120,VBR8cEtFqaT1/93gtam9J6/T0Lo=,d3YSVg2cHBcMfBvEmQFztMbyQMo=
-77,-120,VBR8cEtFqaT1/93gtam9J6/T0Lo=,d3YSVg2cHBcMfBvEmQFztMbyQMo=
-75,-114,VBR8cEtFqaT1/93gtam9J6/T0Lo=,d3YSVg2cHBcMfBvEmQFztMbyQMo=
-74,-114,VBR8cEtFqaT1/93gtam9J6/T0Lo=,d3YSVg2cHBcMfBvEmQFztMbyQMo=
-78,-120,VBR8cEtFqaT1/93gtam9J6/T0Lo=,d3YSVg2cHBcMfBvEmQFztMbyQMo=
-77,-114,VBR8cEtFqaT1/93gtam9J6/T0Lo=,d3YSVg2cHBcMfBvEmQFztMbyQMo=
-78,-114,VBR8cEtFqaT1/93gtam9J6/T0Lo=,d3YSVg2cHBcMfBvEmQFztMbyQMo=
-79,-114,VBR8cEtFqaT1/93gtam9J6/T0Lo=,d3YSVg2cHBcMfBvEmQFztMbyQMo=
-75,-115,VBR8cEtFqaT1/93gtam9J6/T0Lo=,d3YSVg2cHBcMfBvEmQFztMbyQMo=
-74,-115,VBR8cEtFqaT1/93gtam9J6/T0Lo=,d3YSVg2cHBcMfBvEmQFztMbyQMo=
-76,-114,VBR8cEtFqaT1/93gtam9J6/T0Lo=,d3YSVg2cHBcMfBvEmQFztMbyQMo=
-78,-113,VBR8cEtFqaT1/93gtam9J6/T0Lo=,d3YSVg2cHBcMfBvEmQFztMbyQMo=
-77,-113,VBR8cEtFqaT1/93gtam9J6/T0Lo=,d3YSVg2cHBcMfBvEmQFztMbyQMo=
-76,-113,VBR8cEtFqaT1/93gtam9J6/T0Lo=,d3YSVg2cHBcMfBvEmQFztMbyQMo=
-75,-113,VBR8cEtFqaT1/93gtam9J6/T0Lo=,d3YSVg2cHBcMfBvEmQFztMbyQMo=
-79,-113,VBR8cEtFqaT1/93gtam9J6/T0Lo=,d3YSVg2cHBcMfBvEmQFztMbyQMo=
-71,-128,VBR8cEtFqaT1/93gtam9J6/T0Lo=,CD9vegca2o8ywc2EiEsh2mQl4SE=
-70,-128,VBR8cEtFqaT1/93gtam9J6/T0Lo=,CD9vegca2o8ywc2EiEsh2mQl4SE=
-69,-128,VBR8cEtFqaT1/93gtam9J6/T0Lo=,CD9vegca2o8ywc2EiEsh2mQl4SE=
-68,-128,VBR8cEtFqaT1/93gtam9J6/T0Lo=,CD9vegca2o8ywc2EiEsh2mQl4SE=
-67,-128,VBR8cEtFqaT1/93gtam9J6/T0Lo=,CD9vegca2o8ywc2EiEsh2mQl4SE=
-66,-128,VBR8cEtFqaT1/93gtam9J6/T0Lo=,CD9vegca2o8ywc2EiEsh2mQl4SE=
-74,-113,VBR8cEtFqaT1/93gtam9J6/T0Lo=,d3YSVg2cHBcMfBvEmQFztMbyQMo=
-72,-127,VBR8cEtFqaT1/93gtam9J6/T0Lo=,CD9vegca2o8ywc2EiEsh2mQl4SE=
-71,-127,VBR8cEtFqaT1/93gtam9J6/T0Lo=,CD9vegca2o8ywc2EiEsh2mQl4SE=
-69,-127,VBR8cEtFqaT1/93gtam9J6/T0Lo=,CD9vegca2o8ywc2EiEsh2mQl4SE=
-68,-127,VBR8cEtFqaT1/93gtam9J6/T0Lo=,CD9vegca2o8ywc2EiEsh2mQl4SE=
-70,-127,VBR8cEtFqaT1/93gtam9J6/T0Lo=,CD9vegca2o8ywc2EiEsh2mQl4SE=
-67,-127,VBR8cEtFqaT1/93gtam9J6/T0Lo=,CD9vegca2o8ywc2EiEsh2mQl4SE=
-65,-127,VBR8cEtFqaT1/93gtam9J6/T0Lo=,CD9vegca2o8ywc2EiEsh2mQl4SE=
-72,-126,VBR8cEtFqaT1/93gtam9J6/T0Lo=,CD9vegca2o8ywc2EiEsh2mQl4SE=
-70,-126,VBR8cEtFqaT1/93gtam9J6/T0Lo=,CD9vegca2o8ywc2EiEsh2mQl4SE=
-71,-126,VBR8cEtFqaT1/93gtam9J6/T0Lo=,CD9vegca2o8ywc2EiEsh2mQl4SE=
-68,-126,VBR8cEtFqaT1/93gtam9J6/T0Lo=,CD9vegca2o8ywc2EiEsh2mQl4SE=
-66,-127,VBR8cEtFqaT1/93gtam9J6/T0Lo=,CD9vegca2o8ywc2EiEsh2mQl4SE=
-66,-126,VBR8cEtFqaT1/93gtam9J6/T0Lo=,CD9vegca2o8ywc2EiEsh2mQl4SE=
-65,-126,VBR8cEtFqaT1/93gtam9J6/T0Lo=,CD9vegca2o8ywc2EiEsh2mQl4SE=
-69,-126,VBR8cEtFqaT1/93gtam9J6/T0Lo=,CD9vegca2o8ywc2EiEsh2mQl4SE=
-72,-125,VBR8cEtFqaT1/93gtam9J6/T0Lo=,CD9vegca2o8ywc2EiEsh2mQl4SE=
-67,-126,VBR8cEtFqaT1/93gtam9J6/T0Lo=,CD9vegca2o8ywc2EiEsh2mQl4SE=
-71,-125,VBR8cEtFqaT1/93gtam9J6/T0Lo=,CD9vegca2o8ywc2EiEsh2mQl4SE=
-70,-125,VBR8cEtFqaT1/93gtam9J6/T0Lo=,CD9vegca2o8ywc2EiEsh2mQl4SE=
-69,-125,VBR8cEtFqaT1/93gtam9J6/T0Lo=,CD9vegca2o8ywc2EiEsh2mQl4SE=
-68,-125,VBR8cEtFqaT1/93gtam9J6/T0Lo=,CD9vegca2o8ywc2EiEsh2mQl4SE=
-67,-125,VBR8cEtFqaT1/93gtam9J6/T0Lo=,CD9vegca2o8ywc2EiEsh2mQl4SE=
-66,-125,VBR8cEtFqaT1/93gtam9J6/T0Lo=,CD9vegca2o8ywc2EiEsh2mQl4SE=
-65,-125,VBR8cEtFqaT1/93gtam9J6/T0Lo=,CD9vegca2o8ywc2EiEsh2mQl4SE=
-72,-124,VBR8cEtFqaT1/93gtam9J6/T0Lo=,CD9vegca2o8ywc2EiEsh2mQl4SE=
-70,-124,VBR8cEtFqaT1/93gtam9J6/T0Lo=,CD9vegca2o8ywc2EiEsh2mQl4SE=
-69,-124,VBR8cEtFqaT1/93gtam9J6/T0Lo=,CD9vegca2o8ywc2EiEsh2mQl4SE=
-68,-124,VBR8cEtFqaT1/93gtam9J6/T0Lo=,CD9vegca2o8ywc2EiEsh2mQl4SE=
-71,-124,VBR8cEtFqaT1/93gtam9J6/T0Lo=,CD9vegca2o8ywc2EiEsh2mQl4SE=
-67,-122,VBR8cEtFqaT1/93gtam9J6/T0Lo=,CD9vegca2o8ywc2EiEsh2mQl4SE=
-68,-122,VBR8cEtFqaT1/93gtam9J6/T0Lo=,CD9vegca2o8ywc2EiEsh2mQl4SE=
-66,-122,VBR8cEtFqaT1/93gtam9J6/T0Lo=,CD9vegca2o8ywc2EiEsh2mQl4SE=
-70,-122,VBR8cEtFqaT1/93gtam9J6/T0Lo=,CD9vegca2o8ywc2EiEsh2mQl4SE=
-71,-122,VBR8cEtFqaT1/93gtam9J6/T0Lo=,CD9vegca2o8ywc2EiEsh2mQl4SE=
-72,-122,VBR8cEtFqaT1/93gtam9J6/T0Lo=,CD9vegca2o8ywc2EiEsh2mQl4SE=
-69,-122,VBR8cEtFqaT1/93gtam9J6/T0Lo=,CD9vegca2o8ywc2EiEsh2mQl4SE=
-66,-123,VBR8cEtFqaT1/93gtam9J6/T0Lo=,CD9vegca2o8ywc2EiEsh2mQl4SE=
-67,-124,VBR8cEtFqaT1/93gtam9J6/T0Lo=,CD9vegca2o8ywc2EiEsh2mQl4SE=
-66,-124,VBR8cEtFqaT1/93gtam9J6/T0Lo=,CD9vegca2o8ywc2EiEsh2mQl4SE=
-65,-123,VBR8cEtFqaT1/93gtam9J6/T0Lo=,CD9vegca2o8ywc2EiEsh2mQl4SE=
-65,-124,VBR8cEtFqaT1/93gtam9J6/T0Lo=,CD9vegca2o8ywc2EiEsh2mQl4SE=
-69,-123,VBR8cEtFqaT1/93gtam9J6/T0Lo=,CD9vegca2o8ywc2EiEsh2mQl4SE=
-68,-123,VBR8cEtFqaT1/93gtam9J6/T0Lo=,CD9vegca2o8ywc2EiEsh2mQl4SE=
-70,-123,VBR8cEtFqaT1/93gtam9J6/T0Lo=,CD9vegca2o8ywc2EiEsh2mQl4SE=
-71,-123,VBR8cEtFqaT1/93gtam9J6/T0Lo=,CD9vegca2o8ywc2EiEsh2mQl4SE=
-65,-122,VBR8cEtFqaT1/93gtam9J6/T0Lo=,CD9vegca2o8ywc2EiEsh2mQl4SE=
-72,-123,VBR8cEtFqaT1/93gtam9J6/T0Lo=,CD9vegca2o8ywc2EiEsh2mQl4SE=
-69,-121,VBR8cEtFqaT1/93gtam9J6/T0Lo=,CD9vegca2o8ywc2EiEsh2mQl4SE=
-71,-121,VBR8cEtFqaT1/93gtam9J6/T0Lo=,CD9vegca2o8ywc2EiEsh2mQl4SE=
-73,-116,VBR8cEtFqaT1/93gtam9J6/T0Lo=,d3YSVg2cHBcMfBvEmQFztMbyQMo=
-72,-121,VBR8cEtFqaT1/93gtam9J6/T0Lo=,CD9vegca2o8ywc2EiEsh2mQl4SE=
-67,-123,VBR8cEtFqaT1/93gtam9J6/T0Lo=,CD9vegca2o8ywc2EiEsh2mQl4SE=
-70,-113,VBR8cEtFqaT1/93gtam9J6/T0Lo=,TnbDBLlELEXDvvccsugWl+ip2b0=
-70,-121,VBR8cEtFqaT1/93gtam9J6/T0Lo=,CD9vegca2o8ywc2EiEsh2mQl4SE=
-69,-113,VBR8cEtFqaT1/93gtam9J6/T0Lo=,TnbDBLlELEXDvvccsugWl+ip2b0=
-72,-113,VBR8cEtFqaT1/93gtam9J6/T0Lo=,TnbDBLlELEXDvvccsugWl+ip2b0=
-71,-113,VBR8cEtFqaT1/93gtam9J6/T0Lo=,TnbDBLlELEXDvvccsugWl+ip2b0=
-70,-117,VBR8cEtFqaT1/93gtam9J6/T0Lo=,TnbDBLlELEXDvvccsugWl+ip2b0=
-73,-117,VBR8cEtFqaT1/93gtam9J6/T0Lo=,d3YSVg2cHBcMfBvEmQFztMbyQMo=
-71,-119,VBR8cEtFqaT1/93gtam9J6/T0Lo=,TnbDBLlELEXDvvccsugWl+ip2b0=
-66,-118,VBR8cEtFqaT1/93gtam9J6/T0Lo=,TnbDBLlELEXDvvccsugWl+ip2b0=
-65,-114,VBR8cEtFqaT1/93gtam9J6/T0Lo=,TnbDBLlELEXDvvccsugWl+ip2b0=
-68,-113,VBR8cEtFqaT1/93gtam9J6/T0Lo=,TnbDBLlELEXDvvccsugWl+ip2b0=
-73,-118,VBR8cEtFqaT1/93gtam9J6/T0Lo=,d3YSVg2cHBcMfBvEmQFztMbyQMo=
-68,-114,VBR8cEtFqaT1/93gtam9J6/T0Lo=,TnbDBLlELEXDvvccsugWl+ip2b0=
-66,-119,VBR8cEtFqaT1/93gtam9J6/T0Lo=,TnbDBLlELEXDvvccsugWl+ip2b0=
-65,-118,VBR8cEtFqaT1/93gtam9J6/T0Lo=,TnbDBLlELEXDvvccsugWl+ip2b0=
-67,-114,VBR8cEtFqaT1/93gtam9J6/T0Lo=,TnbDBLlELEXDvvccsugWl+ip2b0=
-70,-114,VBR8cEtFqaT1/93gtam9J6/T0Lo=,TnbDBLlELEXDvvccsugWl+ip2b0=
-71,-114,VBR8cEtFqaT1/93gtam9J6/T0Lo=,TnbDBLlELEXDvvccsugWl+ip2b0=
-71,-117,VBR8cEtFqaT1/93gtam9J6/T0Lo=,TnbDBLlELEXDvvccsugWl+ip2b0=
-65,-119,VBR8cEtFqaT1/93gtam9J6/T0Lo=,TnbDBLlELEXDvvccsugWl+ip2b0=
-72,-114,VBR8cEtFqaT1/93gtam9J6/T0Lo=,TnbDBLlELEXDvvccsugWl+ip2b0=
-67,-113,VBR8cEtFqaT1/93gtam9J6/T0Lo=,TnbDBLlELEXDvvccsugWl+ip2b0=
-65,-115,VBR8cEtFqaT1/93gtam9J6/T0Lo=,TnbDBLlELEXDvvccsugWl+ip2b0=
-69,-114,VBR8cEtFqaT1/93gtam9J6/T0Lo=,TnbDBLlELEXDvvccsugWl+ip2b0=
-68,-117,VBR8cEtFqaT1/93gtam9J6/T0Lo=,TnbDBLlELEXDvvccsugWl+ip2b0=
-70,-119,VBR8cEtFqaT1/93gtam9J6/T0Lo=,TnbDBLlELEXDvvccsugWl+ip2b0=
-72,-117,VBR8cEtFqaT1/93gtam9J6/T0Lo=,TnbDBLlELEXDvvccsugWl+ip2b0=
-68,-118,VBR8cEtFqaT1/93gtam9J6/T0Lo=,TnbDBLlELEXDvvccsugWl+ip2b0=
-68,-119,VBR8cEtFqaT1/93gtam9J6/T0Lo=,TnbDBLlELEXDvvccsugWl+ip2b0=
-68,-121,VBR8cEtFqaT1/93gtam9J6/T0Lo=,CD9vegca2o8ywc2EiEsh2mQl4SE=
-70,-115,VBR8cEtFqaT1/93gtam9J6/T0Lo=,TnbDBLlELEXDvvccsugWl+ip2b0=
-73,-119,VBR8cEtFqaT1/93gtam9J6/T0Lo=,d3YSVg2cHBcMfBvEmQFztMbyQMo=
-72,-119,VBR8cEtFqaT1/93gtam9J6/T0Lo=,TnbDBLlELEXDvvccsugWl+ip2b0=
-70,-118,VBR8cEtFqaT1/93gtam9J6/T0Lo=,TnbDBLlELEXDvvccsugWl+ip2b0=
-71,-115,VBR8cEtFqaT1/93gtam9J6/T0Lo=,TnbDBLlELEXDvvccsugWl+ip2b0=
-73,-113,VBR8cEtFqaT1/93gtam9J6/T0Lo=,d3YSVg2cHBcMfBvEmQFztMbyQMo=
-69,-115,VBR8cEtFqaT1/93gtam9J6/T0Lo=,TnbDBLlELEXDvvccsugWl+ip2b0=
-73,-120,VBR8cEtFqaT1/93gtam9J6/T0Lo=,d3YSVg2cHBcMfBvEmQFztMbyQMo=
-72,-115,VBR8cEtFqaT1/93gtam9J6/T0Lo=,TnbDBLlELEXDvvccsugWl+ip2b0=
-66,-115,VBR8cEtFqaT1/93gtam9J6/T0Lo=,TnbDBLlELEXDvvccsugWl+ip2b0=
-67,-121,VBR8cEtFqaT1/93gtam9J6/T0Lo=,CD9vegca2o8ywc2EiEsh2mQl4SE=
-69,-120,VBR8cEtFqaT1/93gtam9J6/T0Lo=,TnbDBLlELEXDvvccsugWl+ip2b0=
-69,-119,VBR8cEtFqaT1/93gtam9J6/T0Lo=,TnbDBLlELEXDvvccsugWl+ip2b0=
-66,-121,VBR8cEtFqaT1/93gtam9J6/T0Lo=,CD9vegca2o8ywc2EiEsh2mQl4SE=
-68,-115,VBR8cEtFqaT1/93gtam9J6/T0Lo=,TnbDBLlELEXDvvccsugWl+ip2b0=
-71,-118,VBR8cEtFqaT1/93gtam9J6/T0Lo=,TnbDBLlELEXDvvccsugWl+ip2b0=
-69,-118,VBR8cEtFqaT1/93gtam9J6/T0Lo=,TnbDBLlELEXDvvccsugWl+ip2b0=
-70,-116,VBR8cEtFqaT1/93gtam9J6/T0Lo=,TnbDBLlELEXDvvccsugWl+ip2b0=
-73,-114,VBR8cEtFqaT1/93gtam9J6/T0Lo=,d3YSVg2cHBcMfBvEmQFztMbyQMo=
-70,-120,VBR8cEtFqaT1/93gtam9J6/T0Lo=,TnbDBLlELEXDvvccsugWl+ip2b0=
-72,-118,VBR8cEtFqaT1/93gtam9J6/T0Lo=,TnbDBLlELEXDvvccsugWl+ip2b0=
-65,-116,VBR8cEtFqaT1/93gtam9J6/T0Lo=,TnbDBLlELEXDvvccsugWl+ip2b0=
-71,-116,VBR8cEtFqaT1/93gtam9J6/T0Lo=,TnbDBLlELEXDvvccsugWl+ip2b0=
-67,-115,VBR8cEtFqaT1/93gtam9J6/T0Lo=,TnbDBLlELEXDvvccsugWl+ip2b0=
-72,-116,VBR8cEtFqaT1/93gtam9J6/T0Lo=,TnbDBLlELEXDvvccsugWl+ip2b0=
-68,-116,VBR8cEtFqaT1/93gtam9J6/T0Lo=,TnbDBLlELEXDvvccsugWl+ip2b0=
-67,-116,VBR8cEtFqaT1/93gtam9J6/T0Lo=,TnbDBLlELEXDvvccsugWl+ip2b0=
-67,-117,VBR8cEtFqaT1/93gtam9J6/T0Lo=,TnbDBLlELEXDvvccsugWl+ip2b0=
-71,-120,VBR8cEtFqaT1/93gtam9J6/T0Lo=,TnbDBLlELEXDvvccsugWl+ip2b0=
-65,-120,VBR8cEtFqaT1/93gtam9J6/T0Lo=,TnbDBLlELEXDvvccsugWl+ip2b0=
-73,-115,VBR8cEtFqaT1/93gtam9J6/T0Lo=,d3YSVg2cHBcMfBvEmQFztMbyQMo=
-65,-117,VBR8cEtFqaT1/93gtam9J6/T0Lo=,TnbDBLlELEXDvvccsugWl+ip2b0=
-66,-114,VBR8cEtFqaT1/93gtam9J6/T0Lo=,TnbDBLlELEXDvvccsugWl+ip2b0=
-67,-119,VBR8cEtFqaT1/93gtam9J6/T0Lo=,TnbDBLlELEXDvvccsugWl+ip2b0=
-65,-121,VBR8cEtFqaT1/93gtam9J6/T0Lo=,CD9vegca2o8ywc2EiEsh2mQl4SE=
-69,-116,VBR8cEtFqaT1/93gtam9J6/T0Lo=,TnbDBLlELEXDvvccsugWl+ip2b0=
-68,-120,VBR8cEtFqaT1/93gtam9J6/T0Lo=,TnbDBLlELEXDvvccsugWl+ip2b0=
-72,-120,VBR8cEtFqaT1/93gtam9J6/T0Lo=,TnbDBLlELEXDvvccsugWl+ip2b0=
-67,-118,VBR8cEtFqaT1/93gtam9J6/T0Lo=,TnbDBLlELEXDvvccsugWl+ip2b0=
-67,-120,VBR8cEtFqaT1/93gtam9J6/T0Lo=,TnbDBLlELEXDvvccsugWl+ip2b0=
-66,-116,VBR8cEtFqaT1/93gtam9J6/T0Lo=,TnbDBLlELEXDvvccsugWl+ip2b0=
-69,-117,VBR8cEtFqaT1/93gtam9J6/T0Lo=,TnbDBLlELEXDvvccsugWl+ip2b0=
-66,-117,VBR8cEtFqaT1/93gtam9J6/T0Lo=,TnbDBLlELEXDvvccsugWl+ip2b0=
-66,-113,VBR8cEtFqaT1/93gtam9J6/T0Lo=,TnbDBLlELEXDvvccsugWl+ip2b0=
-66,-120,VBR8cEtFqaT1/93gtam9J6/T0Lo=,TnbDBLlELEXDvvccsugWl+ip2b0=
-80,-115,LW7yxyPPhjXh3i/cUwPa2L0sYLs=,d3YSVg2cHBcMfBvEmQFztMbyQMo=
-80,-117,LW7yxyPPhjXh3i/cUwPa2L0sYLs=,d3YSVg2cHBcMfBvEmQFztMbyQMo=
-80,-114,LW7yxyPPhjXh3i/cUwPa2L0sYLs=,d3YSVg2cHBcMfBvEmQFztMbyQMo=
-80,-119,LW7yxyPPhjXh3i/cUwPa2L0sYLs=,d3YSVg2cHBcMfBvEmQFztMbyQMo=
-80,-116,LW7yxyPPhjXh3i/cUwPa2L0sYLs=,d3YSVg2cHBcMfBvEmQFztMbyQMo=
-80,-118,LW7yxyPPhjXh3i/cUwPa2L0sYLs=,d3YSVg2cHBcMfBvEmQFztMbyQMo=
-65,-128,LW7yxyPPhjXh3i/cUwPa2L0sYLs=,CD9vegca2o8ywc2EiEsh2mQl4SE=
-65,-113,LW7yxyPPhjXh3i/cUwPa2L0sYLs=,TnbDBLlELEXDvvccsugWl+ip2b0=
-80,-113,LW7yxyPPhjXh3i/cUwPa2L0sYLs=,d3YSVg2cHBcMfBvEmQFztMbyQMo=
-80,-120,LW7yxyPPhjXh3i/cUwPa2L0sYLs=,d3YSVg2cHBcMfBvEmQFztMbyQMo=
-72,-128,LW7yxyPPhjXh3i/cUwPa2L0sYLs=,CD9vegca2o8ywc2EiEsh2mQl4SE=
-92,-107,Xwt0zQy7Q6SvJrGsC8MJZ1nv6mA=,raiN/OGqIKAeXoHVM/s7IilZ6R4=
-93,-107,Xwt0zQy7Q6SvJrGsC8MJZ1nv6mA=,raiN/OGqIKAeXoHVM/s7IilZ6R4=
-94,-107,Xwt0zQy7Q6SvJrGsC8MJZ1nv6mA=,raiN/OGqIKAeXoHVM/s7IilZ6R4=
-84,-109,Xwt0zQy7Q6SvJrGsC8MJZ1nv6mA=,6fLwQso/bEJ13iIOzEdmbKcun1k=
-83,-109,Xwt0zQy7Q6SvJrGsC8MJZ1nv6mA=,6fLwQso/bEJ13iIOzEdmbKcun1k=
-82,-109,Xwt0zQy7Q6SvJrGsC8MJZ1nv6mA=,6fLwQso/bEJ13iIOzEdmbKcun1k=
-88,-108,Dkg85vhu8sxU4pl/wZLHX/ACmHY=,6fLwQso/bEJ13iIOzEdmbKcun1k=
-87,-108,Dkg85vhu8sxU4pl/wZLHX/ACmHY=,6fLwQso/bEJ13iIOzEdmbKcun1k=
-86,-108,Dkg85vhu8sxU4pl/wZLHX/ACmHY=,6fLwQso/bEJ13iIOzEdmbKcun1k=
-85,-108,Dkg85vhu8sxU4pl/wZLHX/ACmHY=,6fLwQso/bEJ13iIOzEdmbKcun1k=
-83,-108,Dkg85vhu8sxU4pl/wZLHX/ACmHY=,6fLwQso/bEJ13iIOzEdmbKcun1k=
-82,-108,Dkg85vhu8sxU4pl/wZLHX/ACmHY=,6fLwQso/bEJ13iIOzEdmbKcun1k=
-84,-108,Dkg85vhu8sxU4pl/wZLHX/ACmHY=,6fLwQso/bEJ13iIOzEdmbKcun1k=
-89,-107,Dkg85vhu8sxU4pl/wZLHX/ACmHY=,raiN/OGqIKAeXoHVM/s7IilZ6R4=
-88,-107,Dkg85vhu8sxU4pl/wZLHX/ACmHY=,6fLwQso/bEJ13iIOzEdmbKcun1k=
-87,-107,Dkg85vhu8sxU4pl/wZLHX/ACmHY=,6fLwQso/bEJ13iIOzEdmbKcun1k=
-85,-107,Dkg85vhu8sxU4pl/wZLHX/ACmHY=,6fLwQso/bEJ13iIOzEdmbKcun1k=
-84,-107,Dkg85vhu8sxU4pl/wZLHX/ACmHY=,6fLwQso/bEJ13iIOzEdmbKcun1k=
-89,-111,Dkg85vhu8sxU4pl/wZLHX/ACmHY=,raiN/OGqIKAeXoHVM/s7IilZ6R4=
-82,-106,Dkg85vhu8sxU4pl/wZLHX/ACmHY=,6fLwQso/bEJ13iIOzEdmbKcun1k=
-89,-110,Dkg85vhu8sxU4pl/wZLHX/ACmHY=,raiN/OGqIKAeXoHVM/s7IilZ6R4=
-88,-111,Dkg85vhu8sxU4pl/wZLHX/ACmHY=,6fLwQso/bEJ13iIOzEdmbKcun1k=
-87,-111,Dkg85vhu8sxU4pl/wZLHX/ACmHY=,6fLwQso/bEJ13iIOzEdmbKcun1k=
-83,-107,Dkg85vhu8sxU4pl/wZLHX/ACmHY=,6fLwQso/bEJ13iIOzEdmbKcun1k=
-86,-111,Dkg85vhu8sxU4pl/wZLHX/ACmHY=,6fLwQso/bEJ13iIOzEdmbKcun1k=
-82,-107,Dkg85vhu8sxU4pl/wZLHX/ACmHY=,6fLwQso/bEJ13iIOzEdmbKcun1k=
-84,-111,Dkg85vhu8sxU4pl/wZLHX/ACmHY=,6fLwQso/bEJ13iIOzEdmbKcun1k=
-89,-109,Dkg85vhu8sxU4pl/wZLHX/ACmHY=,raiN/OGqIKAeXoHVM/s7IilZ6R4=
-83,-111,Dkg85vhu8sxU4pl/wZLHX/ACmHY=,6fLwQso/bEJ13iIOzEdmbKcun1k=
-88,-106,Dkg85vhu8sxU4pl/wZLHX/ACmHY=,6fLwQso/bEJ13iIOzEdmbKcun1k=
-87,-106,Dkg85vhu8sxU4pl/wZLHX/ACmHY=,6fLwQso/bEJ13iIOzEdmbKcun1k=
-82,-111,Dkg85vhu8sxU4pl/wZLHX/ACmHY=,6fLwQso/bEJ13iIOzEdmbKcun1k=
-89,-108,Dkg85vhu8sxU4pl/wZLHX/ACmHY=,raiN/OGqIKAeXoHVM/s7IilZ6R4=
-85,-106,Dkg85vhu8sxU4pl/wZLHX/ACmHY=,6fLwQso/bEJ13iIOzEdmbKcun1k=
-88,-110,Dkg85vhu8sxU4pl/wZLHX/ACmHY=,6fLwQso/bEJ13iIOzEdmbKcun1k=
-87,-110,Dkg85vhu8sxU4pl/wZLHX/ACmHY=,6fLwQso/bEJ13iIOzEdmbKcun1k=
-86,-110,Dkg85vhu8sxU4pl/wZLHX/ACmHY=,6fLwQso/bEJ13iIOzEdmbKcun1k=
-89,-106,Dkg85vhu8sxU4pl/wZLHX/ACmHY=,raiN/OGqIKAeXoHVM/s7IilZ6R4=
-86,-106,Dkg85vhu8sxU4pl/wZLHX/ACmHY=,6fLwQso/bEJ13iIOzEdmbKcun1k=
-84,-110,Dkg85vhu8sxU4pl/wZLHX/ACmHY=,6fLwQso/bEJ13iIOzEdmbKcun1k=
-84,-106,Dkg85vhu8sxU4pl/wZLHX/ACmHY=,6fLwQso/bEJ13iIOzEdmbKcun1k=
-83,-110,Dkg85vhu8sxU4pl/wZLHX/ACmHY=,6fLwQso/bEJ13iIOzEdmbKcun1k=
-85,-110,Dkg85vhu8sxU4pl/wZLHX/ACmHY=,6fLwQso/bEJ13iIOzEdmbKcun1k=
-86,-107,Dkg85vhu8sxU4pl/wZLHX/ACmHY=,6fLwQso/bEJ13iIOzEdmbKcun1k=
-85,-111,Dkg85vhu8sxU4pl/wZLHX/ACmHY=,6fLwQso/bEJ13iIOzEdmbKcun1k=
-82,-110,Dkg85vhu8sxU4pl/wZLHX/ACmHY=,6fLwQso/bEJ13iIOzEdmbKcun1k=
-83,-106,Dkg85vhu8sxU4pl/wZLHX/ACmHY=,6fLwQso/bEJ13iIOzEdmbKcun1k=
-88,-109,Dkg85vhu8sxU4pl/wZLHX/ACmHY=,6fLwQso/bEJ13iIOzEdmbKcun1k=
-86,-109,Dkg85vhu8sxU4pl/wZLHX/ACmHY=,6fLwQso/bEJ13iIOzEdmbKcun1k=
-85,-109,Dkg85vhu8sxU4pl/wZLHX/ACmHY=,6fLwQso/bEJ13iIOzEdmbKcun1k=
-95,-107,Dkg85vhu8sxU4pl/wZLHX/ACmHY=,raiN/OGqIKAeXoHVM/s7IilZ6R4=
-87,-109,Dkg85vhu8sxU4pl/wZLHX/ACmHY=,6fLwQso/bEJ13iIOzEdmbKcun1k=
-94,-108,Dkg85vhu8sxU4pl/wZLHX/ACmHY=,raiN/OGqIKAeXoHVM/s7IilZ6R4=
-90,-108,Dkg85vhu8sxU4pl/wZLHX/ACmHY=,raiN/OGqIKAeXoHVM/s7IilZ6R4=
-90,-109,Dkg85vhu8sxU4pl/wZLHX/ACmHY=,raiN/OGqIKAeXoHVM/s7IilZ6R4=
-91,-108,Dkg85vhu8sxU4pl/wZLHX/ACmHY=,raiN/OGqIKAeXoHVM/s7IilZ6R4=
-95,-108,Dkg85vhu8sxU4pl/wZLHX/ACmHY=,raiN/OGqIKAeXoHVM/s7IilZ6R4=
-92,-108,Dkg85vhu8sxU4pl/wZLHX/ACmHY=,raiN/OGqIKAeXoHVM/s7IilZ6R4=
-93,-108,Dkg85vhu8sxU4pl/wZLHX/ACmHY=,raiN/OGqIKAeXoHVM/s7IilZ6R4=
-91,-109,Dkg85vhu8sxU4pl/wZLHX/ACmHY=,raiN/OGqIKAeXoHVM/s7IilZ6R4=
-95,-109,Dkg85vhu8sxU4pl/wZLHX/ACmHY=,raiN/OGqIKAeXoHVM/s7IilZ6R4=
-92,-109,Dkg85vhu8sxU4pl/wZLHX/ACmHY=,raiN/OGqIKAeXoHVM/s7IilZ6R4=
-92,-110,Dkg85vhu8sxU4pl/wZLHX/ACmHY=,raiN/OGqIKAeXoHVM/s7IilZ6R4=
-93,-109,Dkg85vhu8sxU4pl/wZLHX/ACmHY=,raiN/OGqIKAeXoHVM/s7IilZ6R4=
-90,-110,Dkg85vhu8sxU4pl/wZLHX/ACmHY=,raiN/OGqIKAeXoHVM/s7IilZ6R4=
-91,-110,Dkg85vhu8sxU4pl/wZLHX/ACmHY=,raiN/OGqIKAeXoHVM/s7IilZ6R4=
-94,-110,Dkg85vhu8sxU4pl/wZLHX/ACmHY=,raiN/OGqIKAeXoHVM/s7IilZ6R4=
-95,-110,Dkg85vhu8sxU4pl/wZLHX/ACmHY=,raiN/OGqIKAeXoHVM/s7IilZ6R4=
-93,-110,Dkg85vhu8sxU4pl/wZLHX/ACmHY=,raiN/OGqIKAeXoHVM/s7IilZ6R4=
-94,-109,Dkg85vhu8sxU4pl/wZLHX/ACmHY=,raiN/OGqIKAeXoHVM/s7IilZ6R4=
-91,-111,Dkg85vhu8sxU4pl/wZLHX/ACmHY=,raiN/OGqIKAeXoHVM/s7IilZ6R4=
-92,-111,Dkg85vhu8sxU4pl/wZLHX/ACmHY=,raiN/OGqIKAeXoHVM/s7IilZ6R4=
-93,-111,Dkg85vhu8sxU4pl/wZLHX/ACmHY=,raiN/OGqIKAeXoHVM/s7IilZ6R4=
-94,-111,Dkg85vhu8sxU4pl/wZLHX/ACmHY=,raiN/OGqIKAeXoHVM/s7IilZ6R4=
-90,-111,Dkg85vhu8sxU4pl/wZLHX/ACmHY=,raiN/OGqIKAeXoHVM/s7IilZ6R4=
-90,-106,Dkg85vhu8sxU4pl/wZLHX/ACmHY=,raiN/OGqIKAeXoHVM/s7IilZ6R4=
-91,-106,Dkg85vhu8sxU4pl/wZLHX/ACmHY=,raiN/OGqIKAeXoHVM/s7IilZ6R4=
-92,-106,Dkg85vhu8sxU4pl/wZLHX/ACmHY=,raiN/OGqIKAeXoHVM/s7IilZ6R4=
-95,-111,Dkg85vhu8sxU4pl/wZLHX/ACmHY=,raiN/OGqIKAeXoHVM/s7IilZ6R4=
-94,-106,Dkg85vhu8sxU4pl/wZLHX/ACmHY=,raiN/OGqIKAeXoHVM/s7IilZ6R4=
-95,-106,Dkg85vhu8sxU4pl/wZLHX/ACmHY=,raiN/OGqIKAeXoHVM/s7IilZ6R4=
-93,-106,Dkg85vhu8sxU4pl/wZLHX/ACmHY=,raiN/OGqIKAeXoHVM/s7IilZ6R4=
-84,-104,Dkg85vhu8sxU4pl/wZLHX/ACmHY=,f6IiXqJ6Fjn8mMthebp35YlQ6q0=
-90,-107,Dkg85vhu8sxU4pl/wZLHX/ACmHY=,raiN/OGqIKAeXoHVM/s7IilZ6R4=
-84,-99,Dkg85vhu8sxU4pl/wZLHX/ACmHY=,f6IiXqJ6Fjn8mMthebp35YlQ6q0=
-91,-107,Dkg85vhu8sxU4pl/wZLHX/ACmHY=,raiN/OGqIKAeXoHVM/s7IilZ6R4=
-83,-99,Dkg85vhu8sxU4pl/wZLHX/ACmHY=,f6IiXqJ6Fjn8mMthebp35YlQ6q0=
-82,-104,Dkg85vhu8sxU4pl/wZLHX/ACmHY=,f6IiXqJ6Fjn8mMthebp35YlQ6q0=
-82,-100,Dkg85vhu8sxU4pl/wZLHX/ACmHY=,f6IiXqJ6Fjn8mMthebp35YlQ6q0=
-82,-99,Dkg85vhu8sxU4pl/wZLHX/ACmHY=,f6IiXqJ6Fjn8mMthebp35YlQ6q0=
-83,-104,Dkg85vhu8sxU4pl/wZLHX/ACmHY=,f6IiXqJ6Fjn8mMthebp35YlQ6q0=
-83,-105,Dkg85vhu8sxU4pl/wZLHX/ACmHY=,6fLwQso/bEJ13iIOzEdmbKcun1k=
-85,-99,Dkg85vhu8sxU4pl/wZLHX/ACmHY=,f6IiXqJ6Fjn8mMthebp35YlQ6q0=
-85,-105,Dkg85vhu8sxU4pl/wZLHX/ACmHY=,6fLwQso/bEJ13iIOzEdmbKcun1k=
-82,-105,Dkg85vhu8sxU4pl/wZLHX/ACmHY=,6fLwQso/bEJ13iIOzEdmbKcun1k=
-83,-100,Dkg85vhu8sxU4pl/wZLHX/ACmHY=,f6IiXqJ6Fjn8mMthebp35YlQ6q0=
-84,-100,Dkg85vhu8sxU4pl/wZLHX/ACmHY=,f6IiXqJ6Fjn8mMthebp35YlQ6q0=
-82,-103,Dkg85vhu8sxU4pl/wZLHX/ACmHY=,f6IiXqJ6Fjn8mMthebp35YlQ6q0=
-87,-101,Dkg85vhu8sxU4pl/wZLHX/ACmHY=,f6IiXqJ6Fjn8mMthebp35YlQ6q0=
-86,-105,Dkg85vhu8sxU4pl/wZLHX/ACmHY=,6fLwQso/bEJ13iIOzEdmbKcun1k=
-84,-105,Dkg85vhu8sxU4pl/wZLHX/ACmHY=,6fLwQso/bEJ13iIOzEdmbKcun1k=
-87,-98,Dkg85vhu8sxU4pl/wZLHX/ACmHY=,f6IiXqJ6Fjn8mMthebp35YlQ6q0=
-86,-100,Dkg85vhu8sxU4pl/wZLHX/ACmHY=,f6IiXqJ6Fjn8mMthebp35YlQ6q0=
-85,-100,Dkg85vhu8sxU4pl/wZLHX/ACmHY=,f6IiXqJ6Fjn8mMthebp35YlQ6q0=
-87,-105,Dkg85vhu8sxU4pl/wZLHX/ACmHY=,6fLwQso/bEJ13iIOzEdmbKcun1k=
-85,-104,Dkg85vhu8sxU4pl/wZLHX/ACmHY=,f6IiXqJ6Fjn8mMthebp35YlQ6q0=
-87,-100,Dkg85vhu8sxU4pl/wZLHX/ACmHY=,f6IiXqJ6Fjn8mMthebp35YlQ6q0=
-83,-103,Dkg85vhu8sxU4pl/wZLHX/ACmHY=,f6IiXqJ6Fjn8mMthebp35YlQ6q0=
-82,-102,Dkg85vhu8sxU4pl/wZLHX/ACmHY=,f6IiXqJ6Fjn8mMthebp35YlQ6q0=
-83,-102,Dkg85vhu8sxU4pl/wZLHX/ACmHY=,f6IiXqJ6Fjn8mMthebp35YlQ6q0=
-86,-104,Dkg85vhu8sxU4pl/wZLHX/ACmHY=,f6IiXqJ6Fjn8mMthebp35YlQ6q0=
-84,-102,Dkg85vhu8sxU4pl/wZLHX/ACmHY=,f6IiXqJ6Fjn8mMthebp35YlQ6q0=
-84,-103,Dkg85vhu8sxU4pl/wZLHX/ACmHY=,f6IiXqJ6Fjn8mMthebp35YlQ6q0=
-87,-103,Dkg85vhu8sxU4pl/wZLHX/ACmHY=,f6IiXqJ6Fjn8mMthebp35YlQ6q0=
-85,-102,Dkg85vhu8sxU4pl/wZLHX/ACmHY=,f6IiXqJ6Fjn8mMthebp35YlQ6q0=
-85,-103,Dkg85vhu8sxU4pl/wZLHX/ACmHY=,f6IiXqJ6Fjn8mMthebp35YlQ6q0=
-85,-98,Dkg85vhu8sxU4pl/wZLHX/ACmHY=,f6IiXqJ6Fjn8mMthebp35YlQ6q0=
-87,-102,Dkg85vhu8sxU4pl/wZLHX/ACmHY=,f6IiXqJ6Fjn8mMthebp35YlQ6q0=
-87,-104,Dkg85vhu8sxU4pl/wZLHX/ACmHY=,f6IiXqJ6Fjn8mMthebp35YlQ6q0=
-84,-98,Dkg85vhu8sxU4pl/wZLHX/ACmHY=,f6IiXqJ6Fjn8mMthebp35YlQ6q0=
-83,-101,Dkg85vhu8sxU4pl/wZLHX/ACmHY=,f6IiXqJ6Fjn8mMthebp35YlQ6q0=
-84,-101,Dkg85vhu8sxU4pl/wZLHX/ACmHY=,f6IiXqJ6Fjn8mMthebp35YlQ6q0=
-82,-101,Dkg85vhu8sxU4pl/wZLHX/ACmHY=,f6IiXqJ6Fjn8mMthebp35YlQ6q0=
-86,-99,Dkg85vhu8sxU4pl/wZLHX/ACmHY=,f6IiXqJ6Fjn8mMthebp35YlQ6q0=
-85,-101,Dkg85vhu8sxU4pl/wZLHX/ACmHY=,f6IiXqJ6Fjn8mMthebp35YlQ6q0=
-82,-98,Dkg85vhu8sxU4pl/wZLHX/ACmHY=,f6IiXqJ6Fjn8mMthebp35YlQ6q0=
-86,-103,Dkg85vhu8sxU4pl/wZLHX/ACmHY=,f6IiXqJ6Fjn8mMthebp35YlQ6q0=
-86,-102,Dkg85vhu8sxU4pl/wZLHX/ACmHY=,f6IiXqJ6Fjn8mMthebp35YlQ6q0=
-87,-99,Dkg85vhu8sxU4pl/wZLHX/ACmHY=,f6IiXqJ6Fjn8mMthebp35YlQ6q0=
-83,-98,Dkg85vhu8sxU4pl/wZLHX/ACmHY=,f6IiXqJ6Fjn8mMthebp35YlQ6q0=
-86,-101,Dkg85vhu8sxU4pl/wZLHX/ACmHY=,f6IiXqJ6Fjn8mMthebp35YlQ6q0=
-95,-101,Dkg85vhu8sxU4pl/wZLHX/ACmHY=,gJdniv8lNqUWcXS85SLQaEHF3tI=
-94,-102,Dkg85vhu8sxU4pl/wZLHX/ACmHY=,gJdniv8lNqUWcXS85SLQaEHF3tI=
-90,-102,Dkg85vhu8sxU4pl/wZLHX/ACmHY=,gJdniv8lNqUWcXS85SLQaEHF3tI=
-88,-98,Dkg85vhu8sxU4pl/wZLHX/ACmHY=,f6IiXqJ6Fjn8mMthebp35YlQ6q0=
-86,-98,Dkg85vhu8sxU4pl/wZLHX/ACmHY=,f6IiXqJ6Fjn8mMthebp35YlQ6q0=
-95,-102,Dkg85vhu8sxU4pl/wZLHX/ACmHY=,gJdniv8lNqUWcXS85SLQaEHF3tI=
-94,-101,Dkg85vhu8sxU4pl/wZLHX/ACmHY=,gJdniv8lNqUWcXS85SLQaEHF3tI=
-89,-103,Dkg85vhu8sxU4pl/wZLHX/ACmHY=,gJdniv8lNqUWcXS85SLQaEHF3tI=
-89,-102,Dkg85vhu8sxU4pl/wZLHX/ACmHY=,gJdniv8lNqUWcXS85SLQaEHF3tI=
-91,-102,Dkg85vhu8sxU4pl/wZLHX/ACmHY=,gJdniv8lNqUWcXS85SLQaEHF3tI=
-88,-105,Dkg85vhu8sxU4pl/wZLHX/ACmHY=,6fLwQso/bEJ13iIOzEdmbKcun1k=
-90,-103,Dkg85vhu8sxU4pl/wZLHX/ACmHY=,gJdniv8lNqUWcXS85SLQaEHF3tI=
-94,-103,Dkg85vhu8sxU4pl/wZLHX/ACmHY=,gJdniv8lNqUWcXS85SLQaEHF3tI=
-88,-100,Dkg85vhu8sxU4pl/wZLHX/ACmHY=,f6IiXqJ6Fjn8mMthebp35YlQ6q0=
-91,-103,Dkg85vhu8sxU4pl/wZLHX/ACmHY=,gJdniv8lNqUWcXS85SLQaEHF3tI=
-93,-103,Dkg85vhu8sxU4pl/wZLHX/ACmHY=,gJdniv8lNqUWcXS85SLQaEHF3tI=
-95,-103,Dkg85vhu8sxU4pl/wZLHX/ACmHY=,gJdniv8lNqUWcXS85SLQaEHF3tI=
-90,-104,Dkg85vhu8sxU4pl/wZLHX/ACmHY=,gJdniv8lNqUWcXS85SLQaEHF3tI=
-91,-104,Dkg85vhu8sxU4pl/wZLHX/ACmHY=,gJdniv8lNqUWcXS85SLQaEHF3tI=
-89,-104,Dkg85vhu8sxU4pl/wZLHX/ACmHY=,gJdniv8lNqUWcXS85SLQaEHF3tI=
-92,-103,Dkg85vhu8sxU4pl/wZLHX/ACmHY=,gJdniv8lNqUWcXS85SLQaEHF3tI=
-93,-102,Dkg85vhu8sxU4pl/wZLHX/ACmHY=,gJdniv8lNqUWcXS85SLQaEHF3tI=
-93,-104,Dkg85vhu8sxU4pl/wZLHX/ACmHY=,gJdniv8lNqUWcXS85SLQaEHF3tI=
-94,-104,Dkg85vhu8sxU4pl/wZLHX/ACmHY=,gJdniv8lNqUWcXS85SLQaEHF3tI=
-92,-104,Dkg85vhu8sxU4pl/wZLHX/ACmHY=,gJdniv8lNqUWcXS85SLQaEHF3tI=
-89,-105,Dkg85vhu8sxU4pl/wZLHX/ACmHY=,raiN/OGqIKAeXoHVM/s7IilZ6R4=
-94,-98,Dkg85vhu8sxU4pl/wZLHX/ACmHY=,gJdniv8lNqUWcXS85SLQaEHF3tI=
-95,-104,Dkg85vhu8sxU4pl/wZLHX/ACmHY=,gJdniv8lNqUWcXS85SLQaEHF3tI=
-93,-101,Dkg85vhu8sxU4pl/wZLHX/ACmHY=,gJdniv8lNqUWcXS85SLQaEHF3tI=
-88,-104,Dkg85vhu8sxU4pl/wZLHX/ACmHY=,f6IiXqJ6Fjn8mMthebp35YlQ6q0=
-92,-98,Dkg85vhu8sxU4pl/wZLHX/ACmHY=,gJdniv8lNqUWcXS85SLQaEHF3tI=
-95,-98,Dkg85vhu8sxU4pl/wZLHX/ACmHY=,gJdniv8lNqUWcXS85SLQaEHF3tI=
-89,-99,Dkg85vhu8sxU4pl/wZLHX/ACmHY=,gJdniv8lNqUWcXS85SLQaEHF3tI=
-90,-105,Dkg85vhu8sxU4pl/wZLHX/ACmHY=,raiN/OGqIKAeXoHVM/s7IilZ6R4=
-91,-105,Dkg85vhu8sxU4pl/wZLHX/ACmHY=,raiN/OGqIKAeXoHVM/s7IilZ6R4=
-95,-99,Dkg85vhu8sxU4pl/wZLHX/ACmHY=,gJdniv8lNqUWcXS85SLQaEHF3tI=
-94,-99,Dkg85vhu8sxU4pl/wZLHX/ACmHY=,gJdniv8lNqUWcXS85SLQaEHF3tI=
-92,-105,Dkg85vhu8sxU4pl/wZLHX/ACmHY=,raiN/OGqIKAeXoHVM/s7IilZ6R4=
-93,-99,Dkg85vhu8sxU4pl/wZLHX/ACmHY=,gJdniv8lNqUWcXS85SLQaEHF3tI=
-93,-98,Dkg85vhu8sxU4pl/wZLHX/ACmHY=,gJdniv8lNqUWcXS85SLQaEHF3tI=
-94,-105,Dkg85vhu8sxU4pl/wZLHX/ACmHY=,raiN/OGqIKAeXoHVM/s7IilZ6R4=
-95,-105,Dkg85vhu8sxU4pl/wZLHX/ACmHY=,raiN/OGqIKAeXoHVM/s7IilZ6R4=
-91,-99,Dkg85vhu8sxU4pl/wZLHX/ACmHY=,gJdniv8lNqUWcXS85SLQaEHF3tI=
-93,-105,Dkg85vhu8sxU4pl/wZLHX/ACmHY=,raiN/OGqIKAeXoHVM/s7IilZ6R4=
-88,-103,Dkg85vhu8sxU4pl/wZLHX/ACmHY=,f6IiXqJ6Fjn8mMthebp35YlQ6q0=
-91,-98,Dkg85vhu8sxU4pl/wZLHX/ACmHY=,gJdniv8lNqUWcXS85SLQaEHF3tI=
-88,-99,Dkg85vhu8sxU4pl/wZLHX/ACmHY=,f6IiXqJ6Fjn8mMthebp35YlQ6q0=
-90,-99,Dkg85vhu8sxU4pl/wZLHX/ACmHY=,gJdniv8lNqUWcXS85SLQaEHF3tI=
-88,-102,Dkg85vhu8sxU4pl/wZLHX/ACmHY=,f6IiXqJ6Fjn8mMthebp35YlQ6q0=
-88,-101,Dkg85vhu8sxU4pl/wZLHX/ACmHY=,f6IiXqJ6Fjn8mMthebp35YlQ6q0=
-92,-102,Dkg85vhu8sxU4pl/wZLHX/ACmHY=,gJdniv8lNqUWcXS85SLQaEHF3tI=
-90,-100,Dkg85vhu8sxU4pl/wZLHX/ACmHY=,gJdniv8lNqUWcXS85SLQaEHF3tI=
-94,-100,Dkg85vhu8sxU4pl/wZLHX/ACmHY=,gJdniv8lNqUWcXS85SLQaEHF3tI=
-92,-99,Dkg85vhu8sxU4pl/wZLHX/ACmHY=,gJdniv8lNqUWcXS85SLQaEHF3tI=
-95,-100,Dkg85vhu8sxU4pl/wZLHX/ACmHY=,gJdniv8lNqUWcXS85SLQaEHF3tI=
-91,-100,Dkg85vhu8sxU4pl/wZLHX/ACmHY=,gJdniv8lNqUWcXS85SLQaEHF3tI=
-89,-100,Dkg85vhu8sxU4pl/wZLHX/ACmHY=,gJdniv8lNqUWcXS85SLQaEHF3tI=
-90,-101,Dkg85vhu8sxU4pl/wZLHX/ACmHY=,gJdniv8lNqUWcXS85SLQaEHF3tI=
-89,-101,Dkg85vhu8sxU4pl/wZLHX/ACmHY=,gJdniv8lNqUWcXS85SLQaEHF3tI=
-93,-100,Dkg85vhu8sxU4pl/wZLHX/ACmHY=,gJdniv8lNqUWcXS85SLQaEHF3tI=
-89,-98,Dkg85vhu8sxU4pl/wZLHX/ACmHY=,gJdniv8lNqUWcXS85SLQaEHF3tI=
-92,-100,Dkg85vhu8sxU4pl/wZLHX/ACmHY=,gJdniv8lNqUWcXS85SLQaEHF3tI=
-91,-101,Dkg85vhu8sxU4pl/wZLHX/ACmHY=,gJdniv8lNqUWcXS85SLQaEHF3tI=
-92,-101,Dkg85vhu8sxU4pl/wZLHX/ACmHY=,gJdniv8lNqUWcXS85SLQaEHF3tI=
-90,-98,Dkg85vhu8sxU4pl/wZLHX/ACmHY=,gJdniv8lNqUWcXS85SLQaEHF3tI=
-81,-111,JhwgE7Wcy7+YiB0Q1b2jZ6urWAc=,6fLwQso/bEJ13iIOzEdmbKcun1k=
-81,-108,JhwgE7Wcy7+YiB0Q1b2jZ6urWAc=,6fLwQso/bEJ13iIOzEdmbKcun1k=
-81,-106,JhwgE7Wcy7+YiB0Q1b2jZ6urWAc=,6fLwQso/bEJ13iIOzEdmbKcun1k=
-81,-109,JhwgE7Wcy7+YiB0Q1b2jZ6urWAc=,6fLwQso/bEJ13iIOzEdmbKcun1k=
-81,-101,JhwgE7Wcy7+YiB0Q1b2jZ6urWAc=,f6IiXqJ6Fjn8mMthebp35YlQ6q0=
-81,-99,JhwgE7Wcy7+YiB0Q1b2jZ6urWAc=,f6IiXqJ6Fjn8mMthebp35YlQ6q0=
-81,-103,JhwgE7Wcy7+YiB0Q1b2jZ6urWAc=,f6IiXqJ6Fjn8mMthebp35YlQ6q0=
-81,-100,JhwgE7Wcy7+YiB0Q1b2jZ6urWAc=,f6IiXqJ6Fjn8mMthebp35YlQ6q0=
-81,-107,JhwgE7Wcy7+YiB0Q1b2jZ6urWAc=,6fLwQso/bEJ13iIOzEdmbKcun1k=
-81,-110,JhwgE7Wcy7+YiB0Q1b2jZ6urWAc=,6fLwQso/bEJ13iIOzEdmbKcun1k=
-81,-98,JhwgE7Wcy7+YiB0Q1b2jZ6urWAc=,f6IiXqJ6Fjn8mMthebp35YlQ6q0=
-96,-102,JhwgE7Wcy7+YiB0Q1b2jZ6urWAc=,gJdniv8lNqUWcXS85SLQaEHF3tI=
-81,-105,JhwgE7Wcy7+YiB0Q1b2jZ6urWAc=,6fLwQso/bEJ13iIOzEdmbKcun1k=
-81,-104,JhwgE7Wcy7+YiB0Q1b2jZ6urWAc=,f6IiXqJ6Fjn8mMthebp35YlQ6q0=
-96,-107,JhwgE7Wcy7+YiB0Q1b2jZ6urWAc=,raiN/OGqIKAeXoHVM/s7IilZ6R4=
-96,-98,JhwgE7Wcy7+YiB0Q1b2jZ6urWAc=,gJdniv8lNqUWcXS85SLQaEHF3tI=
-96,-106,JhwgE7Wcy7+YiB0Q1b2jZ6urWAc=,raiN/OGqIKAeXoHVM/s7IilZ6R4=
-96,-101,JhwgE7Wcy7+YiB0Q1b2jZ6urWAc=,gJdniv8lNqUWcXS85SLQaEHF3tI=
-81,-102,JhwgE7Wcy7+YiB0Q1b2jZ6urWAc=,f6IiXqJ6Fjn8mMthebp35YlQ6q0=
-96,-103,JhwgE7Wcy7+YiB0Q1b2jZ6urWAc=,gJdniv8lNqUWcXS85SLQaEHF3tI=
-96,-105,JhwgE7Wcy7+YiB0Q1b2jZ6urWAc=,raiN/OGqIKAeXoHVM/s7IilZ6R4=
-96,-108,JhwgE7Wcy7+YiB0Q1b2jZ6urWAc=,raiN/OGqIKAeXoHVM/s7IilZ6R4=
-96,-110,JhwgE7Wcy7+YiB0Q1b2jZ6urWAc=,raiN/OGqIKAeXoHVM/s7IilZ6R4=
-96,-111,JhwgE7Wcy7+YiB0Q1b2jZ6urWAc=,raiN/OGqIKAeXoHVM/s7IilZ6R4=
-96,-109,JhwgE7Wcy7+YiB0Q1b2jZ6urWAc=,raiN/OGqIKAeXoHVM/s7IilZ6R4=
-96,-104,JhwgE7Wcy7+YiB0Q1b2jZ6urWAc=,gJdniv8lNqUWcXS85SLQaEHF3tI=
-96,-100,JhwgE7Wcy7+YiB0Q1b2jZ6urWAc=,gJdniv8lNqUWcXS85SLQaEHF3tI=
-96,-99,JhwgE7Wcy7+YiB0Q1b2jZ6urWAc=,gJdniv8lNqUWcXS85SLQaEHF3tI=
-87,-112,JhwgE7Wcy7+YiB0Q1b2jZ6urWAc=,6fLwQso/bEJ13iIOzEdmbKcun1k=
-85,-112,JhwgE7Wcy7+YiB0Q1b2jZ6urWAc=,6fLwQso/bEJ13iIOzEdmbKcun1k=
-83,-112,JhwgE7Wcy7+YiB0Q1b2jZ6urWAc=,6fLwQso/bEJ13iIOzEdmbKcun1k=
-82,-112,JhwgE7Wcy7+YiB0Q1b2jZ6urWAc=,6fLwQso/bEJ13iIOzEdmbKcun1k=
-86,-112,JhwgE7Wcy7+YiB0Q1b2jZ6urWAc=,6fLwQso/bEJ13iIOzEdmbKcun1k=
-95,-112,JhwgE7Wcy7+YiB0Q1b2jZ6urWAc=,raiN/OGqIKAeXoHVM/s7IilZ6R4=
-94,-112,JhwgE7Wcy7+YiB0Q1b2jZ6urWAc=,raiN/OGqIKAeXoHVM/s7IilZ6R4=
-92,-112,JhwgE7Wcy7+YiB0Q1b2jZ6urWAc=,raiN/OGqIKAeXoHVM/s7IilZ6R4=
-90,-112,JhwgE7Wcy7+YiB0Q1b2jZ6urWAc=,raiN/OGqIKAeXoHVM/s7IilZ6R4=
-91,-112,JhwgE7Wcy7+YiB0Q1b2jZ6urWAc=,raiN/OGqIKAeXoHVM/s7IilZ6R4=
-84,-112,JhwgE7Wcy7+YiB0Q1b2jZ6urWAc=,6fLwQso/bEJ13iIOzEdmbKcun1k=
-89,-112,JhwgE7Wcy7+YiB0Q1b2jZ6urWAc=,raiN/OGqIKAeXoHVM/s7IilZ6R4=
-88,-112,JhwgE7Wcy7+YiB0Q1b2jZ6urWAc=,6fLwQso/bEJ13iIOzEdmbKcun1k=
-93,-112,JhwgE7Wcy7+YiB0Q1b2jZ6urWAc=,raiN/OGqIKAeXoHVM/s7IilZ6R4=
-95,-97,JhwgE7Wcy7+YiB0Q1b2jZ6urWAc=,gJdniv8lNqUWcXS85SLQaEHF3tI=
-94,-97,JhwgE7Wcy7+YiB0Q1b2jZ6urWAc=,gJdniv8lNqUWcXS85SLQaEHF3tI=
-81,-97,JhwgE7Wcy7+YiB0Q1b2jZ6urWAc=,f6IiXqJ6Fjn8mMthebp35YlQ6q0=
-83,-97,JhwgE7Wcy7+YiB0Q1b2jZ6urWAc=,f6IiXqJ6Fjn8mMthebp35YlQ6q0=
-84,-97,JhwgE7Wcy7+YiB0Q1b2jZ6urWAc=,f6IiXqJ6Fjn8mMthebp35YlQ6q0=
-96,-97,JhwgE7Wcy7+YiB0Q1b2jZ6urWAc=,gJdniv8lNqUWcXS85SLQaEHF3tI=
-82,-97,JhwgE7Wcy7+YiB0Q1b2jZ6urWAc=,f6IiXqJ6Fjn8mMthebp35YlQ6q0=
-85,-97,JhwgE7Wcy7+YiB0Q1b2jZ6urWAc=,f6IiXqJ6Fjn8mMthebp35YlQ6q0=
-89,-97,JhwgE7Wcy7+YiB0Q1b2jZ6urWAc=,gJdniv8lNqUWcXS85SLQaEHF3tI=
-90,-97,JhwgE7Wcy7+YiB0Q1b2jZ6urWAc=,gJdniv8lNqUWcXS85SLQaEHF3tI=
-93,-97,JhwgE7Wcy7+YiB0Q1b2jZ6urWAc=,gJdniv8lNqUWcXS85SLQaEHF3tI=
-86,-97,JhwgE7Wcy7+YiB0Q1b2jZ6urWAc=,f6IiXqJ6Fjn8mMthebp35YlQ6q0=
-88,-97,JhwgE7Wcy7+YiB0Q1b2jZ6urWAc=,f6IiXqJ6Fjn8mMthebp35YlQ6q0=
-91,-97,JhwgE7Wcy7+YiB0Q1b2jZ6urWAc=,gJdniv8lNqUWcXS85SLQaEHF3tI=
-92,-97,JhwgE7Wcy7+YiB0Q1b2jZ6urWAc=,gJdniv8lNqUWcXS85SLQaEHF3tI=
-87,-97,JhwgE7Wcy7+YiB0Q1b2jZ6urWAc=,f6IiXqJ6Fjn8mMthebp35YlQ6q0=
-96,-112,JhwgE7Wcy7+YiB0Q1b2jZ6urWAc=,raiN/OGqIKAeXoHVM/s7IilZ6R4=
-81,-112,JhwgE7Wcy7+YiB0Q1b2jZ6urWAc=,6fLwQso/bEJ13iIOzEdmbKcun1k=
