6,6242,VmUYE7khg2PlKzigWZBRjfMsonM=,JqxklAM3CLfn+haIljICqA9lkE8=
3,6243,VmUYE7khg2PlKzigWZBRjfMsonM=,JqxklAM3CLfn+haIljICqA9lkE8=
2,6243,WjhsIx5G8fWLLTr2+ybaJUCEgrw=,JqxklAM3CLfn+haIljICqA9lkE8=
1,6243,WjhsIx5G8fWLLTr2+ybaJUCEgrw=,JqxklAM3CLfn+haIljICqA9lkE8=
4,6242,WjhsIx5G8fWLLTr2+ybaJUCEgrw=,JqxklAM3CLfn+haIljICqA9lkE8=
5,6242,WjhsIx5G8fWLLTr2+ybaJUCEgrw=,JqxklAM3CLfn+haIljICqA9lkE8=
2,6242,WjhsIx5G8fWLLTr2+ybaJUCEgrw=,JqxklAM3CLfn+haIljICqA9lkE8=
3,6242,WjhsIx5G8fWLLTr2+ybaJUCEgrw=,JqxklAM3CLfn+haIljICqA9lkE8=
6,6246,WjhsIx5G8fWLLTr2+ybaJUCEgrw=,JqxklAM3CLfn+haIljICqA9lkE8=
5,6246,/PFdNCgO5kGatdIJkhnrY7nO9xM=,JqxklAM3CLfn+haIljICqA9lkE8=
4,6246,dwfF9E0aQOwKRMQTAg3LySketF8=,JqxklAM3CLfn+haIljICqA9lkE8=
2,6246,dwfF9E0aQOwKRMQTAg3LySketF8=,JqxklAM3CLfn+haIljICqA9lkE8=
3,6246,dwfF9E0aQOwKRMQTAg3LySketF8=,JqxklAM3CLfn+haIljICqA9lkE8=
6,6241,dwfF9E0aQOwKRMQTAg3LySketF8=,JqxklAM3CLfn+haIljICqA9lkE8=
1,6246,dwfF9E0aQOwKRMQTAg3LySketF8=,JqxklAM3CLfn+haIljICqA9lkE8=
1,6241,dwfF9E0aQOwKRMQTAg3LySketF8=,JqxklAM3CLfn+haIljICqA9lkE8=
4,6245,dwfF9E0aQOwKRMQTAg3LySketF8=,JqxklAM3CLfn+haIljICqA9lkE8=
6,6245,dwfF9E0aQOwKRMQTAg3LySketF8=,JqxklAM3CLfn+haIljICqA9lkE8=
3,6245,dwfF9E0aQOwKRMQTAg3LySketF8=,JqxklAM3CLfn+haIljICqA9lkE8=
2,6245,dwfF9E0aQOwKRMQTAg3LySketF8=,JqxklAM3CLfn+haIljICqA9lkE8=
5,6245,dwfF9E0aQOwKRMQTAg3LySketF8=,JqxklAM3CLfn+haIljICqA9lkE8=
6,6244,dwfF9E0aQOwKRMQTAg3LySketF8=,JqxklAM3CLfn+haIljICqA9lkE8=
5,6244,dwfF9E0aQOwKRMQTAg3LySketF8=,JqxklAM3CLfn+haIljICqA9lkE8=
4,6244,dwfF9E0aQOwKRMQTAg3LySketF8=,JqxklAM3CLfn+haIljICqA9lkE8=
5,6241,dwfF9E0aQOwKRMQTAg3LySketF8=,JqxklAM3CLfn+haIljICqA9lkE8=
1,6245,dwfF9E0aQOwKRMQTAg3LySketF8=,JqxklAM3CLfn+haIljICqA9lkE8=
3,6244,dwfF9E0aQOwKRMQTAg3LySketF8=,JqxklAM3CLfn+haIljICqA9lkE8=
4,6241,dwfF9E0aQOwKRMQTAg3LySketF8=,JqxklAM3CLfn+haIljICqA9lkE8=
1,6242,dwfF9E0aQOwKRMQTAg3LySketF8=,JqxklAM3CLfn+haIljICqA9lkE8=
1,6244,dwfF9E0aQOwKRMQTAg3LySketF8=,JqxklAM3CLfn+haIljICqA9lkE8=
2,6241,dwfF9E0aQOwKRMQTAg3LySketF8=,JqxklAM3CLfn+haIljICqA9lkE8=
5,6243,dwfF9E0aQOwKRMQTAg3LySketF8=,JqxklAM3CLfn+haIljICqA9lkE8=
4,6243,dwfF9E0aQOwKRMQTAg3LySketF8=,JqxklAM3CLfn+haIljICqA9lkE8=
7,6242,dwfF9E0aQOwKRMQTAg3LySketF8=,JqxklAM3CLfn+haIljICqA9lkE8=
12,6243,dwfF9E0aQOwKRMQTAg3LySketF8=,vKAjuMWgDOlJ093J+i5WyE3XuRk=
6,6243,dwfF9E0aQOwKRMQTAg3LySketF8=,JqxklAM3CLfn+haIljICqA9lkE8=
2,6244,dwfF9E0aQOwKRMQTAg3LySketF8=,JqxklAM3CLfn+haIljICqA9lkE8=
13,6243,dwfF9E0aQOwKRMQTAg3LySketF8=,vKAjuMWgDOlJ093J+i5WyE3XuRk=
3,6241,dwfF9E0aQOwKRMQTAg3LySketF8=,JqxklAM3CLfn+haIljICqA9lkE8=
11,6243,dwfF9E0aQOwKRMQTAg3LySketF8=,vKAjuMWgDOlJ093J+i5WyE3XuRk=
9,6243,dwfF9E0aQOwKRMQTAg3LySketF8=,vKAjuMWgDOlJ093J+i5WyE3XuRk=
8,6243,dwfF9E0aQOwKRMQTAg3LySketF8=,vKAjuMWgDOlJ093J+i5WyE3XuRk=
13,6242,dwfF9E0aQOwKRMQTAg3LySketF8=,vKAjuMWgDOlJ093J+i5WyE3XuRk=
12,6242,dwfF9E0aQOwKRMQTAg3LySketF8=,vKAjuMWgDOlJ093J+i5WyE3XuRk=
10,6243,dwfF9E0aQOwKRMQTAg3LySketF8=,vKAjuMWgDOlJ093J+i5WyE3XuRk=
11,6242,dwfF9E0aQOwKRMQTAg3LySketF8=,vKAjuMWgDOlJ093J+i5WyE3XuRk=
14,6242,dwfF9E0aQOwKRMQTAg3LySketF8=,vKAjuMWgDOlJ093J+i5WyE3XuRk=
10,6242,dwfF9E0aQOwKRMQTAg3LySketF8=,vKAjuMWgDOlJ093J+i5WyE3XuRk=
14,6241,dwfF9E0aQOwKRMQTAg3LySketF8=,vKAjuMWgDOlJ093J+i5WyE3XuRk=
7,6241,dwfF9E0aQOwKRMQTAg3LySketF8=,JqxklAM3CLfn+haIljICqA9lkE8=
13,6241,dwfF9E0aQOwKRMQTAg3LySketF8=,vKAjuMWgDOlJ093J+i5WyE3XuRk=
12,6241,dwfF9E0aQOwKRMQTAg3LySketF8=,vKAjuMWgDOlJ093J+i5WyE3XuRk=
9,6242,dwfF9E0aQOwKRMQTAg3LySketF8=,vKAjuMWgDOlJ093J+i5WyE3XuRk=
8,6242,dwfF9E0aQOwKRMQTAg3LySketF8=,vKAjuMWgDOlJ093J+i5WyE3XuRk=
10,6241,dwfF9E0aQOwKRMQTAg3LySketF8=,vKAjuMWgDOlJ093J+i5WyE3XuRk=
9,6241,dwfF9E0aQOwKRMQTAg3LySketF8=,vKAjuMWgDOlJ093J+i5WyE3XuRk=
11,6241,dwfF9E0aQOwKRMQTAg3LySketF8=,vKAjuMWgDOlJ093J+i5WyE3XuRk=
8,6241,dwfF9E0aQOwKRMQTAg3LySketF8=,vKAjuMWgDOlJ093J+i5WyE3XuRk=
7,6246,dwfF9E0aQOwKRMQTAg3LySketF8=,JqxklAM3CLfn+haIljICqA9lkE8=
14,6243,dwfF9E0aQOwKRMQTAg3LySketF8=,vKAjuMWgDOlJ093J+i5WyE3XuRk=
7,6243,dwfF9E0aQOwKRMQTAg3LySketF8=,JqxklAM3CLfn+haIljICqA9lkE8=
8,6244,dwfF9E0aQOwKRMQTAg3LySketF8=,vKAjuMWgDOlJ093J+i5WyE3XuRk=
9,6244,dwfF9E0aQOwKRMQTAg3LySketF8=,vKAjuMWgDOlJ093J+i5WyE3XuRk=
10,6244,dwfF9E0aQOwKRMQTAg3LySketF8=,vKAjuMWgDOlJ093J+i5WyE3XuRk=
11,6244,dwfF9E0aQOwKRMQTAg3LySketF8=,vKAjuMWgDOlJ093J+i5WyE3XuRk=
12,6244,dwfF9E0aQOwKRMQTAg3LySketF8=,vKAjuMWgDOlJ093J+i5WyE3XuRk=
7,6244,dwfF9E0aQOwKRMQTAg3LySketF8=,JqxklAM3CLfn+haIljICqA9lkE8=
13,6244,dwfF9E0aQOwKRMQTAg3LySketF8=,vKAjuMWgDOlJ093J+i5WyE3XuRk=
9,6246,dwfF9E0aQOwKRMQTAg3LySketF8=,vKAjuMWgDOlJ093J+i5WyE3XuRk=
8,6246,dwfF9E0aQOwKRMQTAg3LySketF8=,vKAjuMWgDOlJ093J+i5WyE3XuRk=
12,6246,dwfF9E0aQOwKRMQTAg3LySketF8=,vKAjuMWgDOlJ093J+i5WyE3XuRk=
14,6244,dwfF9E0aQOwKRMQTAg3LySketF8=,vKAjuMWgDOlJ093J+i5WyE3XuRk=
8,6245,dwfF9E0aQOwKRMQTAg3LySketF8=,vKAjuMWgDOlJ093J+i5WyE3XuRk=
10,6245,dwfF9E0aQOwKRMQTAg3LySketF8=,vKAjuMWgDOlJ093J+i5WyE3XuRk=
7,6245,dwfF9E0aQOwKRMQTAg3LySketF8=,JqxklAM3CLfn+haIljICqA9lkE8=
11,6245,dwfF9E0aQOwKRMQTAg3LySketF8=,vKAjuMWgDOlJ093J+i5WyE3XuRk=
9,6245,dwfF9E0aQOwKRMQTAg3LySketF8=,vKAjuMWgDOlJ093J+i5WyE3XuRk=
14,6246,dwfF9E0aQOwKRMQTAg3LySketF8=,vKAjuMWgDOlJ093J+i5WyE3XuRk=
11,6246,dwfF9E0aQOwKRMQTAg3LySketF8=,vKAjuMWgDOlJ093J+i5WyE3XuRk=
14,6245,dwfF9E0aQOwKRMQTAg3LySketF8=,vKAjuMWgDOlJ093J+i5WyE3XuRk=
13,6246,dwfF9E0aQOwKRMQTAg3LySketF8=,vKAjuMWgDOlJ093J+i5WyE3XuRk=
13,6245,dwfF9E0aQOwKRMQTAg3LySketF8=,vKAjuMWgDOlJ093J+i5WyE3XuRk=
10,6246,dwfF9E0aQOwKRMQTAg3LySketF8=,vKAjuMWgDOlJ093J+i5WyE3XuRk=
12,6245,dwfF9E0aQOwKRMQTAg3LySketF8=,vKAjuMWgDOlJ093J+i5WyE3XuRk=
6,6247,dwfF9E0aQOwKRMQTAg3LySketF8=,JqxklAM3CLfn+haIljICqA9lkE8=
5,6247,dwfF9E0aQOwKRMQTAg3LySketF8=,JqxklAM3CLfn+haIljICqA9lkE8=
2,6247,dwfF9E0aQOwKRMQTAg3LySketF8=,JqxklAM3CLfn+haIljICqA9lkE8=
6,6254,dwfF9E0aQOwKRMQTAg3LySketF8=,fWNXLKpSdALutD3Ru1+aSBQ30q4=
5,6254,dwfF9E0aQOwKRMQTAg3LySketF8=,fWNXLKpSdALutD3Ru1+aSBQ30q4=
3,6254,dwfF9E0aQOwKRMQTAg3LySketF8=,fWNXLKpSdALutD3Ru1+aSBQ30q4=
1,6254,dwfF9E0aQOwKRMQTAg3LySketF8=,fWNXLKpSdALutD3Ru1+aSBQ30q4=
3,6247,dwfF9E0aQOwKRMQTAg3LySketF8=,JqxklAM3CLfn+haIljICqA9lkE8=
4,6254,dwfF9E0aQOwKRMQTAg3LySketF8=,fWNXLKpSdALutD3Ru1+aSBQ30q4=
7,6247,dwfF9E0aQOwKRMQTAg3LySketF8=,JqxklAM3CLfn+haIljICqA9lkE8=
1,6247,dwfF9E0aQOwKRMQTAg3LySketF8=,JqxklAM3CLfn+haIljICqA9lkE8=
5,6253,dwfF9E0aQOwKRMQTAg3LySketF8=,fWNXLKpSdALutD3Ru1+aSBQ30q4=
1,6248,dwfF9E0aQOwKRMQTAg3LySketF8=,fWNXLKpSdALutD3Ru1+aSBQ30q4=
14,6247,dwfF9E0aQOwKRMQTAg3LySketF8=,vKAjuMWgDOlJ093J+i5WyE3XuRk=
2,6253,dwfF9E0aQOwKRMQTAg3LySketF8=,fWNXLKpSdALutD3Ru1+aSBQ30q4=
1,6253,dwfF9E0aQOwKRMQTAg3LySketF8=,fWNXLKpSdALutD3Ru1+aSBQ30q4=
4,6247,dwfF9E0aQOwKRMQTAg3LySketF8=,JqxklAM3CLfn+haIljICqA9lkE8=
5,6252,dwfF9E0aQOwKRMQTAg3LySketF8=,fWNXLKpSdALutD3Ru1+aSBQ30q4=
6,6252,dwfF9E0aQOwKRMQTAg3LySketF8=,fWNXLKpSdALutD3Ru1+aSBQ30q4=
4,6253,dwfF9E0aQOwKRMQTAg3LySketF8=,fWNXLKpSdALutD3Ru1+aSBQ30q4=
13,6247,dwfF9E0aQOwKRMQTAg3LySketF8=,vKAjuMWgDOlJ093J+i5WyE3XuRk=
3,6253,dwfF9E0aQOwKRMQTAg3LySketF8=,fWNXLKpSdALutD3Ru1+aSBQ30q4=
4,6252,dwfF9E0aQOwKRMQTAg3LySketF8=,fWNXLKpSdALutD3Ru1+aSBQ30q4=
2,6248,dwfF9E0aQOwKRMQTAg3LySketF8=,fWNXLKpSdALutD3Ru1+aSBQ30q4=
12,6253,dwfF9E0aQOwKRMQTAg3LySketF8=,8cN6PB0v0VpWRxpVmLhHWYr6NC0=
3,6252,dwfF9E0aQOwKRMQTAg3LySketF8=,fWNXLKpSdALutD3Ru1+aSBQ30q4=
2,6252,dwfF9E0aQOwKRMQTAg3LySketF8=,fWNXLKpSdALutD3Ru1+aSBQ30q4=
11,6253,dwfF9E0aQOwKRMQTAg3LySketF8=,8cN6PB0v0VpWRxpVmLhHWYr6NC0=
9,6253,dwfF9E0aQOwKRMQTAg3LySketF8=,8cN6PB0v0VpWRxpVmLhHWYr6NC0=
6,6251,dwfF9E0aQOwKRMQTAg3LySketF8=,fWNXLKpSdALutD3Ru1+aSBQ30q4=
7,6248,dwfF9E0aQOwKRMQTAg3LySketF8=,fWNXLKpSdALutD3Ru1+aSBQ30q4=
3,6248,dwfF9E0aQOwKRMQTAg3LySketF8=,fWNXLKpSdALutD3Ru1+aSBQ30q4=
8,6253,dwfF9E0aQOwKRMQTAg3LySketF8=,8cN6PB0v0VpWRxpVmLhHWYr6NC0=
4,6251,dwfF9E0aQOwKRMQTAg3LySketF8=,fWNXLKpSdALutD3Ru1+aSBQ30q4=
2,6251,dwfF9E0aQOwKRMQTAg3LySketF8=,fWNXLKpSdALutD3Ru1+aSBQ30q4=
1,6251,dwfF9E0aQOwKRMQTAg3LySketF8=,fWNXLKpSdALutD3Ru1+aSBQ30q4=
10,6253,dwfF9E0aQOwKRMQTAg3LySketF8=,8cN6PB0v0VpWRxpVmLhHWYr6NC0=
5,6248,dwfF9E0aQOwKRMQTAg3LySketF8=,fWNXLKpSdALutD3Ru1+aSBQ30q4=
4,6248,dwfF9E0aQOwKRMQTAg3LySketF8=,fWNXLKpSdALutD3Ru1+aSBQ30q4=
5,6251,dwfF9E0aQOwKRMQTAg3LySketF8=,fWNXLKpSdALutD3Ru1+aSBQ30q4=
6,6250,dwfF9E0aQOwKRMQTAg3LySketF8=,fWNXLKpSdALutD3Ru1+aSBQ30q4=
6,6248,dwfF9E0aQOwKRMQTAg3LySketF8=,fWNXLKpSdALutD3Ru1+aSBQ30q4=
5,6250,dwfF9E0aQOwKRMQTAg3LySketF8=,fWNXLKpSdALutD3Ru1+aSBQ30q4=
3,6250,dwfF9E0aQOwKRMQTAg3LySketF8=,fWNXLKpSdALutD3Ru1+aSBQ30q4=
13,6253,dwfF9E0aQOwKRMQTAg3LySketF8=,8cN6PB0v0VpWRxpVmLhHWYr6NC0=
2,6254,dwfF9E0aQOwKRMQTAg3LySketF8=,fWNXLKpSdALutD3Ru1+aSBQ30q4=
3,6251,dwfF9E0aQOwKRMQTAg3LySketF8=,fWNXLKpSdALutD3Ru1+aSBQ30q4=
13,6252,dwfF9E0aQOwKRMQTAg3LySketF8=,8cN6PB0v0VpWRxpVmLhHWYr6NC0=
14,6252,dwfF9E0aQOwKRMQTAg3LySketF8=,8cN6PB0v0VpWRxpVmLhHWYr6NC0=
1,6252,dwfF9E0aQOwKRMQTAg3LySketF8=,fWNXLKpSdALutD3Ru1+aSBQ30q4=
7,6254,dwfF9E0aQOwKRMQTAg3LySketF8=,fWNXLKpSdALutD3Ru1+aSBQ30q4=
6,6253,dwfF9E0aQOwKRMQTAg3LySketF8=,fWNXLKpSdALutD3Ru1+aSBQ30q4=
2,6250,dwfF9E0aQOwKRMQTAg3LySketF8=,fWNXLKpSdALutD3Ru1+aSBQ30q4=
9,6247,dwfF9E0aQOwKRMQTAg3LySketF8=,vKAjuMWgDOlJ093J+i5WyE3XuRk=
12,6247,dwfF9E0aQOwKRMQTAg3LySketF8=,vKAjuMWgDOlJ093J+i5WyE3XuRk=
5,6249,dwfF9E0aQOwKRMQTAg3LySketF8=,fWNXLKpSdALutD3Ru1+aSBQ30q4=
3,6249,dwfF9E0aQOwKRMQTAg3LySketF8=,fWNXLKpSdALutD3Ru1+aSBQ30q4=
10,6247,dwfF9E0aQOwKRMQTAg3LySketF8=,vKAjuMWgDOlJ093J+i5WyE3XuRk=
1,6249,dwfF9E0aQOwKRMQTAg3LySketF8=,fWNXLKpSdALutD3Ru1+aSBQ30q4=
2,6249,dwfF9E0aQOwKRMQTAg3LySketF8=,fWNXLKpSdALutD3Ru1+aSBQ30q4=
1,6250,dwfF9E0aQOwKRMQTAg3LySketF8=,fWNXLKpSdALutD3Ru1+aSBQ30q4=
6,6249,dwfF9E0aQOwKRMQTAg3LySketF8=,fWNXLKpSdALutD3Ru1+aSBQ30q4=
10,6252,dwfF9E0aQOwKRMQTAg3LySketF8=,8cN6PB0v0VpWRxpVmLhHWYr6NC0=
8,6247,dwfF9E0aQOwKRMQTAg3LySketF8=,vKAjuMWgDOlJ093J+i5WyE3XuRk=
4,6249,dwfF9E0aQOwKRMQTAg3LySketF8=,fWNXLKpSdALutD3Ru1+aSBQ30q4=
11,6247,dwfF9E0aQOwKRMQTAg3LySketF8=,vKAjuMWgDOlJ093J+i5WyE3XuRk=
14,6251,dwfF9E0aQOwKRMQTAg3LySketF8=,8cN6PB0v0VpWRxpVmLhHWYr6NC0=
13,6251,dwfF9E0aQOwKRMQTAg3LySketF8=,8cN6PB0v0VpWRxpVmLhHWYr6NC0=
8,6252,dwfF9E0aQOwKRMQTAg3LySketF8=,8cN6PB0v0VpWRxpVmLhHWYr6NC0=
11,6252,dwfF9E0aQOwKRMQTAg3LySketF8=,8cN6PB0v0VpWRxpVmLhHWYr6NC0=
10,6251,dwfF9E0aQOwKRMQTAg3LySketF8=,8cN6PB0v0VpWRxpVmLhHWYr6NC0=
7,6253,dwfF9E0aQOwKRMQTAg3LySketF8=,fWNXLKpSdALutD3Ru1+aSBQ30q4=
9,6252,dwfF9E0aQOwKRMQTAg3LySketF8=,8cN6PB0v0VpWRxpVmLhHWYr6NC0=
14,6253,dwfF9E0aQOwKRMQTAg3LySketF8=,8cN6PB0v0VpWRxpVmLhHWYr6NC0=
14,6250,dwfF9E0aQOwKRMQTAg3LySketF8=,8cN6PB0v0VpWRxpVmLhHWYr6NC0=
9,6251,dwfF9E0aQOwKRMQTAg3LySketF8=,8cN6PB0v0VpWRxpVmLhHWYr6NC0=
13,6250,dwfF9E0aQOwKRMQTAg3LySketF8=,8cN6PB0v0VpWRxpVmLhHWYr6NC0=
8,6254,dwfF9E0aQOwKRMQTAg3LySketF8=,8cN6PB0v0VpWRxpVmLhHWYr6NC0=
12,6250,dwfF9E0aQOwKRMQTAg3LySketF8=,8cN6PB0v0VpWRxpVmLhHWYr6NC0=
11,6251,dwfF9E0aQOwKRMQTAg3LySketF8=,8cN6PB0v0VpWRxpVmLhHWYr6NC0=
11,6250,dwfF9E0aQOwKRMQTAg3LySketF8=,8cN6PB0v0VpWRxpVmLhHWYr6NC0=
9,6254,dwfF9E0aQOwKRMQTAg3LySketF8=,8cN6PB0v0VpWRxpVmLhHWYr6NC0=
9,6250,dwfF9E0aQOwKRMQTAg3LySketF8=,8cN6PB0v0VpWRxpVmLhHWYr6NC0=
14,6249,dwfF9E0aQOwKRMQTAg3LySketF8=,8cN6PB0v0VpWRxpVmLhHWYr6NC0=
13,6249,dwfF9E0aQOwKRMQTAg3LySketF8=,8cN6PB0v0VpWRxpVmLhHWYr6NC0=
10,6254,dwfF9E0aQOwKRMQTAg3LySketF8=,8cN6PB0v0VpWRxpVmLhHWYr6NC0=
8,6251,dwfF9E0aQOwKRMQTAg3LySketF8=,8cN6PB0v0VpWRxpVmLhHWYr6NC0=
7,6252,dwfF9E0aQOwKRMQTAg3LySketF8=,fWNXLKpSdALutD3Ru1+aSBQ30q4=
8,6250,dwfF9E0aQOwKRMQTAg3LySketF8=,8cN6PB0v0VpWRxpVmLhHWYr6NC0=
10,6249,dwfF9E0aQOwKRMQTAg3LySketF8=,8cN6PB0v0VpWRxpVmLhHWYr6NC0=
11,6249,dwfF9E0aQOwKRMQTAg3LySketF8=,8cN6PB0v0VpWRxpVmLhHWYr6NC0=
8,6249,dwfF9E0aQOwKRMQTAg3LySketF8=,8cN6PB0v0VpWRxpVmLhHWYr6NC0=
12,6252,dwfF9E0aQOwKRMQTAg3LySketF8=,8cN6PB0v0VpWRxpVmLhHWYr6NC0=
12,6249,dwfF9E0aQOwKRMQTAg3LySketF8=,8cN6PB0v0VpWRxpVmLhHWYr6NC0=
13,6248,dwfF9E0aQOwKRMQTAg3LySketF8=,8cN6PB0v0VpWRxpVmLhHWYr6NC0=
11,6248,dwfF9E0aQOwKRMQTAg3LySketF8=,8cN6PB0v0VpWRxpVmLhHWYr6NC0=
11,6254,dwfF9E0aQOwKRMQTAg3LySketF8=,8cN6PB0v0VpWRxpVmLhHWYr6NC0=
10,6248,dwfF9E0aQOwKRMQTAg3LySketF8=,8cN6PB0v0VpWRxpVmLhHWYr6NC0=
12,6248,dwfF9E0aQOwKRMQTAg3LySketF8=,8cN6PB0v0VpWRxpVmLhHWYr6NC0=
12,6254,dwfF9E0aQOwKRMQTAg3LySketF8=,8cN6PB0v0VpWRxpVmLhHWYr6NC0=
7,6249,dwfF9E0aQOwKRMQTAg3LySketF8=,fWNXLKpSdALutD3Ru1+aSBQ30q4=
9,6249,dwfF9E0aQOwKRMQTAg3LySketF8=,8cN6PB0v0VpWRxpVmLhHWYr6NC0=
9,6248,dwfF9E0aQOwKRMQTAg3LySketF8=,8cN6PB0v0VpWRxpVmLhHWYr6NC0=
7,6250,dwfF9E0aQOwKRMQTAg3LySketF8=,fWNXLKpSdALutD3Ru1+aSBQ30q4=
4,6250,dwfF9E0aQOwKRMQTAg3LySketF8=,fWNXLKpSdALutD3Ru1+aSBQ30q4=
7,6251,dwfF9E0aQOwKRMQTAg3LySketF8=,fWNXLKpSdALutD3Ru1+aSBQ30q4=
8,6248,dwfF9E0aQOwKRMQTAg3LySketF8=,8cN6PB0v0VpWRxpVmLhHWYr6NC0=
12,6251,dwfF9E0aQOwKRMQTAg3LySketF8=,8cN6PB0v0VpWRxpVmLhHWYr6NC0=
13,6254,dwfF9E0aQOwKRMQTAg3LySketF8=,8cN6PB0v0VpWRxpVmLhHWYr6NC0=
14,6254,dwfF9E0aQOwKRMQTAg3LySketF8=,8cN6PB0v0VpWRxpVmLhHWYr6NC0=
14,6248,dwfF9E0aQOwKRMQTAg3LySketF8=,8cN6PB0v0VpWRxpVmLhHWYr6NC0=
10,6250,dwfF9E0aQOwKRMQTAg3LySketF8=,8cN6PB0v0VpWRxpVmLhHWYr6NC0=
15,6241,dwfF9E0aQOwKRMQTAg3LySketF8=,vKAjuMWgDOlJ093J+i5WyE3XuRk=
15,6243,dwfF9E0aQOwKRMQTAg3LySketF8=,vKAjuMWgDOlJ093J+i5WyE3XuRk=
14,6255,dwfF9E0aQOwKRMQTAg3LySketF8=,8cN6PB0v0VpWRxpVmLhHWYr6NC0=
15,6242,dwfF9E0aQOwKRMQTAg3LySketF8=,vKAjuMWgDOlJ093J+i5WyE3XuRk=
9,6255,dwfF9E0aQOwKRMQTAg3LySketF8=,8cN6PB0v0VpWRxpVmLhHWYr6NC0=
15,6245,dwfF9E0aQOwKRMQTAg3LySketF8=,vKAjuMWgDOlJ093J+i5WyE3XuRk=
3,6255,dwfF9E0aQOwKRMQTAg3LySketF8=,fWNXLKpSdALutD3Ru1+aSBQ30q4=
2,6255,dwfF9E0aQOwKRMQTAg3LySketF8=,fWNXLKpSdALutD3Ru1+aSBQ30q4=
10,6255,dwfF9E0aQOwKRMQTAg3LySketF8=,8cN6PB0v0VpWRxpVmLhHWYr6NC0=
11,6255,dwfF9E0aQOwKRMQTAg3LySketF8=,8cN6PB0v0VpWRxpVmLhHWYr6NC0=
8,6255,dwfF9E0aQOwKRMQTAg3LySketF8=,8cN6PB0v0VpWRxpVmLhHWYr6NC0=
12,6255,dwfF9E0aQOwKRMQTAg3LySketF8=,8cN6PB0v0VpWRxpVmLhHWYr6NC0=
1,6255,dwfF9E0aQOwKRMQTAg3LySketF8=,fWNXLKpSdALutD3Ru1+aSBQ30q4=
6,6255,dwfF9E0aQOwKRMQTAg3LySketF8=,fWNXLKpSdALutD3Ru1+aSBQ30q4=
15,6244,dwfF9E0aQOwKRMQTAg3LySketF8=,vKAjuMWgDOlJ093J+i5WyE3XuRk=
15,6252,dwfF9E0aQOwKRMQTAg3LySketF8=,8cN6PB0v0VpWRxpVmLhHWYr6NC0=
13,6255,dwfF9E0aQOwKRMQTAg3LySketF8=,8cN6PB0v0VpWRxpVmLhHWYr6NC0=
5,6255,dwfF9E0aQOwKRMQTAg3LySketF8=,fWNXLKpSdALutD3Ru1+aSBQ30q4=
7,6255,dwfF9E0aQOwKRMQTAg3LySketF8=,fWNXLKpSdALutD3Ru1+aSBQ30q4=
4,6255,dwfF9E0aQOwKRMQTAg3LySketF8=,fWNXLKpSdALutD3Ru1+aSBQ30q4=
15,6247,dwfF9E0aQOwKRMQTAg3LySketF8=,vKAjuMWgDOlJ093J+i5WyE3XuRk=
15,6246,dwfF9E0aQOwKRMQTAg3LySketF8=,vKAjuMWgDOlJ093J+i5WyE3XuRk=
15,6250,dwfF9E0aQOwKRMQTAg3LySketF8=,8cN6PB0v0VpWRxpVmLhHWYr6NC0=
15,6253,dwfF9E0aQOwKRMQTAg3LySketF8=,8cN6PB0v0VpWRxpVmLhHWYr6NC0=
15,6248,dwfF9E0aQOwKRMQTAg3LySketF8=,8cN6PB0v0VpWRxpVmLhHWYr6NC0=
15,6249,dwfF9E0aQOwKRMQTAg3LySketF8=,8cN6PB0v0VpWRxpVmLhHWYr6NC0=
15,6254,dwfF9E0aQOwKRMQTAg3LySketF8=,8cN6PB0v0VpWRxpVmLhHWYr6NC0=
15,6251,dwfF9E0aQOwKRMQTAg3LySketF8=,8cN6PB0v0VpWRxpVmLhHWYr6NC0=
5,6240,u/Yiw7ESvRvs/1zA3FKIiBcUpuo=,JqxklAM3CLfn+haIljICqA9lkE8=
4,6240,u/Yiw7ESvRvs/1zA3FKIiBcUpuo=,JqxklAM3CLfn+haIljICqA9lkE8=
3,6240,u/Yiw7ESvRvs/1zA3FKIiBcUpuo=,JqxklAM3CLfn+haIljICqA9lkE8=
6,6240,u/Yiw7ESvRvs/1zA3FKIiBcUpuo=,JqxklAM3CLfn+haIljICqA9lkE8=
1,6240,u/Yiw7ESvRvs/1zA3FKIiBcUpuo=,JqxklAM3CLfn+haIljICqA9lkE8=
7,6240,u/Yiw7ESvRvs/1zA3FKIiBcUpuo=,JqxklAM3CLfn+haIljICqA9lkE8=
9,6240,u/Yiw7ESvRvs/1zA3FKIiBcUpuo=,vKAjuMWgDOlJ093J+i5WyE3XuRk=
10,6240,u/Yiw7ESvRvs/1zA3FKIiBcUpuo=,vKAjuMWgDOlJ093J+i5WyE3XuRk=
11,6240,u/Yiw7ESvRvs/1zA3FKIiBcUpuo=,vKAjuMWgDOlJ093J+i5WyE3XuRk=
12,6240,u/Yiw7ESvRvs/1zA3FKIiBcUpuo=,vKAjuMWgDOlJ093J+i5WyE3XuRk=
13,6240,u/Yiw7ESvRvs/1zA3FKIiBcUpuo=,vKAjuMWgDOlJ093J+i5WyE3XuRk=
2,6240,u/Yiw7ESvRvs/1zA3FKIiBcUpuo=,JqxklAM3CLfn+haIljICqA9lkE8=
8,6240,u/Yiw7ESvRvs/1zA3FKIiBcUpuo=,vKAjuMWgDOlJ093J+i5WyE3XuRk=
14,6240,u/Yiw7ESvRvs/1zA3FKIiBcUpuo=,vKAjuMWgDOlJ093J+i5WyE3XuRk=
0,6242,u/Yiw7ESvRvs/1zA3FKIiBcUpuo=,JqxklAM3CLfn+haIljICqA9lkE8=
0,6240,u/Yiw7ESvRvs/1zA3FKIiBcUpuo=,JqxklAM3CLfn+haIljICqA9lkE8=
0,6243,u/Yiw7ESvRvs/1zA3FKIiBcUpuo=,JqxklAM3CLfn+haIljICqA9lkE8=
0,6244,u/Yiw7ESvRvs/1zA3FKIiBcUpuo=,JqxklAM3CLfn+haIljICqA9lkE8=
0,6241,u/Yiw7ESvRvs/1zA3FKIiBcUpuo=,JqxklAM3CLfn+haIljICqA9lkE8=
0,6248,u/Yiw7ESvRvs/1zA3FKIiBcUpuo=,fWNXLKpSdALutD3Ru1+aSBQ30q4=
0,6246,u/Yiw7ESvRvs/1zA3FKIiBcUpuo=,JqxklAM3CLfn+haIljICqA9lkE8=
0,6245,u/Yiw7ESvRvs/1zA3FKIiBcUpuo=,JqxklAM3CLfn+haIljICqA9lkE8=
0,6252,u/Yiw7ESvRvs/1zA3FKIiBcUpuo=,fWNXLKpSdALutD3Ru1+aSBQ30q4=
0,6254,u/Yiw7ESvRvs/1zA3FKIiBcUpuo=,fWNXLKpSdALutD3Ru1+aSBQ30q4=
0,6247,u/Yiw7ESvRvs/1zA3FKIiBcUpuo=,JqxklAM3CLfn+haIljICqA9lkE8=
0,6249,u/Yiw7ESvRvs/1zA3FKIiBcUpuo=,fWNXLKpSdALutD3Ru1+aSBQ30q4=
0,6253,u/Yiw7ESvRvs/1zA3FKIiBcUpuo=,fWNXLKpSdALutD3Ru1+aSBQ30q4=
0,6250,u/Yiw7ESvRvs/1zA3FKIiBcUpuo=,fWNXLKpSdALutD3Ru1+aSBQ30q4=
0,6255,u/Yiw7ESvRvs/1zA3FKIiBcUpuo=,fWNXLKpSdALutD3Ru1+aSBQ30q4=
0,6251,u/Yiw7ESvRvs/1zA3FKIiBcUpuo=,fWNXLKpSdALutD3Ru1+aSBQ30q4=
15,6240,u/Yiw7ESvRvs/1zA3FKIiBcUpuo=,vKAjuMWgDOlJ093J+i5WyE3XuRk=
15,6255,u/Yiw7ESvRvs/1zA3FKIiBcUpuo=,8cN6PB0v0VpWRxpVmLhHWYr6NC0=
8,6265,CQCPfi+fMFsIaIFIxQR8k7RUgFY=,jdEgcwIugqRbd3pjeu0ie0WdNy0=
15,6270,CQCPfi+fMFsIaIFIxQR8k7RUgFY=,jdEgcwIugqRbd3pjeu0ie0WdNy0=
14,6270,uZK1e094wInr52j4cyRimW5cZ7g=,jdEgcwIugqRbd3pjeu0ie0WdNy0=
13,6270,3r1d2DjU5jgZv+vvACkraGnmVyM=,jdEgcwIugqRbd3pjeu0ie0WdNy0=
12,6270,3r1d2DjU5jgZv+vvACkraGnmVyM=,jdEgcwIugqRbd3pjeu0ie0WdNy0=
10,6270,3r1d2DjU5jgZv+vvACkraGnmVyM=,jdEgcwIugqRbd3pjeu0ie0WdNy0=
9,6270,3r1d2DjU5jgZv+vvACkraGnmVyM=,jdEgcwIugqRbd3pjeu0ie0WdNy0=
8,6270,3r1d2DjU5jgZv+vvACkraGnmVyM=,jdEgcwIugqRbd3pjeu0ie0WdNy0=
11,6270,3r1d2DjU5jgZv+vvACkraGnmVyM=,jdEgcwIugqRbd3pjeu0ie0WdNy0=
14,6269,3r1d2DjU5jgZv+vvACkraGnmVyM=,jdEgcwIugqRbd3pjeu0ie0WdNy0=
13,6269,3r1d2DjU5jgZv+vvACkraGnmVyM=,jdEgcwIugqRbd3pjeu0ie0WdNy0=
15,6269,3r1d2DjU5jgZv+vvACkraGnmVyM=,jdEgcwIugqRbd3pjeu0ie0WdNy0=
11,6269,3r1d2DjU5jgZv+vvACkraGnmVyM=,jdEgcwIugqRbd3pjeu0ie0WdNy0=
10,6269,3r1d2DjU5jgZv+vvACkraGnmVyM=,jdEgcwIugqRbd3pjeu0ie0WdNy0=
9,6269,3r1d2DjU5jgZv+vvACkraGnmVyM=,jdEgcwIugqRbd3pjeu0ie0WdNy0=
15,6268,3r1d2DjU5jgZv+vvACkraGnmVyM=,jdEgcwIugqRbd3pjeu0ie0WdNy0=
14,6268,3r1d2DjU5jgZv+vvACkraGnmVyM=,jdEgcwIugqRbd3pjeu0ie0WdNy0=
13,6268,3r1d2DjU5jgZv+vvACkraGnmVyM=,jdEgcwIugqRbd3pjeu0ie0WdNy0=
12,6268,3r1d2DjU5jgZv+vvACkraGnmVyM=,jdEgcwIugqRbd3pjeu0ie0WdNy0=
11,6268,3r1d2DjU5jgZv+vvACkraGnmVyM=,jdEgcwIugqRbd3pjeu0ie0WdNy0=
8,6269,3r1d2DjU5jgZv+vvACkraGnmVyM=,jdEgcwIugqRbd3pjeu0ie0WdNy0=
9,6268,3r1d2DjU5jgZv+vvACkraGnmVyM=,jdEgcwIugqRbd3pjeu0ie0WdNy0=
8,6268,3r1d2DjU5jgZv+vvACkraGnmVyM=,jdEgcwIugqRbd3pjeu0ie0WdNy0=
15,6267,3r1d2DjU5jgZv+vvACkraGnmVyM=,jdEgcwIugqRbd3pjeu0ie0WdNy0=
14,6267,3r1d2DjU5jgZv+vvACkraGnmVyM=,jdEgcwIugqRbd3pjeu0ie0WdNy0=
13,6267,3r1d2DjU5jgZv+vvACkraGnmVyM=,jdEgcwIugqRbd3pjeu0ie0WdNy0=
11,6267,3r1d2DjU5jgZv+vvACkraGnmVyM=,jdEgcwIugqRbd3pjeu0ie0WdNy0=
10,6267,3r1d2DjU5jgZv+vvACkraGnmVyM=,jdEgcwIugqRbd3pjeu0ie0WdNy0=
9,6267,3r1d2DjU5jgZv+vvACkraGnmVyM=,jdEgcwIugqRbd3pjeu0ie0WdNy0=
12,6269,3r1d2DjU5jgZv+vvACkraGnmVyM=,jdEgcwIugqRbd3pjeu0ie0WdNy0=
12,6267,3r1d2DjU5jgZv+vvACkraGnmVyM=,jdEgcwIugqRbd3pjeu0ie0WdNy0=
10,6268,3r1d2DjU5jgZv+vvACkraGnmVyM=,jdEgcwIugqRbd3pjeu0ie0WdNy0=
15,6266,3r1d2DjU5jgZv+vvACkraGnmVyM=,jdEgcwIugqRbd3pjeu0ie0WdNy0=
8,6267,3r1d2DjU5jgZv+vvACkraGnmVyM=,jdEgcwIugqRbd3pjeu0ie0WdNy0=
14,6266,3r1d2DjU5jgZv+vvACkraGnmVyM=,jdEgcwIugqRbd3pjeu0ie0WdNy0=
12,6266,3r1d2DjU5jgZv+vvACkraGnmVyM=,jdEgcwIugqRbd3pjeu0ie0WdNy0=
13,6266,3r1d2DjU5jgZv+vvACkraGnmVyM=,jdEgcwIugqRbd3pjeu0ie0WdNy0=
11,6266,3r1d2DjU5jgZv+vvACkraGnmVyM=,jdEgcwIugqRbd3pjeu0ie0WdNy0=
9,6266,3r1d2DjU5jgZv+vvACkraGnmVyM=,jdEgcwIugqRbd3pjeu0ie0WdNy0=
10,6266,3r1d2DjU5jgZv+vvACkraGnmVyM=,jdEgcwIugqRbd3pjeu0ie0WdNy0=
8,6266,3r1d2DjU5jgZv+vvACkraGnmVyM=,jdEgcwIugqRbd3pjeu0ie0WdNy0=
15,6265,3r1d2DjU5jgZv+vvACkraGnmVyM=,jdEgcwIugqRbd3pjeu0ie0WdNy0=
14,6265,3r1d2DjU5jgZv+vvACkraGnmVyM=,jdEgcwIugqRbd3pjeu0ie0WdNy0=
13,6265,3r1d2DjU5jgZv+vvACkraGnmVyM=,jdEgcwIugqRbd3pjeu0ie0WdNy0=
14,6271,3r1d2DjU5jgZv+vvACkraGnmVyM=,jdEgcwIugqRbd3pjeu0ie0WdNy0=
9,6271,3r1d2DjU5jgZv+vvACkraGnmVyM=,jdEgcwIugqRbd3pjeu0ie0WdNy0=
10,6271,3r1d2DjU5jgZv+vvACkraGnmVyM=,jdEgcwIugqRbd3pjeu0ie0WdNy0=
12,6265,3r1d2DjU5jgZv+vvACkraGnmVyM=,jdEgcwIugqRbd3pjeu0ie0WdNy0=
11,6265,3r1d2DjU5jgZv+vvACkraGnmVyM=,jdEgcwIugqRbd3pjeu0ie0WdNy0=
10,6265,3r1d2DjU5jgZv+vvACkraGnmVyM=,jdEgcwIugqRbd3pjeu0ie0WdNy0=
12,6261,3r1d2DjU5jgZv+vvACkraGnmVyM=,y3/aSYFHBlbeJ76zPu1X1sD2d/I=
9,6264,3r1d2DjU5jgZv+vvACkraGnmVyM=,jdEgcwIugqRbd3pjeu0ie0WdNy0=
10,6264,3r1d2DjU5jgZv+vvACkraGnmVyM=,jdEgcwIugqRbd3pjeu0ie0WdNy0=
11,6271,3r1d2DjU5jgZv+vvACkraGnmVyM=,jdEgcwIugqRbd3pjeu0ie0WdNy0=
11,6264,3r1d2DjU5jgZv+vvACkraGnmVyM=,jdEgcwIugqRbd3pjeu0ie0WdNy0=
12,6271,3r1d2DjU5jgZv+vvACkraGnmVyM=,jdEgcwIugqRbd3pjeu0ie0WdNy0=
12,6264,3r1d2DjU5jgZv+vvACkraGnmVyM=,jdEgcwIugqRbd3pjeu0ie0WdNy0=
13,6271,3r1d2DjU5jgZv+vvACkraGnmVyM=,jdEgcwIugqRbd3pjeu0ie0WdNy0=
13,6264,3r1d2DjU5jgZv+vvACkraGnmVyM=,jdEgcwIugqRbd3pjeu0ie0WdNy0=
14,6264,3r1d2DjU5jgZv+vvACkraGnmVyM=,jdEgcwIugqRbd3pjeu0ie0WdNy0=
15,6264,3r1d2DjU5jgZv+vvACkraGnmVyM=,jdEgcwIugqRbd3pjeu0ie0WdNy0=
13,6261,3r1d2DjU5jgZv+vvACkraGnmVyM=,y3/aSYFHBlbeJ76zPu1X1sD2d/I=
14,6261,3r1d2DjU5jgZv+vvACkraGnmVyM=,y3/aSYFHBlbeJ76zPu1X1sD2d/I=
15,6261,3r1d2DjU5jgZv+vvACkraGnmVyM=,y3/aSYFHBlbeJ76zPu1X1sD2d/I=
9,6265,3r1d2DjU5jgZv+vvACkraGnmVyM=,jdEgcwIugqRbd3pjeu0ie0WdNy0=
9,6262,3r1d2DjU5jgZv+vvACkraGnmVyM=,y3/aSYFHBlbeJ76zPu1X1sD2d/I=
10,6262,3r1d2DjU5jgZv+vvACkraGnmVyM=,y3/aSYFHBlbeJ76zPu1X1sD2d/I=
11,6262,3r1d2DjU5jgZv+vvACkraGnmVyM=,y3/aSYFHBlbeJ76zPu1X1sD2d/I=
11,6261,3r1d2DjU5jgZv+vvACkraGnmVyM=,y3/aSYFHBlbeJ76zPu1X1sD2d/I=
14,6260,3r1d2DjU5jgZv+vvACkraGnmVyM=,y3/aSYFHBlbeJ76zPu1X1sD2d/I=
9,6261,3r1d2DjU5jgZv+vvACkraGnmVyM=,y3/aSYFHBlbeJ76zPu1X1sD2d/I=
10,6261,3r1d2DjU5jgZv+vvACkraGnmVyM=,y3/aSYFHBlbeJ76zPu1X1sD2d/I=
15,6260,3r1d2DjU5jgZv+vvACkraGnmVyM=,y3/aSYFHBlbeJ76zPu1X1sD2d/I=
12,6260,3r1d2DjU5jgZv+vvACkraGnmVyM=,y3/aSYFHBlbeJ76zPu1X1sD2d/I=
10,6260,3r1d2DjU5jgZv+vvACkraGnmVyM=,y3/aSYFHBlbeJ76zPu1X1sD2d/I=
13,6260,3r1d2DjU5jgZv+vvACkraGnmVyM=,y3/aSYFHBlbeJ76zPu1X1sD2d/I=
11,6260,3r1d2DjU5jgZv+vvACkraGnmVyM=,y3/aSYFHBlbeJ76zPu1X1sD2d/I=
14,6259,3r1d2DjU5jgZv+vvACkraGnmVyM=,y3/aSYFHBlbeJ76zPu1X1sD2d/I=
15,6259,3r1d2DjU5jgZv+vvACkraGnmVyM=,y3/aSYFHBlbeJ76zPu1X1sD2d/I=
13,6259,3r1d2DjU5jgZv+vvACkraGnmVyM=,y3/aSYFHBlbeJ76zPu1X1sD2d/I=
9,6260,3r1d2DjU5jgZv+vvACkraGnmVyM=,y3/aSYFHBlbeJ76zPu1X1sD2d/I=
11,6259,3r1d2DjU5jgZv+vvACkraGnmVyM=,y3/aSYFHBlbeJ76zPu1X1sD2d/I=
10,6259,3r1d2DjU5jgZv+vvACkraGnmVyM=,y3/aSYFHBlbeJ76zPu1X1sD2d/I=
15,6258,3r1d2DjU5jgZv+vvACkraGnmVyM=,y3/aSYFHBlbeJ76zPu1X1sD2d/I=
14,6258,3r1d2DjU5jgZv+vvACkraGnmVyM=,y3/aSYFHBlbeJ76zPu1X1sD2d/I=
13,6258,3r1d2DjU5jgZv+vvACkraGnmVyM=,y3/aSYFHBlbeJ76zPu1X1sD2d/I=
12,6258,3r1d2DjU5jgZv+vvACkraGnmVyM=,y3/aSYFHBlbeJ76zPu1X1sD2d/I=
12,6259,3r1d2DjU5jgZv+vvACkraGnmVyM=,y3/aSYFHBlbeJ76zPu1X1sD2d/I=
12,6262,3r1d2DjU5jgZv+vvACkraGnmVyM=,y3/aSYFHBlbeJ76zPu1X1sD2d/I=
13,6262,3r1d2DjU5jgZv+vvACkraGnmVyM=,y3/aSYFHBlbeJ76zPu1X1sD2d/I=
9,6259,3r1d2DjU5jgZv+vvACkraGnmVyM=,y3/aSYFHBlbeJ76zPu1X1sD2d/I=
9,6256,3r1d2DjU5jgZv+vvACkraGnmVyM=,y3/aSYFHBlbeJ76zPu1X1sD2d/I=
10,6258,3r1d2DjU5jgZv+vvACkraGnmVyM=,y3/aSYFHBlbeJ76zPu1X1sD2d/I=
15,6257,3r1d2DjU5jgZv+vvACkraGnmVyM=,y3/aSYFHBlbeJ76zPu1X1sD2d/I=
9,6258,3r1d2DjU5jgZv+vvACkraGnmVyM=,y3/aSYFHBlbeJ76zPu1X1sD2d/I=
14,6262,3r1d2DjU5jgZv+vvACkraGnmVyM=,y3/aSYFHBlbeJ76zPu1X1sD2d/I=
15,6263,3r1d2DjU5jgZv+vvACkraGnmVyM=,y3/aSYFHBlbeJ76zPu1X1sD2d/I=
14,6257,3r1d2DjU5jgZv+vvACkraGnmVyM=,y3/aSYFHBlbeJ76zPu1X1sD2d/I=
13,6263,3r1d2DjU5jgZv+vvACkraGnmVyM=,y3/aSYFHBlbeJ76zPu1X1sD2d/I=
12,6263,3r1d2DjU5jgZv+vvACkraGnmVyM=,y3/aSYFHBlbeJ76zPu1X1sD2d/I=
14,6263,3r1d2DjU5jgZv+vvACkraGnmVyM=,y3/aSYFHBlbeJ76zPu1X1sD2d/I=
12,6257,3r1d2DjU5jgZv+vvACkraGnmVyM=,y3/aSYFHBlbeJ76zPu1X1sD2d/I=
11,6263,3r1d2DjU5jgZv+vvACkraGnmVyM=,y3/aSYFHBlbeJ76zPu1X1sD2d/I=
13,6257,3r1d2DjU5jgZv+vvACkraGnmVyM=,y3/aSYFHBlbeJ76zPu1X1sD2d/I=
10,6263,3r1d2DjU5jgZv+vvACkraGnmVyM=,y3/aSYFHBlbeJ76zPu1X1sD2d/I=
11,6257,3r1d2DjU5jgZv+vvACkraGnmVyM=,y3/aSYFHBlbeJ76zPu1X1sD2d/I=
10,6256,3r1d2DjU5jgZv+vvACkraGnmVyM=,y3/aSYFHBlbeJ76zPu1X1sD2d/I=
15,6262,3r1d2DjU5jgZv+vvACkraGnmVyM=,y3/aSYFHBlbeJ76zPu1X1sD2d/I=
9,6263,3r1d2DjU5jgZv+vvACkraGnmVyM=,y3/aSYFHBlbeJ76zPu1X1sD2d/I=
10,6257,3r1d2DjU5jgZv+vvACkraGnmVyM=,y3/aSYFHBlbeJ76zPu1X1sD2d/I=
14,6256,3r1d2DjU5jgZv+vvACkraGnmVyM=,y3/aSYFHBlbeJ76zPu1X1sD2d/I=
9,6257,3r1d2DjU5jgZv+vvACkraGnmVyM=,y3/aSYFHBlbeJ76zPu1X1sD2d/I=
11,6256,3r1d2DjU5jgZv+vvACkraGnmVyM=,y3/aSYFHBlbeJ76zPu1X1sD2d/I=
15,6256,3r1d2DjU5jgZv+vvACkraGnmVyM=,y3/aSYFHBlbeJ76zPu1X1sD2d/I=
13,6256,3r1d2DjU5jgZv+vvACkraGnmVyM=,y3/aSYFHBlbeJ76zPu1X1sD2d/I=
11,6258,3r1d2DjU5jgZv+vvACkraGnmVyM=,y3/aSYFHBlbeJ76zPu1X1sD2d/I=
3,6263,3r1d2DjU5jgZv+vvACkraGnmVyM=,oC7JDJX1Mssx6sTikgUvfRmN/KM=
8,6261,3r1d2DjU5jgZv+vvACkraGnmVyM=,y3/aSYFHBlbeJ76zPu1X1sD2d/I=
2,6263,3r1d2DjU5jgZv+vvACkraGnmVyM=,oC7JDJX1Mssx6sTikgUvfRmN/KM=
12,6256,3r1d2DjU5jgZv+vvACkraGnmVyM=,y3/aSYFHBlbeJ76zPu1X1sD2d/I=
1,6258,3r1d2DjU5jgZv+vvACkraGnmVyM=,oC7JDJX1Mssx6sTikgUvfRmN/KM=
6,6260,3r1d2DjU5jgZv+vvACkraGnmVyM=,oC7JDJX1Mssx6sTikgUvfRmN/KM=
5,6261,3r1d2DjU5jgZv+vvACkraGnmVyM=,oC7JDJX1Mssx6sTikgUvfRmN/KM=
4,6260,3r1d2DjU5jgZv+vvACkraGnmVyM=,oC7JDJX1Mssx6sTikgUvfRmN/KM=
8,6260,3r1d2DjU5jgZv+vvACkraGnmVyM=,y3/aSYFHBlbeJ76zPu1X1sD2d/I=
6,6262,3r1d2DjU5jgZv+vvACkraGnmVyM=,oC7JDJX1Mssx6sTikgUvfRmN/KM=
5,6260,3r1d2DjU5jgZv+vvACkraGnmVyM=,oC7JDJX1Mssx6sTikgUvfRmN/KM=
4,6263,3r1d2DjU5jgZv+vvACkraGnmVyM=,oC7JDJX1Mssx6sTikgUvfRmN/KM=
0,6258,3r1d2DjU5jgZv+vvACkraGnmVyM=,oC7JDJX1Mssx6sTikgUvfRmN/KM=
1,6263,3r1d2DjU5jgZv+vvACkraGnmVyM=,oC7JDJX1Mssx6sTikgUvfRmN/KM=
1,6259,3r1d2DjU5jgZv+vvACkraGnmVyM=,oC7JDJX1Mssx6sTikgUvfRmN/KM=
4,6261,3r1d2DjU5jgZv+vvACkraGnmVyM=,oC7JDJX1Mssx6sTikgUvfRmN/KM=
5,6263,3r1d2DjU5jgZv+vvACkraGnmVyM=,oC7JDJX1Mssx6sTikgUvfRmN/KM=
0,6257,3r1d2DjU5jgZv+vvACkraGnmVyM=,oC7JDJX1Mssx6sTikgUvfRmN/KM=
1,6257,3r1d2DjU5jgZv+vvACkraGnmVyM=,oC7JDJX1Mssx6sTikgUvfRmN/KM=
2,6258,3r1d2DjU5jgZv+vvACkraGnmVyM=,oC7JDJX1Mssx6sTikgUvfRmN/KM=
6,6263,3r1d2DjU5jgZv+vvACkraGnmVyM=,oC7JDJX1Mssx6sTikgUvfRmN/KM=
3,6260,3r1d2DjU5jgZv+vvACkraGnmVyM=,oC7JDJX1Mssx6sTikgUvfRmN/KM=
7,6262,3r1d2DjU5jgZv+vvACkraGnmVyM=,oC7JDJX1Mssx6sTikgUvfRmN/KM=
0,6263,3r1d2DjU5jgZv+vvACkraGnmVyM=,oC7JDJX1Mssx6sTikgUvfRmN/KM=
7,6263,3r1d2DjU5jgZv+vvACkraGnmVyM=,oC7JDJX1Mssx6sTikgUvfRmN/KM=
8,6259,3r1d2DjU5jgZv+vvACkraGnmVyM=,y3/aSYFHBlbeJ76zPu1X1sD2d/I=
8,6258,3r1d2DjU5jgZv+vvACkraGnmVyM=,y3/aSYFHBlbeJ76zPu1X1sD2d/I=
7,6259,3r1d2DjU5jgZv+vvACkraGnmVyM=,oC7JDJX1Mssx6sTikgUvfRmN/KM=
0,6259,3r1d2DjU5jgZv+vvACkraGnmVyM=,oC7JDJX1Mssx6sTikgUvfRmN/KM=
3,6258,3r1d2DjU5jgZv+vvACkraGnmVyM=,oC7JDJX1Mssx6sTikgUvfRmN/KM=
1,6256,3r1d2DjU5jgZv+vvACkraGnmVyM=,oC7JDJX1Mssx6sTikgUvfRmN/KM=
5,6262,3r1d2DjU5jgZv+vvACkraGnmVyM=,oC7JDJX1Mssx6sTikgUvfRmN/KM=
6,6256,3r1d2DjU5jgZv+vvACkraGnmVyM=,oC7JDJX1Mssx6sTikgUvfRmN/KM=
4,6262,3r1d2DjU5jgZv+vvACkraGnmVyM=,oC7JDJX1Mssx6sTikgUvfRmN/KM=
7,6256,3r1d2DjU5jgZv+vvACkraGnmVyM=,oC7JDJX1Mssx6sTikgUvfRmN/KM=
3,6261,3r1d2DjU5jgZv+vvACkraGnmVyM=,oC7JDJX1Mssx6sTikgUvfRmN/KM=
4,6256,3r1d2DjU5jgZv+vvACkraGnmVyM=,oC7JDJX1Mssx6sTikgUvfRmN/KM=
2,6257,3r1d2DjU5jgZv+vvACkraGnmVyM=,oC7JDJX1Mssx6sTikgUvfRmN/KM=
5,6256,3r1d2DjU5jgZv+vvACkraGnmVyM=,oC7JDJX1Mssx6sTikgUvfRmN/KM=
2,6261,3r1d2DjU5jgZv+vvACkraGnmVyM=,oC7JDJX1Mssx6sTikgUvfRmN/KM=
3,6262,3r1d2DjU5jgZv+vvACkraGnmVyM=,oC7JDJX1Mssx6sTikgUvfRmN/KM=
7,6260,3r1d2DjU5jgZv+vvACkraGnmVyM=,oC7JDJX1Mssx6sTikgUvfRmN/KM=
2,6260,3r1d2DjU5jgZv+vvACkraGnmVyM=,oC7JDJX1Mssx6sTikgUvfRmN/KM=
2,6262,3r1d2DjU5jgZv+vvACkraGnmVyM=,oC7JDJX1Mssx6sTikgUvfRmN/KM=
1,6260,3r1d2DjU5jgZv+vvACkraGnmVyM=,oC7JDJX1Mssx6sTikgUvfRmN/KM=
1,6262,3r1d2DjU5jgZv+vvACkraGnmVyM=,oC7JDJX1Mssx6sTikgUvfRmN/KM=
0,6262,3r1d2DjU5jgZv+vvACkraGnmVyM=,oC7JDJX1Mssx6sTikgUvfRmN/KM=
8,6257,3r1d2DjU5jgZv+vvACkraGnmVyM=,y3/aSYFHBlbeJ76zPu1X1sD2d/I=
8,6263,3r1d2DjU5jgZv+vvACkraGnmVyM=,y3/aSYFHBlbeJ76zPu1X1sD2d/I=
5,6259,3r1d2DjU5jgZv+vvACkraGnmVyM=,oC7JDJX1Mssx6sTikgUvfRmN/KM=
7,6261,3r1d2DjU5jgZv+vvACkraGnmVyM=,oC7JDJX1Mssx6sTikgUvfRmN/KM=
5,6257,3r1d2DjU5jgZv+vvACkraGnmVyM=,oC7JDJX1Mssx6sTikgUvfRmN/KM=
1,6261,3r1d2DjU5jgZv+vvACkraGnmVyM=,oC7JDJX1Mssx6sTikgUvfRmN/KM=
4,6259,3r1d2DjU5jgZv+vvACkraGnmVyM=,oC7JDJX1Mssx6sTikgUvfRmN/KM=
6,6261,3r1d2DjU5jgZv+vvACkraGnmVyM=,oC7JDJX1Mssx6sTikgUvfRmN/KM=
8,6264,3r1d2DjU5jgZv+vvACkraGnmVyM=,jdEgcwIugqRbd3pjeu0ie0WdNy0=
6,6259,3r1d2DjU5jgZv+vvACkraGnmVyM=,oC7JDJX1Mssx6sTikgUvfRmN/KM=
4,6258,3r1d2DjU5jgZv+vvACkraGnmVyM=,oC7JDJX1Mssx6sTikgUvfRmN/KM=
8,6262,3r1d2DjU5jgZv+vvACkraGnmVyM=,y3/aSYFHBlbeJ76zPu1X1sD2d/I=
0,6260,3r1d2DjU5jgZv+vvACkraGnmVyM=,oC7JDJX1Mssx6sTikgUvfRmN/KM=
3,6259,3r1d2DjU5jgZv+vvACkraGnmVyM=,oC7JDJX1Mssx6sTikgUvfRmN/KM=
2,6259,3r1d2DjU5jgZv+vvACkraGnmVyM=,oC7JDJX1Mssx6sTikgUvfRmN/KM=
6,6258,3r1d2DjU5jgZv+vvACkraGnmVyM=,oC7JDJX1Mssx6sTikgUvfRmN/KM=
8,6256,3r1d2DjU5jgZv+vvACkraGnmVyM=,y3/aSYFHBlbeJ76zPu1X1sD2d/I=
7,6258,3r1d2DjU5jgZv+vvACkraGnmVyM=,oC7JDJX1Mssx6sTikgUvfRmN/KM=
3,6256,3r1d2DjU5jgZv+vvACkraGnmVyM=,oC7JDJX1Mssx6sTikgUvfRmN/KM=
0,6261,3r1d2DjU5jgZv+vvACkraGnmVyM=,oC7JDJX1Mssx6sTikgUvfRmN/KM=
7,6257,3r1d2DjU5jgZv+vvACkraGnmVyM=,oC7JDJX1Mssx6sTikgUvfRmN/KM=
6,6257,3r1d2DjU5jgZv+vvACkraGnmVyM=,oC7JDJX1Mssx6sTikgUvfRmN/KM=
2,6256,3r1d2DjU5jgZv+vvACkraGnmVyM=,oC7JDJX1Mssx6sTikgUvfRmN/KM=
5,6258,3r1d2DjU5jgZv+vvACkraGnmVyM=,oC7JDJX1Mssx6sTikgUvfRmN/KM=
0,6256,3r1d2DjU5jgZv+vvACkraGnmVyM=,oC7JDJX1Mssx6sTikgUvfRmN/KM=
4,6257,3r1d2DjU5jgZv+vvACkraGnmVyM=,oC7JDJX1Mssx6sTikgUvfRmN/KM=
3,6257,3r1d2DjU5jgZv+vvACkraGnmVyM=,oC7JDJX1Mssx6sTikgUvfRmN/KM=
8,6271,3r1d2DjU5jgZv+vvACkraGnmVyM=,jdEgcwIugqRbd3pjeu0ie0WdNy0=
15,6271,3r1d2DjU5jgZv+vvACkraGnmVyM=,jdEgcwIugqRbd3pjeu0ie0WdNy0=
20,6270,ZJzdOg7rPNVYmDrFCdT5iYYIPPE=,C9GdNUSC1m0Id9TA5GNHOsAViWI=
18,6270,ZJzdOg7rPNVYmDrFCdT5iYYIPPE=,C9GdNUSC1m0Id9TA5GNHOsAViWI=
19,6270,ZJzdOg7rPNVYmDrFCdT5iYYIPPE=,C9GdNUSC1m0Id9TA5GNHOsAViWI=
17,6265,ZJzdOg7rPNVYmDrFCdT5iYYIPPE=,C9GdNUSC1m0Id9TA5GNHOsAViWI=
17,6270,ZJzdOg7rPNVYmDrFCdT5iYYIPPE=,C9GdNUSC1m0Id9TA5GNHOsAViWI=
21,6270,ZJzdOg7rPNVYmDrFCdT5iYYIPPE=,C9GdNUSC1m0Id9TA5GNHOsAViWI=
22,6269,eq8JDgIOXJGdsIH2hrPJRMH4YBI=,C9GdNUSC1m0Id9TA5GNHOsAViWI=
20,6269,hf1TlOhERodcWb7lKbUq7X8s3/o=,C9GdNUSC1m0Id9TA5GNHOsAViWI=
18,6269,hf1TlOhERodcWb7lKbUq7X8s3/o=,C9GdNUSC1m0Id9TA5GNHOsAViWI=
19,6269,hf1TlOhERodcWb7lKbUq7X8s3/o=,C9GdNUSC1m0Id9TA5GNHOsAViWI=
17,6269,hf1TlOhERodcWb7lKbUq7X8s3/o=,C9GdNUSC1m0Id9TA5GNHOsAViWI=
19,6268,hf1TlOhERodcWb7lKbUq7X8s3/o=,C9GdNUSC1m0Id9TA5GNHOsAViWI=
18,6268,hf1TlOhERodcWb7lKbUq7X8s3/o=,C9GdNUSC1m0Id9TA5GNHOsAViWI=
20,6267,hf1TlOhERodcWb7lKbUq7X8s3/o=,C9GdNUSC1m0Id9TA5GNHOsAViWI=
19,6267,hf1TlOhERodcWb7lKbUq7X8s3/o=,C9GdNUSC1m0Id9TA5GNHOsAViWI=
18,6267,hf1TlOhERodcWb7lKbUq7X8s3/o=,C9GdNUSC1m0Id9TA5GNHOsAViWI=
22,6266,hf1TlOhERodcWb7lKbUq7X8s3/o=,C9GdNUSC1m0Id9TA5GNHOsAViWI=
21,6266,hf1TlOhERodcWb7lKbUq7X8s3/o=,C9GdNUSC1m0Id9TA5GNHOsAViWI=
20,6266,hf1TlOhERodcWb7lKbUq7X8s3/o=,C9GdNUSC1m0Id9TA5GNHOsAViWI=
19,6266,hf1TlOhERodcWb7lKbUq7X8s3/o=,C9GdNUSC1m0Id9TA5GNHOsAViWI=
18,6266,hf1TlOhERodcWb7lKbUq7X8s3/o=,C9GdNUSC1m0Id9TA5GNHOsAViWI=
21,6269,hf1TlOhERodcWb7lKbUq7X8s3/o=,C9GdNUSC1m0Id9TA5GNHOsAViWI=
20,6268,hf1TlOhERodcWb7lKbUq7X8s3/o=,C9GdNUSC1m0Id9TA5GNHOsAViWI=
22,6265,hf1TlOhERodcWb7lKbUq7X8s3/o=,C9GdNUSC1m0Id9TA5GNHOsAViWI=
17,6267,hf1TlOhERodcWb7lKbUq7X8s3/o=,C9GdNUSC1m0Id9TA5GNHOsAViWI=
17,6268,hf1TlOhERodcWb7lKbUq7X8s3/o=,C9GdNUSC1m0Id9TA5GNHOsAViWI=
17,6266,hf1TlOhERodcWb7lKbUq7X8s3/o=,C9GdNUSC1m0Id9TA5GNHOsAViWI=
20,6265,hf1TlOhERodcWb7lKbUq7X8s3/o=,C9GdNUSC1m0Id9TA5GNHOsAViWI=
19,6265,hf1TlOhERodcWb7lKbUq7X8s3/o=,C9GdNUSC1m0Id9TA5GNHOsAViWI=
18,6265,hf1TlOhERodcWb7lKbUq7X8s3/o=,C9GdNUSC1m0Id9TA5GNHOsAViWI=
22,6268,hf1TlOhERodcWb7lKbUq7X8s3/o=,C9GdNUSC1m0Id9TA5GNHOsAViWI=
21,6265,hf1TlOhERodcWb7lKbUq7X8s3/o=,C9GdNUSC1m0Id9TA5GNHOsAViWI=
21,6268,hf1TlOhERodcWb7lKbUq7X8s3/o=,C9GdNUSC1m0Id9TA5GNHOsAViWI=
22,6267,hf1TlOhERodcWb7lKbUq7X8s3/o=,C9GdNUSC1m0Id9TA5GNHOsAViWI=
21,6267,hf1TlOhERodcWb7lKbUq7X8s3/o=,C9GdNUSC1m0Id9TA5GNHOsAViWI=
22,6270,hf1TlOhERodcWb7lKbUq7X8s3/o=,C9GdNUSC1m0Id9TA5GNHOsAViWI=
29,6269,hf1TlOhERodcWb7lKbUq7X8s3/o=,DJfa9djYALDi9n6jmn5LfAd8qj4=
27,6269,hf1TlOhERodcWb7lKbUq7X8s3/o=,DJfa9djYALDi9n6jmn5LfAd8qj4=
23,6270,hf1TlOhERodcWb7lKbUq7X8s3/o=,C9GdNUSC1m0Id9TA5GNHOsAViWI=
20,6263,hf1TlOhERodcWb7lKbUq7X8s3/o=,MhaMX7r08OHpIzY2JdzwO/jDxMo=
28,6269,hf1TlOhERodcWb7lKbUq7X8s3/o=,DJfa9djYALDi9n6jmn5LfAd8qj4=
26,6269,hf1TlOhERodcWb7lKbUq7X8s3/o=,DJfa9djYALDi9n6jmn5LfAd8qj4=
25,6269,hf1TlOhERodcWb7lKbUq7X8s3/o=,DJfa9djYALDi9n6jmn5LfAd8qj4=
28,6259,hf1TlOhERodcWb7lKbUq7X8s3/o=,J3AB2DSIw5r18qHg27ktXET56Ig=
21,6263,hf1TlOhERodcWb7lKbUq7X8s3/o=,MhaMX7r08OHpIzY2JdzwO/jDxMo=
27,6259,hf1TlOhERodcWb7lKbUq7X8s3/o=,J3AB2DSIw5r18qHg27ktXET56Ig=
17,6260,hf1TlOhERodcWb7lKbUq7X8s3/o=,MhaMX7r08OHpIzY2JdzwO/jDxMo=
24,6269,hf1TlOhERodcWb7lKbUq7X8s3/o=,DJfa9djYALDi9n6jmn5LfAd8qj4=
30,6268,hf1TlOhERodcWb7lKbUq7X8s3/o=,DJfa9djYALDi9n6jmn5LfAd8qj4=
18,6260,hf1TlOhERodcWb7lKbUq7X8s3/o=,MhaMX7r08OHpIzY2JdzwO/jDxMo=
29,6259,hf1TlOhERodcWb7lKbUq7X8s3/o=,J3AB2DSIw5r18qHg27ktXET56Ig=
29,6263,hf1TlOhERodcWb7lKbUq7X8s3/o=,J3AB2DSIw5r18qHg27ktXET56Ig=
22,6263,hf1TlOhERodcWb7lKbUq7X8s3/o=,MhaMX7r08OHpIzY2JdzwO/jDxMo=
30,6263,hf1TlOhERodcWb7lKbUq7X8s3/o=,J3AB2DSIw5r18qHg27ktXET56Ig=
30,6259,hf1TlOhERodcWb7lKbUq7X8s3/o=,J3AB2DSIw5r18qHg27ktXET56Ig=
29,6268,hf1TlOhERodcWb7lKbUq7X8s3/o=,DJfa9djYALDi9n6jmn5LfAd8qj4=
28,6268,hf1TlOhERodcWb7lKbUq7X8s3/o=,DJfa9djYALDi9n6jmn5LfAd8qj4=
26,6259,hf1TlOhERodcWb7lKbUq7X8s3/o=,J3AB2DSIw5r18qHg27ktXET56Ig=
25,6268,hf1TlOhERodcWb7lKbUq7X8s3/o=,DJfa9djYALDi9n6jmn5LfAd8qj4=
27,6268,hf1TlOhERodcWb7lKbUq7X8s3/o=,DJfa9djYALDi9n6jmn5LfAd8qj4=
24,6268,hf1TlOhERodcWb7lKbUq7X8s3/o=,DJfa9djYALDi9n6jmn5LfAd8qj4=
29,6258,hf1TlOhERodcWb7lKbUq7X8s3/o=,J3AB2DSIw5r18qHg27ktXET56Ig=
23,6269,hf1TlOhERodcWb7lKbUq7X8s3/o=,C9GdNUSC1m0Id9TA5GNHOsAViWI=
30,6267,hf1TlOhERodcWb7lKbUq7X8s3/o=,DJfa9djYALDi9n6jmn5LfAd8qj4=
19,6263,hf1TlOhERodcWb7lKbUq7X8s3/o=,MhaMX7r08OHpIzY2JdzwO/jDxMo=
26,6268,hf1TlOhERodcWb7lKbUq7X8s3/o=,DJfa9djYALDi9n6jmn5LfAd8qj4=
30,6258,hf1TlOhERodcWb7lKbUq7X8s3/o=,J3AB2DSIw5r18qHg27ktXET56Ig=
27,6267,hf1TlOhERodcWb7lKbUq7X8s3/o=,DJfa9djYALDi9n6jmn5LfAd8qj4=
27,6258,hf1TlOhERodcWb7lKbUq7X8s3/o=,J3AB2DSIw5r18qHg27ktXET56Ig=
26,6267,hf1TlOhERodcWb7lKbUq7X8s3/o=,DJfa9djYALDi9n6jmn5LfAd8qj4=
28,6258,hf1TlOhERodcWb7lKbUq7X8s3/o=,J3AB2DSIw5r18qHg27ktXET56Ig=
25,6267,hf1TlOhERodcWb7lKbUq7X8s3/o=,DJfa9djYALDi9n6jmn5LfAd8qj4=
26,6263,hf1TlOhERodcWb7lKbUq7X8s3/o=,J3AB2DSIw5r18qHg27ktXET56Ig=
28,6263,hf1TlOhERodcWb7lKbUq7X8s3/o=,J3AB2DSIw5r18qHg27ktXET56Ig=
29,6267,hf1TlOhERodcWb7lKbUq7X8s3/o=,DJfa9djYALDi9n6jmn5LfAd8qj4=
30,6266,hf1TlOhERodcWb7lKbUq7X8s3/o=,DJfa9djYALDi9n6jmn5LfAd8qj4=
25,6259,hf1TlOhERodcWb7lKbUq7X8s3/o=,J3AB2DSIw5r18qHg27ktXET56Ig=
28,6267,hf1TlOhERodcWb7lKbUq7X8s3/o=,DJfa9djYALDi9n6jmn5LfAd8qj4=
24,6267,hf1TlOhERodcWb7lKbUq7X8s3/o=,DJfa9djYALDi9n6jmn5LfAd8qj4=
29,6266,hf1TlOhERodcWb7lKbUq7X8s3/o=,DJfa9djYALDi9n6jmn5LfAd8qj4=
25,6263,hf1TlOhERodcWb7lKbUq7X8s3/o=,J3AB2DSIw5r18qHg27ktXET56Ig=
27,6263,hf1TlOhERodcWb7lKbUq7X8s3/o=,J3AB2DSIw5r18qHg27ktXET56Ig=
28,6266,hf1TlOhERodcWb7lKbUq7X8s3/o=,DJfa9djYALDi9n6jmn5LfAd8qj4=
21,6262,hf1TlOhERodcWb7lKbUq7X8s3/o=,MhaMX7r08OHpIzY2JdzwO/jDxMo=
25,6258,hf1TlOhERodcWb7lKbUq7X8s3/o=,J3AB2DSIw5r18qHg27ktXET56Ig=
30,6262,hf1TlOhERodcWb7lKbUq7X8s3/o=,J3AB2DSIw5r18qHg27ktXET56Ig=
24,6259,hf1TlOhERodcWb7lKbUq7X8s3/o=,J3AB2DSIw5r18qHg27ktXET56Ig=
26,6266,hf1TlOhERodcWb7lKbUq7X8s3/o=,DJfa9djYALDi9n6jmn5LfAd8qj4=
23,6259,hf1TlOhERodcWb7lKbUq7X8s3/o=,MhaMX7r08OHpIzY2JdzwO/jDxMo=
17,6259,hf1TlOhERodcWb7lKbUq7X8s3/o=,MhaMX7r08OHpIzY2JdzwO/jDxMo=
18,6258,hf1TlOhERodcWb7lKbUq7X8s3/o=,MhaMX7r08OHpIzY2JdzwO/jDxMo=
26,6258,hf1TlOhERodcWb7lKbUq7X8s3/o=,J3AB2DSIw5r18qHg27ktXET56Ig=
25,6266,hf1TlOhERodcWb7lKbUq7X8s3/o=,DJfa9djYALDi9n6jmn5LfAd8qj4=
23,6263,hf1TlOhERodcWb7lKbUq7X8s3/o=,MhaMX7r08OHpIzY2JdzwO/jDxMo=
30,6265,hf1TlOhERodcWb7lKbUq7X8s3/o=,DJfa9djYALDi9n6jmn5LfAd8qj4=
29,6257,hf1TlOhERodcWb7lKbUq7X8s3/o=,J3AB2DSIw5r18qHg27ktXET56Ig=
18,6259,hf1TlOhERodcWb7lKbUq7X8s3/o=,MhaMX7r08OHpIzY2JdzwO/jDxMo=
25,6260,hf1TlOhERodcWb7lKbUq7X8s3/o=,J3AB2DSIw5r18qHg27ktXET56Ig=
23,6260,hf1TlOhERodcWb7lKbUq7X8s3/o=,MhaMX7r08OHpIzY2JdzwO/jDxMo=
28,6265,hf1TlOhERodcWb7lKbUq7X8s3/o=,DJfa9djYALDi9n6jmn5LfAd8qj4=
17,6264,hf1TlOhERodcWb7lKbUq7X8s3/o=,C9GdNUSC1m0Id9TA5GNHOsAViWI=
30,6257,hf1TlOhERodcWb7lKbUq7X8s3/o=,J3AB2DSIw5r18qHg27ktXET56Ig=
29,6265,hf1TlOhERodcWb7lKbUq7X8s3/o=,DJfa9djYALDi9n6jmn5LfAd8qj4=
26,6265,hf1TlOhERodcWb7lKbUq7X8s3/o=,DJfa9djYALDi9n6jmn5LfAd8qj4=
18,6264,hf1TlOhERodcWb7lKbUq7X8s3/o=,C9GdNUSC1m0Id9TA5GNHOsAViWI=
27,6265,hf1TlOhERodcWb7lKbUq7X8s3/o=,DJfa9djYALDi9n6jmn5LfAd8qj4=
19,6264,hf1TlOhERodcWb7lKbUq7X8s3/o=,C9GdNUSC1m0Id9TA5GNHOsAViWI=
29,6262,hf1TlOhERodcWb7lKbUq7X8s3/o=,J3AB2DSIw5r18qHg27ktXET56Ig=
20,6264,hf1TlOhERodcWb7lKbUq7X8s3/o=,C9GdNUSC1m0Id9TA5GNHOsAViWI=
28,6257,hf1TlOhERodcWb7lKbUq7X8s3/o=,J3AB2DSIw5r18qHg27ktXET56Ig=
27,6257,hf1TlOhERodcWb7lKbUq7X8s3/o=,J3AB2DSIw5r18qHg27ktXET56Ig=
21,6264,hf1TlOhERodcWb7lKbUq7X8s3/o=,C9GdNUSC1m0Id9TA5GNHOsAViWI=
25,6265,hf1TlOhERodcWb7lKbUq7X8s3/o=,DJfa9djYALDi9n6jmn5LfAd8qj4=
24,6265,hf1TlOhERodcWb7lKbUq7X8s3/o=,DJfa9djYALDi9n6jmn5LfAd8qj4=
23,6266,hf1TlOhERodcWb7lKbUq7X8s3/o=,C9GdNUSC1m0Id9TA5GNHOsAViWI=
22,6259,hf1TlOhERodcWb7lKbUq7X8s3/o=,MhaMX7r08OHpIzY2JdzwO/jDxMo=
22,6264,hf1TlOhERodcWb7lKbUq7X8s3/o=,C9GdNUSC1m0Id9TA5GNHOsAViWI=
26,6260,hf1TlOhERodcWb7lKbUq7X8s3/o=,J3AB2DSIw5r18qHg27ktXET56Ig=
29,6270,hf1TlOhERodcWb7lKbUq7X8s3/o=,DJfa9djYALDi9n6jmn5LfAd8qj4=
23,6267,hf1TlOhERodcWb7lKbUq7X8s3/o=,C9GdNUSC1m0Id9TA5GNHOsAViWI=
27,6270,hf1TlOhERodcWb7lKbUq7X8s3/o=,DJfa9djYALDi9n6jmn5LfAd8qj4=
23,6264,hf1TlOhERodcWb7lKbUq7X8s3/o=,C9GdNUSC1m0Id9TA5GNHOsAViWI=
23,6265,hf1TlOhERodcWb7lKbUq7X8s3/o=,C9GdNUSC1m0Id9TA5GNHOsAViWI=
28,6262,hf1TlOhERodcWb7lKbUq7X8s3/o=,J3AB2DSIw5r18qHg27ktXET56Ig=
20,6257,hf1TlOhERodcWb7lKbUq7X8s3/o=,MhaMX7r08OHpIzY2JdzwO/jDxMo=
28,6270,hf1TlOhERodcWb7lKbUq7X8s3/o=,DJfa9djYALDi9n6jmn5LfAd8qj4=
30,6270,hf1TlOhERodcWb7lKbUq7X8s3/o=,DJfa9djYALDi9n6jmn5LfAd8qj4=
24,6260,hf1TlOhERodcWb7lKbUq7X8s3/o=,J3AB2DSIw5r18qHg27ktXET56Ig=
27,6262,hf1TlOhERodcWb7lKbUq7X8s3/o=,J3AB2DSIw5r18qHg27ktXET56Ig=
26,6270,hf1TlOhERodcWb7lKbUq7X8s3/o=,DJfa9djYALDi9n6jmn5LfAd8qj4=
26,6262,hf1TlOhERodcWb7lKbUq7X8s3/o=,J3AB2DSIw5r18qHg27ktXET56Ig=
25,6270,hf1TlOhERodcWb7lKbUq7X8s3/o=,DJfa9djYALDi9n6jmn5LfAd8qj4=
25,6262,hf1TlOhERodcWb7lKbUq7X8s3/o=,J3AB2DSIw5r18qHg27ktXET56Ig=
27,6260,hf1TlOhERodcWb7lKbUq7X8s3/o=,J3AB2DSIw5r18qHg27ktXET56Ig=
27,6266,hf1TlOhERodcWb7lKbUq7X8s3/o=,DJfa9djYALDi9n6jmn5LfAd8qj4=
24,6270,hf1TlOhERodcWb7lKbUq7X8s3/o=,DJfa9djYALDi9n6jmn5LfAd8qj4=
25,6257,hf1TlOhERodcWb7lKbUq7X8s3/o=,J3AB2DSIw5r18qHg27ktXET56Ig=
30,6261,hf1TlOhERodcWb7lKbUq7X8s3/o=,J3AB2DSIw5r18qHg27ktXET56Ig=
26,6264,hf1TlOhERodcWb7lKbUq7X8s3/o=,DJfa9djYALDi9n6jmn5LfAd8qj4=
28,6261,hf1TlOhERodcWb7lKbUq7X8s3/o=,J3AB2DSIw5r18qHg27ktXET56Ig=
29,6261,hf1TlOhERodcWb7lKbUq7X8s3/o=,J3AB2DSIw5r18qHg27ktXET56Ig=
30,6269,hf1TlOhERodcWb7lKbUq7X8s3/o=,DJfa9djYALDi9n6jmn5LfAd8qj4=
25,6264,hf1TlOhERodcWb7lKbUq7X8s3/o=,DJfa9djYALDi9n6jmn5LfAd8qj4=
23,6268,hf1TlOhERodcWb7lKbUq7X8s3/o=,C9GdNUSC1m0Id9TA5GNHOsAViWI=
27,6261,hf1TlOhERodcWb7lKbUq7X8s3/o=,J3AB2DSIw5r18qHg27ktXET56Ig=
26,6261,hf1TlOhERodcWb7lKbUq7X8s3/o=,J3AB2DSIw5r18qHg27ktXET56Ig=
22,6260,hf1TlOhERodcWb7lKbUq7X8s3/o=,MhaMX7r08OHpIzY2JdzwO/jDxMo=
18,6263,hf1TlOhERodcWb7lKbUq7X8s3/o=,MhaMX7r08OHpIzY2JdzwO/jDxMo=
29,6260,hf1TlOhERodcWb7lKbUq7X8s3/o=,J3AB2DSIw5r18qHg27ktXET56Ig=
30,6260,hf1TlOhERodcWb7lKbUq7X8s3/o=,J3AB2DSIw5r18qHg27ktXET56Ig=
28,6260,hf1TlOhERodcWb7lKbUq7X8s3/o=,J3AB2DSIw5r18qHg27ktXET56Ig=
28,6264,hf1TlOhERodcWb7lKbUq7X8s3/o=,DJfa9djYALDi9n6jmn5LfAd8qj4=
27,6264,hf1TlOhERodcWb7lKbUq7X8s3/o=,DJfa9djYALDi9n6jmn5LfAd8qj4=
24,6266,hf1TlOhERodcWb7lKbUq7X8s3/o=,DJfa9djYALDi9n6jmn5LfAd8qj4=
24,6258,hf1TlOhERodcWb7lKbUq7X8s3/o=,J3AB2DSIw5r18qHg27ktXET56Ig=
24,6263,hf1TlOhERodcWb7lKbUq7X8s3/o=,J3AB2DSIw5r18qHg27ktXET56Ig=
20,6261,hf1TlOhERodcWb7lKbUq7X8s3/o=,MhaMX7r08OHpIzY2JdzwO/jDxMo=
30,6264,hf1TlOhERodcWb7lKbUq7X8s3/o=,DJfa9djYALDi9n6jmn5LfAd8qj4=
19,6261,hf1TlOhERodcWb7lKbUq7X8s3/o=,MhaMX7r08OHpIzY2JdzwO/jDxMo=
18,6261,hf1TlOhERodcWb7lKbUq7X8s3/o=,MhaMX7r08OHpIzY2JdzwO/jDxMo=
29,6264,hf1TlOhERodcWb7lKbUq7X8s3/o=,DJfa9djYALDi9n6jmn5LfAd8qj4=
20,6262,hf1TlOhERodcWb7lKbUq7X8s3/o=,MhaMX7r08OHpIzY2JdzwO/jDxMo=
20,6260,hf1TlOhERodcWb7lKbUq7X8s3/o=,MhaMX7r08OHpIzY2JdzwO/jDxMo=
21,6261,hf1TlOhERodcWb7lKbUq7X8s3/o=,MhaMX7r08OHpIzY2JdzwO/jDxMo=
17,6261,hf1TlOhERodcWb7lKbUq7X8s3/o=,MhaMX7r08OHpIzY2JdzwO/jDxMo=
24,6257,hf1TlOhERodcWb7lKbUq7X8s3/o=,J3AB2DSIw5r18qHg27ktXET56Ig=
21,6260,hf1TlOhERodcWb7lKbUq7X8s3/o=,MhaMX7r08OHpIzY2JdzwO/jDxMo=
19,6260,hf1TlOhERodcWb7lKbUq7X8s3/o=,MhaMX7r08OHpIzY2JdzwO/jDxMo=
18,6262,hf1TlOhERodcWb7lKbUq7X8s3/o=,MhaMX7r08OHpIzY2JdzwO/jDxMo=
21,6259,hf1TlOhERodcWb7lKbUq7X8s3/o=,MhaMX7r08OHpIzY2JdzwO/jDxMo=
19,6262,hf1TlOhERodcWb7lKbUq7X8s3/o=,MhaMX7r08OHpIzY2JdzwO/jDxMo=
17,6263,hf1TlOhERodcWb7lKbUq7X8s3/o=,MhaMX7r08OHpIzY2JdzwO/jDxMo=
19,6257,hf1TlOhERodcWb7lKbUq7X8s3/o=,MhaMX7r08OHpIzY2JdzwO/jDxMo=
24,6262,hf1TlOhERodcWb7lKbUq7X8s3/o=,J3AB2DSIw5r18qHg27ktXET56Ig=
20,6259,hf1TlOhERodcWb7lKbUq7X8s3/o=,MhaMX7r08OHpIzY2JdzwO/jDxMo=
22,6258,hf1TlOhERodcWb7lKbUq7X8s3/o=,MhaMX7r08OHpIzY2JdzwO/jDxMo=
23,6258,hf1TlOhERodcWb7lKbUq7X8s3/o=,MhaMX7r08OHpIzY2JdzwO/jDxMo=
17,6262,hf1TlOhERodcWb7lKbUq7X8s3/o=,MhaMX7r08OHpIzY2JdzwO/jDxMo=
23,6261,hf1TlOhERodcWb7lKbUq7X8s3/o=,MhaMX7r08OHpIzY2JdzwO/jDxMo=
20,6258,hf1TlOhERodcWb7lKbUq7X8s3/o=,MhaMX7r08OHpIzY2JdzwO/jDxMo=
24,6261,hf1TlOhERodcWb7lKbUq7X8s3/o=,J3AB2DSIw5r18qHg27ktXET56Ig=
18,6257,hf1TlOhERodcWb7lKbUq7X8s3/o=,MhaMX7r08OHpIzY2JdzwO/jDxMo=
17,6257,hf1TlOhERodcWb7lKbUq7X8s3/o=,MhaMX7r08OHpIzY2JdzwO/jDxMo=
19,6259,hf1TlOhERodcWb7lKbUq7X8s3/o=,MhaMX7r08OHpIzY2JdzwO/jDxMo=
17,6258,hf1TlOhERodcWb7lKbUq7X8s3/o=,MhaMX7r08OHpIzY2JdzwO/jDxMo=
22,6261,hf1TlOhERodcWb7lKbUq7X8s3/o=,MhaMX7r08OHpIzY2JdzwO/jDxMo=
23,6257,hf1TlOhERodcWb7lKbUq7X8s3/o=,MhaMX7r08OHpIzY2JdzwO/jDxMo=
23,6262,hf1TlOhERodcWb7lKbUq7X8s3/o=,MhaMX7r08OHpIzY2JdzwO/jDxMo=
22,6262,hf1TlOhERodcWb7lKbUq7X8s3/o=,MhaMX7r08OHpIzY2JdzwO/jDxMo=
22,6257,hf1TlOhERodcWb7lKbUq7X8s3/o=,MhaMX7r08OHpIzY2JdzwO/jDxMo=
21,6258,hf1TlOhERodcWb7lKbUq7X8s3/o=,MhaMX7r08OHpIzY2JdzwO/jDxMo=
21,6257,hf1TlOhERodcWb7lKbUq7X8s3/o=,MhaMX7r08OHpIzY2JdzwO/jDxMo=
26,6257,hf1TlOhERodcWb7lKbUq7X8s3/o=,J3AB2DSIw5r18qHg27ktXET56Ig=
24,6264,hf1TlOhERodcWb7lKbUq7X8s3/o=,DJfa9djYALDi9n6jmn5LfAd8qj4=
25,6261,hf1TlOhERodcWb7lKbUq7X8s3/o=,J3AB2DSIw5r18qHg27ktXET56Ig=
19,6258,hf1TlOhERodcWb7lKbUq7X8s3/o=,MhaMX7r08OHpIzY2JdzwO/jDxMo=
31,6259,3S406pNotuJMvhiV1qWWKr0hEu8=,J3AB2DSIw5r18qHg27ktXET56Ig=
31,6261,3S406pNotuJMvhiV1qWWKr0hEu8=,J3AB2DSIw5r18qHg27ktXET56Ig=
31,6262,3S406pNotuJMvhiV1qWWKr0hEu8=,J3AB2DSIw5r18qHg27ktXET56Ig=
20,6256,3S406pNotuJMvhiV1qWWKr0hEu8=,MhaMX7r08OHpIzY2JdzwO/jDxMo=
18,6256,3S406pNotuJMvhiV1qWWKr0hEu8=,MhaMX7r08OHpIzY2JdzwO/jDxMo=
21,6256,3S406pNotuJMvhiV1qWWKr0hEu8=,MhaMX7r08OHpIzY2JdzwO/jDxMo=
19,6256,3S406pNotuJMvhiV1qWWKr0hEu8=,MhaMX7r08OHpIzY2JdzwO/jDxMo=
30,6256,3S406pNotuJMvhiV1qWWKr0hEu8=,J3AB2DSIw5r18qHg27ktXET56Ig=
17,6256,3S406pNotuJMvhiV1qWWKr0hEu8=,MhaMX7r08OHpIzY2JdzwO/jDxMo=
24,6256,3S406pNotuJMvhiV1qWWKr0hEu8=,J3AB2DSIw5r18qHg27ktXET56Ig=
31,6258,3S406pNotuJMvhiV1qWWKr0hEu8=,J3AB2DSIw5r18qHg27ktXET56Ig=
29,6256,3S406pNotuJMvhiV1qWWKr0hEu8=,J3AB2DSIw5r18qHg27ktXET56Ig=
28,6256,3S406pNotuJMvhiV1qWWKr0hEu8=,J3AB2DSIw5r18qHg27ktXET56Ig=
31,6269,3S406pNotuJMvhiV1qWWKr0hEu8=,DJfa9djYALDi9n6jmn5LfAd8qj4=
31,6268,3S406pNotuJMvhiV1qWWKr0hEu8=,DJfa9djYALDi9n6jmn5LfAd8qj4=
26,6256,3S406pNotuJMvhiV1qWWKr0hEu8=,J3AB2DSIw5r18qHg27ktXET56Ig=
22,6256,3S406pNotuJMvhiV1qWWKr0hEu8=,MhaMX7r08OHpIzY2JdzwO/jDxMo=
31,6270,3S406pNotuJMvhiV1qWWKr0hEu8=,DJfa9djYALDi9n6jmn5LfAd8qj4=
31,6266,3S406pNotuJMvhiV1qWWKr0hEu8=,DJfa9djYALDi9n6jmn5LfAd8qj4=
31,6264,3S406pNotuJMvhiV1qWWKr0hEu8=,DJfa9djYALDi9n6jmn5LfAd8qj4=
31,6260,3S406pNotuJMvhiV1qWWKr0hEu8=,J3AB2DSIw5r18qHg27ktXET56Ig=
31,6257,3S406pNotuJMvhiV1qWWKr0hEu8=,J3AB2DSIw5r18qHg27ktXET56Ig=
31,6267,3S406pNotuJMvhiV1qWWKr0hEu8=,DJfa9djYALDi9n6jmn5LfAd8qj4=
23,6256,3S406pNotuJMvhiV1qWWKr0hEu8=,MhaMX7r08OHpIzY2JdzwO/jDxMo=
25,6256,3S406pNotuJMvhiV1qWWKr0hEu8=,J3AB2DSIw5r18qHg27ktXET56Ig=
31,6263,3S406pNotuJMvhiV1qWWKr0hEu8=,J3AB2DSIw5r18qHg27ktXET56Ig=
31,6265,3S406pNotuJMvhiV1qWWKr0hEu8=,DJfa9djYALDi9n6jmn5LfAd8qj4=
27,6256,3S406pNotuJMvhiV1qWWKr0hEu8=,J3AB2DSIw5r18qHg27ktXET56Ig=
16,6265,3S406pNotuJMvhiV1qWWKr0hEu8=,C9GdNUSC1m0Id9TA5GNHOsAViWI=
16,6270,3S406pNotuJMvhiV1qWWKr0hEu8=,C9GdNUSC1m0Id9TA5GNHOsAViWI=
16,6269,3S406pNotuJMvhiV1qWWKr0hEu8=,C9GdNUSC1m0Id9TA5GNHOsAViWI=
16,6267,3S406pNotuJMvhiV1qWWKr0hEu8=,C9GdNUSC1m0Id9TA5GNHOsAViWI=
16,6266,3S406pNotuJMvhiV1qWWKr0hEu8=,C9GdNUSC1m0Id9TA5GNHOsAViWI=
16,6268,3S406pNotuJMvhiV1qWWKr0hEu8=,C9GdNUSC1m0Id9TA5GNHOsAViWI=
20,6271,3S406pNotuJMvhiV1qWWKr0hEu8=,C9GdNUSC1m0Id9TA5GNHOsAViWI=
19,6271,3S406pNotuJMvhiV1qWWKr0hEu8=,C9GdNUSC1m0Id9TA5GNHOsAViWI=
18,6271,3S406pNotuJMvhiV1qWWKr0hEu8=,C9GdNUSC1m0Id9TA5GNHOsAViWI=
17,6271,3S406pNotuJMvhiV1qWWKr0hEu8=,C9GdNUSC1m0Id9TA5GNHOsAViWI=
16,6259,3S406pNotuJMvhiV1qWWKr0hEu8=,MhaMX7r08OHpIzY2JdzwO/jDxMo=
16,6260,3S406pNotuJMvhiV1qWWKr0hEu8=,MhaMX7r08OHpIzY2JdzwO/jDxMo=
16,6263,3S406pNotuJMvhiV1qWWKr0hEu8=,MhaMX7r08OHpIzY2JdzwO/jDxMo=
16,6261,3S406pNotuJMvhiV1qWWKr0hEu8=,MhaMX7r08OHpIzY2JdzwO/jDxMo=
16,6257,3S406pNotuJMvhiV1qWWKr0hEu8=,MhaMX7r08OHpIzY2JdzwO/jDxMo=
21,6271,3S406pNotuJMvhiV1qWWKr0hEu8=,C9GdNUSC1m0Id9TA5GNHOsAViWI=
22,6271,3S406pNotuJMvhiV1qWWKr0hEu8=,C9GdNUSC1m0Id9TA5GNHOsAViWI=
23,6271,3S406pNotuJMvhiV1qWWKr0hEu8=,C9GdNUSC1m0Id9TA5GNHOsAViWI=
29,6271,3S406pNotuJMvhiV1qWWKr0hEu8=,DJfa9djYALDi9n6jmn5LfAd8qj4=
28,6271,3S406pNotuJMvhiV1qWWKr0hEu8=,DJfa9djYALDi9n6jmn5LfAd8qj4=
24,6271,3S406pNotuJMvhiV1qWWKr0hEu8=,DJfa9djYALDi9n6jmn5LfAd8qj4=
26,6271,3S406pNotuJMvhiV1qWWKr0hEu8=,DJfa9djYALDi9n6jmn5LfAd8qj4=
16,6262,3S406pNotuJMvhiV1qWWKr0hEu8=,MhaMX7r08OHpIzY2JdzwO/jDxMo=
25,6271,3S406pNotuJMvhiV1qWWKr0hEu8=,DJfa9djYALDi9n6jmn5LfAd8qj4=
16,6264,3S406pNotuJMvhiV1qWWKr0hEu8=,C9GdNUSC1m0Id9TA5GNHOsAViWI=
27,6271,3S406pNotuJMvhiV1qWWKr0hEu8=,DJfa9djYALDi9n6jmn5LfAd8qj4=
16,6258,3S406pNotuJMvhiV1qWWKr0hEu8=,MhaMX7r08OHpIzY2JdzwO/jDxMo=
30,6271,3S406pNotuJMvhiV1qWWKr0hEu8=,DJfa9djYALDi9n6jmn5LfAd8qj4=
16,6271,xJX/NlwmNVEoctsh2P++bA081jo=,C9GdNUSC1m0Id9TA5GNHOsAViWI=
31,6271,xJX/NlwmNVEoctsh2P++bA081jo=,DJfa9djYALDi9n6jmn5LfAd8qj4=
31,6256,xJX/NlwmNVEoctsh2P++bA081jo=,J3AB2DSIw5r18qHg27ktXET56Ig=
16,6256,xJX/NlwmNVEoctsh2P++bA081jo=,MhaMX7r08OHpIzY2JdzwO/jDxMo=
27,6243,8d1+BQG93DIfxm/VzpyZ9DsAJh0=,LtIe0kuU/uSUjvC0JPIjn5K0Uy8=
26,6243,8d1+BQG93DIfxm/VzpyZ9DsAJh0=,LtIe0kuU/uSUjvC0JPIjn5K0Uy8=
25,6243,8d1+BQG93DIfxm/VzpyZ9DsAJh0=,LtIe0kuU/uSUjvC0JPIjn5K0Uy8=
30,6242,p93ToVrZCGpEvG8XQHw3VPs8/FQ=,LtIe0kuU/uSUjvC0JPIjn5K0Uy8=
29,6242,p93ToVrZCGpEvG8XQHw3VPs8/FQ=,LtIe0kuU/uSUjvC0JPIjn5K0Uy8=
28,6243,p93ToVrZCGpEvG8XQHw3VPs8/FQ=,LtIe0kuU/uSUjvC0JPIjn5K0Uy8=
29,6243,p93ToVrZCGpEvG8XQHw3VPs8/FQ=,LtIe0kuU/uSUjvC0JPIjn5K0Uy8=
30,6243,uY4+wkCyQbliZdUmiOV+hZqjYGc=,LtIe0kuU/uSUjvC0JPIjn5K0Uy8=
28,6242,uY4+wkCyQbliZdUmiOV+hZqjYGc=,LtIe0kuU/uSUjvC0JPIjn5K0Uy8=
27,6242,uY4+wkCyQbliZdUmiOV+hZqjYGc=,LtIe0kuU/uSUjvC0JPIjn5K0Uy8=
25,6242,uY4+wkCyQbliZdUmiOV+hZqjYGc=,LtIe0kuU/uSUjvC0JPIjn5K0Uy8=
26,6242,uY4+wkCyQbliZdUmiOV+hZqjYGc=,LtIe0kuU/uSUjvC0JPIjn5K0Uy8=
30,6241,uY4+wkCyQbliZdUmiOV+hZqjYGc=,LtIe0kuU/uSUjvC0JPIjn5K0Uy8=
29,6241,uY4+wkCyQbliZdUmiOV+hZqjYGc=,LtIe0kuU/uSUjvC0JPIjn5K0Uy8=
28,6241,uY4+wkCyQbliZdUmiOV+hZqjYGc=,LtIe0kuU/uSUjvC0JPIjn5K0Uy8=
27,6241,uY4+wkCyQbliZdUmiOV+hZqjYGc=,LtIe0kuU/uSUjvC0JPIjn5K0Uy8=
25,6241,uY4+wkCyQbliZdUmiOV+hZqjYGc=,LtIe0kuU/uSUjvC0JPIjn5K0Uy8=
30,6246,uY4+wkCyQbliZdUmiOV+hZqjYGc=,LtIe0kuU/uSUjvC0JPIjn5K0Uy8=
26,6241,uY4+wkCyQbliZdUmiOV+hZqjYGc=,LtIe0kuU/uSUjvC0JPIjn5K0Uy8=
29,6246,uY4+wkCyQbliZdUmiOV+hZqjYGc=,LtIe0kuU/uSUjvC0JPIjn5K0Uy8=
28,6246,uY4+wkCyQbliZdUmiOV+hZqjYGc=,LtIe0kuU/uSUjvC0JPIjn5K0Uy8=
27,6246,uY4+wkCyQbliZdUmiOV+hZqjYGc=,LtIe0kuU/uSUjvC0JPIjn5K0Uy8=
30,6245,uY4+wkCyQbliZdUmiOV+hZqjYGc=,LtIe0kuU/uSUjvC0JPIjn5K0Uy8=
29,6245,uY4+wkCyQbliZdUmiOV+hZqjYGc=,LtIe0kuU/uSUjvC0JPIjn5K0Uy8=
30,6244,uY4+wkCyQbliZdUmiOV+hZqjYGc=,LtIe0kuU/uSUjvC0JPIjn5K0Uy8=
28,6245,uY4+wkCyQbliZdUmiOV+hZqjYGc=,LtIe0kuU/uSUjvC0JPIjn5K0Uy8=
25,6245,uY4+wkCyQbliZdUmiOV+hZqjYGc=,LtIe0kuU/uSUjvC0JPIjn5K0Uy8=
27,6245,uY4+wkCyQbliZdUmiOV+hZqjYGc=,LtIe0kuU/uSUjvC0JPIjn5K0Uy8=
29,6244,uY4+wkCyQbliZdUmiOV+hZqjYGc=,LtIe0kuU/uSUjvC0JPIjn5K0Uy8=
28,6244,uY4+wkCyQbliZdUmiOV+hZqjYGc=,LtIe0kuU/uSUjvC0JPIjn5K0Uy8=
25,6244,uY4+wkCyQbliZdUmiOV+hZqjYGc=,LtIe0kuU/uSUjvC0JPIjn5K0Uy8=
25,6246,uY4+wkCyQbliZdUmiOV+hZqjYGc=,LtIe0kuU/uSUjvC0JPIjn5K0Uy8=
26,6244,uY4+wkCyQbliZdUmiOV+hZqjYGc=,LtIe0kuU/uSUjvC0JPIjn5K0Uy8=
26,6245,uY4+wkCyQbliZdUmiOV+hZqjYGc=,LtIe0kuU/uSUjvC0JPIjn5K0Uy8=
20,6241,uY4+wkCyQbliZdUmiOV+hZqjYGc=,1pzavrWrH/owvD+MV58qkSMQJV0=
21,6241,uY4+wkCyQbliZdUmiOV+hZqjYGc=,1pzavrWrH/owvD+MV58qkSMQJV0=
18,6243,uY4+wkCyQbliZdUmiOV+hZqjYGc=,1pzavrWrH/owvD+MV58qkSMQJV0=
22,6241,uY4+wkCyQbliZdUmiOV+hZqjYGc=,1pzavrWrH/owvD+MV58qkSMQJV0=
17,6242,uY4+wkCyQbliZdUmiOV+hZqjYGc=,1pzavrWrH/owvD+MV58qkSMQJV0=
24,6243,uY4+wkCyQbliZdUmiOV+hZqjYGc=,LtIe0kuU/uSUjvC0JPIjn5K0Uy8=
23,6241,uY4+wkCyQbliZdUmiOV+hZqjYGc=,1pzavrWrH/owvD+MV58qkSMQJV0=
21,6246,uY4+wkCyQbliZdUmiOV+hZqjYGc=,1pzavrWrH/owvD+MV58qkSMQJV0=
20,6246,uY4+wkCyQbliZdUmiOV+hZqjYGc=,1pzavrWrH/owvD+MV58qkSMQJV0=
17,6243,uY4+wkCyQbliZdUmiOV+hZqjYGc=,1pzavrWrH/owvD+MV58qkSMQJV0=
27,6244,uY4+wkCyQbliZdUmiOV+hZqjYGc=,LtIe0kuU/uSUjvC0JPIjn5K0Uy8=
26,6246,uY4+wkCyQbliZdUmiOV+hZqjYGc=,LtIe0kuU/uSUjvC0JPIjn5K0Uy8=
24,6242,uY4+wkCyQbliZdUmiOV+hZqjYGc=,LtIe0kuU/uSUjvC0JPIjn5K0Uy8=
18,6242,uY4+wkCyQbliZdUmiOV+hZqjYGc=,1pzavrWrH/owvD+MV58qkSMQJV0=
22,6246,uY4+wkCyQbliZdUmiOV+hZqjYGc=,1pzavrWrH/owvD+MV58qkSMQJV0=
24,6241,uY4+wkCyQbliZdUmiOV+hZqjYGc=,LtIe0kuU/uSUjvC0JPIjn5K0Uy8=
24,6244,uY4+wkCyQbliZdUmiOV+hZqjYGc=,LtIe0kuU/uSUjvC0JPIjn5K0Uy8=
24,6246,uY4+wkCyQbliZdUmiOV+hZqjYGc=,LtIe0kuU/uSUjvC0JPIjn5K0Uy8=
19,6242,uY4+wkCyQbliZdUmiOV+hZqjYGc=,1pzavrWrH/owvD+MV58qkSMQJV0=
19,6243,uY4+wkCyQbliZdUmiOV+hZqjYGc=,1pzavrWrH/owvD+MV58qkSMQJV0=
17,6244,uY4+wkCyQbliZdUmiOV+hZqjYGc=,1pzavrWrH/owvD+MV58qkSMQJV0=
22,6245,uY4+wkCyQbliZdUmiOV+hZqjYGc=,1pzavrWrH/owvD+MV58qkSMQJV0=
23,6243,uY4+wkCyQbliZdUmiOV+hZqjYGc=,1pzavrWrH/owvD+MV58qkSMQJV0=
20,6242,uY4+wkCyQbliZdUmiOV+hZqjYGc=,1pzavrWrH/owvD+MV58qkSMQJV0=
23,6245,uY4+wkCyQbliZdUmiOV+hZqjYGc=,1pzavrWrH/owvD+MV58qkSMQJV0=
18,6241,uY4+wkCyQbliZdUmiOV+hZqjYGc=,1pzavrWrH/owvD+MV58qkSMQJV0=
21,6242,uY4+wkCyQbliZdUmiOV+hZqjYGc=,1pzavrWrH/owvD+MV58qkSMQJV0=
19,6241,uY4+wkCyQbliZdUmiOV+hZqjYGc=,1pzavrWrH/owvD+MV58qkSMQJV0=
17,6241,uY4+wkCyQbliZdUmiOV+hZqjYGc=,1pzavrWrH/owvD+MV58qkSMQJV0=
18,6244,uY4+wkCyQbliZdUmiOV+hZqjYGc=,1pzavrWrH/owvD+MV58qkSMQJV0=
19,6246,uY4+wkCyQbliZdUmiOV+hZqjYGc=,1pzavrWrH/owvD+MV58qkSMQJV0=
20,6243,uY4+wkCyQbliZdUmiOV+hZqjYGc=,1pzavrWrH/owvD+MV58qkSMQJV0=
23,6244,uY4+wkCyQbliZdUmiOV+hZqjYGc=,1pzavrWrH/owvD+MV58qkSMQJV0=
18,6246,uY4+wkCyQbliZdUmiOV+hZqjYGc=,1pzavrWrH/owvD+MV58qkSMQJV0=
22,6243,uY4+wkCyQbliZdUmiOV+hZqjYGc=,1pzavrWrH/owvD+MV58qkSMQJV0=
23,6246,uY4+wkCyQbliZdUmiOV+hZqjYGc=,1pzavrWrH/owvD+MV58qkSMQJV0=
24,6245,uY4+wkCyQbliZdUmiOV+hZqjYGc=,LtIe0kuU/uSUjvC0JPIjn5K0Uy8=
19,6244,uY4+wkCyQbliZdUmiOV+hZqjYGc=,1pzavrWrH/owvD+MV58qkSMQJV0=
19,6245,uY4+wkCyQbliZdUmiOV+hZqjYGc=,1pzavrWrH/owvD+MV58qkSMQJV0=
20,6244,uY4+wkCyQbliZdUmiOV+hZqjYGc=,1pzavrWrH/owvD+MV58qkSMQJV0=
22,6242,uY4+wkCyQbliZdUmiOV+hZqjYGc=,1pzavrWrH/owvD+MV58qkSMQJV0=
21,6245,uY4+wkCyQbliZdUmiOV+hZqjYGc=,1pzavrWrH/owvD+MV58qkSMQJV0=
17,6246,uY4+wkCyQbliZdUmiOV+hZqjYGc=,1pzavrWrH/owvD+MV58qkSMQJV0=
17,6245,uY4+wkCyQbliZdUmiOV+hZqjYGc=,1pzavrWrH/owvD+MV58qkSMQJV0=
23,6242,uY4+wkCyQbliZdUmiOV+hZqjYGc=,1pzavrWrH/owvD+MV58qkSMQJV0=
21,6243,uY4+wkCyQbliZdUmiOV+hZqjYGc=,1pzavrWrH/owvD+MV58qkSMQJV0=
22,6244,uY4+wkCyQbliZdUmiOV+hZqjYGc=,1pzavrWrH/owvD+MV58qkSMQJV0=
21,6244,uY4+wkCyQbliZdUmiOV+hZqjYGc=,1pzavrWrH/owvD+MV58qkSMQJV0=
18,6245,uY4+wkCyQbliZdUmiOV+hZqjYGc=,1pzavrWrH/owvD+MV58qkSMQJV0=
21,6254,uY4+wkCyQbliZdUmiOV+hZqjYGc=,/AnAXBwt1EDTBiEUsOyiJV3n86M=
20,6245,uY4+wkCyQbliZdUmiOV+hZqjYGc=,1pzavrWrH/owvD+MV58qkSMQJV0=
22,6254,uY4+wkCyQbliZdUmiOV+hZqjYGc=,/AnAXBwt1EDTBiEUsOyiJV3n86M=
19,6254,uY4+wkCyQbliZdUmiOV+hZqjYGc=,/AnAXBwt1EDTBiEUsOyiJV3n86M=
20,6254,uY4+wkCyQbliZdUmiOV+hZqjYGc=,/AnAXBwt1EDTBiEUsOyiJV3n86M=
18,6254,uY4+wkCyQbliZdUmiOV+hZqjYGc=,/AnAXBwt1EDTBiEUsOyiJV3n86M=
17,6254,uY4+wkCyQbliZdUmiOV+hZqjYGc=,/AnAXBwt1EDTBiEUsOyiJV3n86M=
18,6247,uY4+wkCyQbliZdUmiOV+hZqjYGc=,1pzavrWrH/owvD+MV58qkSMQJV0=
19,6247,uY4+wkCyQbliZdUmiOV+hZqjYGc=,1pzavrWrH/owvD+MV58qkSMQJV0=
20,6247,uY4+wkCyQbliZdUmiOV+hZqjYGc=,1pzavrWrH/owvD+MV58qkSMQJV0=
19,6253,uY4+wkCyQbliZdUmiOV+hZqjYGc=,/AnAXBwt1EDTBiEUsOyiJV3n86M=
17,6253,uY4+wkCyQbliZdUmiOV+hZqjYGc=,/AnAXBwt1EDTBiEUsOyiJV3n86M=
20,6253,uY4+wkCyQbliZdUmiOV+hZqjYGc=,/AnAXBwt1EDTBiEUsOyiJV3n86M=
18,6252,uY4+wkCyQbliZdUmiOV+hZqjYGc=,/AnAXBwt1EDTBiEUsOyiJV3n86M=
19,6252,uY4+wkCyQbliZdUmiOV+hZqjYGc=,/AnAXBwt1EDTBiEUsOyiJV3n86M=
22,6251,uY4+wkCyQbliZdUmiOV+hZqjYGc=,/AnAXBwt1EDTBiEUsOyiJV3n86M=
17,6252,uY4+wkCyQbliZdUmiOV+hZqjYGc=,/AnAXBwt1EDTBiEUsOyiJV3n86M=
18,6253,uY4+wkCyQbliZdUmiOV+hZqjYGc=,/AnAXBwt1EDTBiEUsOyiJV3n86M=
20,6251,uY4+wkCyQbliZdUmiOV+hZqjYGc=,/AnAXBwt1EDTBiEUsOyiJV3n86M=
17,6251,uY4+wkCyQbliZdUmiOV+hZqjYGc=,/AnAXBwt1EDTBiEUsOyiJV3n86M=
20,6252,uY4+wkCyQbliZdUmiOV+hZqjYGc=,/AnAXBwt1EDTBiEUsOyiJV3n86M=
21,6251,uY4+wkCyQbliZdUmiOV+hZqjYGc=,/AnAXBwt1EDTBiEUsOyiJV3n86M=
21,6252,uY4+wkCyQbliZdUmiOV+hZqjYGc=,/AnAXBwt1EDTBiEUsOyiJV3n86M=
22,6250,uY4+wkCyQbliZdUmiOV+hZqjYGc=,/AnAXBwt1EDTBiEUsOyiJV3n86M=
17,6250,uY4+wkCyQbliZdUmiOV+hZqjYGc=,/AnAXBwt1EDTBiEUsOyiJV3n86M=
22,6249,uY4+wkCyQbliZdUmiOV+hZqjYGc=,/AnAXBwt1EDTBiEUsOyiJV3n86M=
20,6250,uY4+wkCyQbliZdUmiOV+hZqjYGc=,/AnAXBwt1EDTBiEUsOyiJV3n86M=
19,6249,uY4+wkCyQbliZdUmiOV+hZqjYGc=,/AnAXBwt1EDTBiEUsOyiJV3n86M=
18,6250,uY4+wkCyQbliZdUmiOV+hZqjYGc=,/AnAXBwt1EDTBiEUsOyiJV3n86M=
21,6250,uY4+wkCyQbliZdUmiOV+hZqjYGc=,/AnAXBwt1EDTBiEUsOyiJV3n86M=
21,6249,uY4+wkCyQbliZdUmiOV+hZqjYGc=,/AnAXBwt1EDTBiEUsOyiJV3n86M=
22,6248,uY4+wkCyQbliZdUmiOV+hZqjYGc=,/AnAXBwt1EDTBiEUsOyiJV3n86M=
17,6249,uY4+wkCyQbliZdUmiOV+hZqjYGc=,/AnAXBwt1EDTBiEUsOyiJV3n86M=
20,6248,uY4+wkCyQbliZdUmiOV+hZqjYGc=,/AnAXBwt1EDTBiEUsOyiJV3n86M=
21,6248,uY4+wkCyQbliZdUmiOV+hZqjYGc=,/AnAXBwt1EDTBiEUsOyiJV3n86M=
19,6248,uY4+wkCyQbliZdUmiOV+hZqjYGc=,/AnAXBwt1EDTBiEUsOyiJV3n86M=
22,6252,uY4+wkCyQbliZdUmiOV+hZqjYGc=,/AnAXBwt1EDTBiEUsOyiJV3n86M=
18,6251,uY4+wkCyQbliZdUmiOV+hZqjYGc=,/AnAXBwt1EDTBiEUsOyiJV3n86M=
19,6251,uY4+wkCyQbliZdUmiOV+hZqjYGc=,/AnAXBwt1EDTBiEUsOyiJV3n86M=
17,6248,uY4+wkCyQbliZdUmiOV+hZqjYGc=,/AnAXBwt1EDTBiEUsOyiJV3n86M=
19,6250,uY4+wkCyQbliZdUmiOV+hZqjYGc=,/AnAXBwt1EDTBiEUsOyiJV3n86M=
18,6249,uY4+wkCyQbliZdUmiOV+hZqjYGc=,/AnAXBwt1EDTBiEUsOyiJV3n86M=
21,6253,uY4+wkCyQbliZdUmiOV+hZqjYGc=,/AnAXBwt1EDTBiEUsOyiJV3n86M=
22,6247,uY4+wkCyQbliZdUmiOV+hZqjYGc=,1pzavrWrH/owvD+MV58qkSMQJV0=
20,6249,uY4+wkCyQbliZdUmiOV+hZqjYGc=,/AnAXBwt1EDTBiEUsOyiJV3n86M=
18,6248,uY4+wkCyQbliZdUmiOV+hZqjYGc=,/AnAXBwt1EDTBiEUsOyiJV3n86M=
17,6247,uY4+wkCyQbliZdUmiOV+hZqjYGc=,1pzavrWrH/owvD+MV58qkSMQJV0=
21,6247,uY4+wkCyQbliZdUmiOV+hZqjYGc=,1pzavrWrH/owvD+MV58qkSMQJV0=
22,6253,uY4+wkCyQbliZdUmiOV+hZqjYGc=,/AnAXBwt1EDTBiEUsOyiJV3n86M=
30,6247,uY4+wkCyQbliZdUmiOV+hZqjYGc=,LtIe0kuU/uSUjvC0JPIjn5K0Uy8=
23,6247,uY4+wkCyQbliZdUmiOV+hZqjYGc=,1pzavrWrH/owvD+MV58qkSMQJV0=
27,6253,uY4+wkCyQbliZdUmiOV+hZqjYGc=,tl77CSX3Y2yNX64fDBxEZz7d9F8=
25,6253,uY4+wkCyQbliZdUmiOV+hZqjYGc=,tl77CSX3Y2yNX64fDBxEZz7d9F8=
26,6253,uY4+wkCyQbliZdUmiOV+hZqjYGc=,tl77CSX3Y2yNX64fDBxEZz7d9F8=
28,6253,uY4+wkCyQbliZdUmiOV+hZqjYGc=,tl77CSX3Y2yNX64fDBxEZz7d9F8=
27,6247,uY4+wkCyQbliZdUmiOV+hZqjYGc=,LtIe0kuU/uSUjvC0JPIjn5K0Uy8=
25,6247,uY4+wkCyQbliZdUmiOV+hZqjYGc=,LtIe0kuU/uSUjvC0JPIjn5K0Uy8=
29,6253,uY4+wkCyQbliZdUmiOV+hZqjYGc=,tl77CSX3Y2yNX64fDBxEZz7d9F8=
28,6252,uY4+wkCyQbliZdUmiOV+hZqjYGc=,tl77CSX3Y2yNX64fDBxEZz7d9F8=
30,6252,uY4+wkCyQbliZdUmiOV+hZqjYGc=,tl77CSX3Y2yNX64fDBxEZz7d9F8=
23,6254,uY4+wkCyQbliZdUmiOV+hZqjYGc=,/AnAXBwt1EDTBiEUsOyiJV3n86M=
28,6247,uY4+wkCyQbliZdUmiOV+hZqjYGc=,LtIe0kuU/uSUjvC0JPIjn5K0Uy8=
29,6252,uY4+wkCyQbliZdUmiOV+hZqjYGc=,tl77CSX3Y2yNX64fDBxEZz7d9F8=
26,6247,uY4+wkCyQbliZdUmiOV+hZqjYGc=,LtIe0kuU/uSUjvC0JPIjn5K0Uy8=
23,6248,uY4+wkCyQbliZdUmiOV+hZqjYGc=,/AnAXBwt1EDTBiEUsOyiJV3n86M=
27,6252,uY4+wkCyQbliZdUmiOV+hZqjYGc=,tl77CSX3Y2yNX64fDBxEZz7d9F8=
26,6252,uY4+wkCyQbliZdUmiOV+hZqjYGc=,tl77CSX3Y2yNX64fDBxEZz7d9F8=
23,6252,uY4+wkCyQbliZdUmiOV+hZqjYGc=,/AnAXBwt1EDTBiEUsOyiJV3n86M=
25,6252,uY4+wkCyQbliZdUmiOV+hZqjYGc=,tl77CSX3Y2yNX64fDBxEZz7d9F8=
30,6253,uY4+wkCyQbliZdUmiOV+hZqjYGc=,tl77CSX3Y2yNX64fDBxEZz7d9F8=
30,6251,uY4+wkCyQbliZdUmiOV+hZqjYGc=,tl77CSX3Y2yNX64fDBxEZz7d9F8=
24,6247,uY4+wkCyQbliZdUmiOV+hZqjYGc=,LtIe0kuU/uSUjvC0JPIjn5K0Uy8=
23,6249,uY4+wkCyQbliZdUmiOV+hZqjYGc=,/AnAXBwt1EDTBiEUsOyiJV3n86M=
26,6251,uY4+wkCyQbliZdUmiOV+hZqjYGc=,tl77CSX3Y2yNX64fDBxEZz7d9F8=
29,6251,uY4+wkCyQbliZdUmiOV+hZqjYGc=,tl77CSX3Y2yNX64fDBxEZz7d9F8=
28,6251,uY4+wkCyQbliZdUmiOV+hZqjYGc=,tl77CSX3Y2yNX64fDBxEZz7d9F8=
24,6248,uY4+wkCyQbliZdUmiOV+hZqjYGc=,tl77CSX3Y2yNX64fDBxEZz7d9F8=
23,6253,uY4+wkCyQbliZdUmiOV+hZqjYGc=,/AnAXBwt1EDTBiEUsOyiJV3n86M=
23,6251,uY4+wkCyQbliZdUmiOV+hZqjYGc=,/AnAXBwt1EDTBiEUsOyiJV3n86M=
24,6252,uY4+wkCyQbliZdUmiOV+hZqjYGc=,tl77CSX3Y2yNX64fDBxEZz7d9F8=
29,6247,uY4+wkCyQbliZdUmiOV+hZqjYGc=,LtIe0kuU/uSUjvC0JPIjn5K0Uy8=
27,6251,uY4+wkCyQbliZdUmiOV+hZqjYGc=,tl77CSX3Y2yNX64fDBxEZz7d9F8=
24,6251,uY4+wkCyQbliZdUmiOV+hZqjYGc=,tl77CSX3Y2yNX64fDBxEZz7d9F8=
26,6250,uY4+wkCyQbliZdUmiOV+hZqjYGc=,tl77CSX3Y2yNX64fDBxEZz7d9F8=
25,6251,uY4+wkCyQbliZdUmiOV+hZqjYGc=,tl77CSX3Y2yNX64fDBxEZz7d9F8=
25,6250,uY4+wkCyQbliZdUmiOV+hZqjYGc=,tl77CSX3Y2yNX64fDBxEZz7d9F8=
24,6250,uY4+wkCyQbliZdUmiOV+hZqjYGc=,tl77CSX3Y2yNX64fDBxEZz7d9F8=
28,6250,uY4+wkCyQbliZdUmiOV+hZqjYGc=,tl77CSX3Y2yNX64fDBxEZz7d9F8=
23,6250,uY4+wkCyQbliZdUmiOV+hZqjYGc=,/AnAXBwt1EDTBiEUsOyiJV3n86M=
30,6249,uY4+wkCyQbliZdUmiOV+hZqjYGc=,tl77CSX3Y2yNX64fDBxEZz7d9F8=
25,6249,uY4+wkCyQbliZdUmiOV+hZqjYGc=,tl77CSX3Y2yNX64fDBxEZz7d9F8=
26,6249,uY4+wkCyQbliZdUmiOV+hZqjYGc=,tl77CSX3Y2yNX64fDBxEZz7d9F8=
24,6249,uY4+wkCyQbliZdUmiOV+hZqjYGc=,tl77CSX3Y2yNX64fDBxEZz7d9F8=
29,6249,uY4+wkCyQbliZdUmiOV+hZqjYGc=,tl77CSX3Y2yNX64fDBxEZz7d9F8=
30,6254,uY4+wkCyQbliZdUmiOV+hZqjYGc=,tl77CSX3Y2yNX64fDBxEZz7d9F8=
27,6249,uY4+wkCyQbliZdUmiOV+hZqjYGc=,tl77CSX3Y2yNX64fDBxEZz7d9F8=
26,6248,uY4+wkCyQbliZdUmiOV+hZqjYGc=,tl77CSX3Y2yNX64fDBxEZz7d9F8=
27,6254,uY4+wkCyQbliZdUmiOV+hZqjYGc=,tl77CSX3Y2yNX64fDBxEZz7d9F8=
28,6254,uY4+wkCyQbliZdUmiOV+hZqjYGc=,tl77CSX3Y2yNX64fDBxEZz7d9F8=
28,6249,uY4+wkCyQbliZdUmiOV+hZqjYGc=,tl77CSX3Y2yNX64fDBxEZz7d9F8=
26,6254,uY4+wkCyQbliZdUmiOV+hZqjYGc=,tl77CSX3Y2yNX64fDBxEZz7d9F8=
30,6250,uY4+wkCyQbliZdUmiOV+hZqjYGc=,tl77CSX3Y2yNX64fDBxEZz7d9F8=
25,6254,uY4+wkCyQbliZdUmiOV+hZqjYGc=,tl77CSX3Y2yNX64fDBxEZz7d9F8=
25,6248,uY4+wkCyQbliZdUmiOV+hZqjYGc=,tl77CSX3Y2yNX64fDBxEZz7d9F8=
29,6248,uY4+wkCyQbliZdUmiOV+hZqjYGc=,tl77CSX3Y2yNX64fDBxEZz7d9F8=
30,6248,uY4+wkCyQbliZdUmiOV+hZqjYGc=,tl77CSX3Y2yNX64fDBxEZz7d9F8=
27,6250,uY4+wkCyQbliZdUmiOV+hZqjYGc=,tl77CSX3Y2yNX64fDBxEZz7d9F8=
24,6254,uY4+wkCyQbliZdUmiOV+hZqjYGc=,tl77CSX3Y2yNX64fDBxEZz7d9F8=
24,6253,uY4+wkCyQbliZdUmiOV+hZqjYGc=,tl77CSX3Y2yNX64fDBxEZz7d9F8=
28,6248,uY4+wkCyQbliZdUmiOV+hZqjYGc=,tl77CSX3Y2yNX64fDBxEZz7d9F8=
29,6250,uY4+wkCyQbliZdUmiOV+hZqjYGc=,tl77CSX3Y2yNX64fDBxEZz7d9F8=
27,6248,uY4+wkCyQbliZdUmiOV+hZqjYGc=,tl77CSX3Y2yNX64fDBxEZz7d9F8=
29,6254,uY4+wkCyQbliZdUmiOV+hZqjYGc=,tl77CSX3Y2yNX64fDBxEZz7d9F8=
25,6240,uY4+wkCyQbliZdUmiOV+hZqjYGc=,LtIe0kuU/uSUjvC0JPIjn5K0Uy8=
30,6240,uY4+wkCyQbliZdUmiOV+hZqjYGc=,LtIe0kuU/uSUjvC0JPIjn5K0Uy8=
26,6240,uY4+wkCyQbliZdUmiOV+hZqjYGc=,LtIe0kuU/uSUjvC0JPIjn5K0Uy8=
29,6240,uY4+wkCyQbliZdUmiOV+hZqjYGc=,LtIe0kuU/uSUjvC0JPIjn5K0Uy8=
28,6240,uY4+wkCyQbliZdUmiOV+hZqjYGc=,LtIe0kuU/uSUjvC0JPIjn5K0Uy8=
20,6240,uY4+wkCyQbliZdUmiOV+hZqjYGc=,1pzavrWrH/owvD+MV58qkSMQJV0=
21,6240,uY4+wkCyQbliZdUmiOV+hZqjYGc=,1pzavrWrH/owvD+MV58qkSMQJV0=
22,6240,uY4+wkCyQbliZdUmiOV+hZqjYGc=,1pzavrWrH/owvD+MV58qkSMQJV0=
23,6240,uY4+wkCyQbliZdUmiOV+hZqjYGc=,1pzavrWrH/owvD+MV58qkSMQJV0=
27,6240,uY4+wkCyQbliZdUmiOV+hZqjYGc=,LtIe0kuU/uSUjvC0JPIjn5K0Uy8=
17,6240,uY4+wkCyQbliZdUmiOV+hZqjYGc=,1pzavrWrH/owvD+MV58qkSMQJV0=
18,6240,uY4+wkCyQbliZdUmiOV+hZqjYGc=,1pzavrWrH/owvD+MV58qkSMQJV0=
31,6244,uY4+wkCyQbliZdUmiOV+hZqjYGc=,LtIe0kuU/uSUjvC0JPIjn5K0Uy8=
31,6245,uY4+wkCyQbliZdUmiOV+hZqjYGc=,LtIe0kuU/uSUjvC0JPIjn5K0Uy8=
31,6246,uY4+wkCyQbliZdUmiOV+hZqjYGc=,LtIe0kuU/uSUjvC0JPIjn5K0Uy8=
31,6243,uY4+wkCyQbliZdUmiOV+hZqjYGc=,LtIe0kuU/uSUjvC0JPIjn5K0Uy8=
31,6241,uY4+wkCyQbliZdUmiOV+hZqjYGc=,LtIe0kuU/uSUjvC0JPIjn5K0Uy8=
19,6240,uY4+wkCyQbliZdUmiOV+hZqjYGc=,1pzavrWrH/owvD+MV58qkSMQJV0=
24,6240,uY4+wkCyQbliZdUmiOV+hZqjYGc=,LtIe0kuU/uSUjvC0JPIjn5K0Uy8=
31,6242,uY4+wkCyQbliZdUmiOV+hZqjYGc=,LtIe0kuU/uSUjvC0JPIjn5K0Uy8=
31,6247,uY4+wkCyQbliZdUmiOV+hZqjYGc=,LtIe0kuU/uSUjvC0JPIjn5K0Uy8=
31,6253,uY4+wkCyQbliZdUmiOV+hZqjYGc=,tl77CSX3Y2yNX64fDBxEZz7d9F8=
31,6251,uY4+wkCyQbliZdUmiOV+hZqjYGc=,tl77CSX3Y2yNX64fDBxEZz7d9F8=
31,6250,uY4+wkCyQbliZdUmiOV+hZqjYGc=,tl77CSX3Y2yNX64fDBxEZz7d9F8=
31,6254,uY4+wkCyQbliZdUmiOV+hZqjYGc=,tl77CSX3Y2yNX64fDBxEZz7d9F8=
31,6252,uY4+wkCyQbliZdUmiOV+hZqjYGc=,tl77CSX3Y2yNX64fDBxEZz7d9F8=
31,6248,uY4+wkCyQbliZdUmiOV+hZqjYGc=,tl77CSX3Y2yNX64fDBxEZz7d9F8=
31,6249,uY4+wkCyQbliZdUmiOV+hZqjYGc=,tl77CSX3Y2yNX64fDBxEZz7d9F8=
31,6240,v9wHkGBkINGwmWuO38Wv/eoayMA=,LtIe0kuU/uSUjvC0JPIjn5K0Uy8=
18,6255,v9wHkGBkINGwmWuO38Wv/eoayMA=,/AnAXBwt1EDTBiEUsOyiJV3n86M=
20,6255,v9wHkGBkINGwmWuO38Wv/eoayMA=,/AnAXBwt1EDTBiEUsOyiJV3n86M=
17,6255,v9wHkGBkINGwmWuO38Wv/eoayMA=,/AnAXBwt1EDTBiEUsOyiJV3n86M=
16,6254,v9wHkGBkINGwmWuO38Wv/eoayMA=,/AnAXBwt1EDTBiEUsOyiJV3n86M=
16,6243,v9wHkGBkINGwmWuO38Wv/eoayMA=,1pzavrWrH/owvD+MV58qkSMQJV0=
16,6252,v9wHkGBkINGwmWuO38Wv/eoayMA=,/AnAXBwt1EDTBiEUsOyiJV3n86M=
16,6241,v9wHkGBkINGwmWuO38Wv/eoayMA=,1pzavrWrH/owvD+MV58qkSMQJV0=
21,6255,v9wHkGBkINGwmWuO38Wv/eoayMA=,/AnAXBwt1EDTBiEUsOyiJV3n86M=
16,6249,v9wHkGBkINGwmWuO38Wv/eoayMA=,/AnAXBwt1EDTBiEUsOyiJV3n86M=
16,6242,v9wHkGBkINGwmWuO38Wv/eoayMA=,1pzavrWrH/owvD+MV58qkSMQJV0=
19,6255,v9wHkGBkINGwmWuO38Wv/eoayMA=,/AnAXBwt1EDTBiEUsOyiJV3n86M=
16,6250,v9wHkGBkINGwmWuO38Wv/eoayMA=,/AnAXBwt1EDTBiEUsOyiJV3n86M=
16,6253,v9wHkGBkINGwmWuO38Wv/eoayMA=,/AnAXBwt1EDTBiEUsOyiJV3n86M=
16,6247,v9wHkGBkINGwmWuO38Wv/eoayMA=,1pzavrWrH/owvD+MV58qkSMQJV0=
16,6251,v9wHkGBkINGwmWuO38Wv/eoayMA=,/AnAXBwt1EDTBiEUsOyiJV3n86M=
22,6255,v9wHkGBkINGwmWuO38Wv/eoayMA=,/AnAXBwt1EDTBiEUsOyiJV3n86M=
16,6245,v9wHkGBkINGwmWuO38Wv/eoayMA=,1pzavrWrH/owvD+MV58qkSMQJV0=
16,6248,v9wHkGBkINGwmWuO38Wv/eoayMA=,/AnAXBwt1EDTBiEUsOyiJV3n86M=
16,6244,v9wHkGBkINGwmWuO38Wv/eoayMA=,1pzavrWrH/owvD+MV58qkSMQJV0=
16,6246,v9wHkGBkINGwmWuO38Wv/eoayMA=,1pzavrWrH/owvD+MV58qkSMQJV0=
16,6240,v9wHkGBkINGwmWuO38Wv/eoayMA=,1pzavrWrH/owvD+MV58qkSMQJV0=
16,6255,v9wHkGBkINGwmWuO38Wv/eoayMA=,/AnAXBwt1EDTBiEUsOyiJV3n86M=
23,6255,v9wHkGBkINGwmWuO38Wv/eoayMA=,/AnAXBwt1EDTBiEUsOyiJV3n86M=
29,6255,v9wHkGBkINGwmWuO38Wv/eoayMA=,tl77CSX3Y2yNX64fDBxEZz7d9F8=
30,6255,v9wHkGBkINGwmWuO38Wv/eoayMA=,tl77CSX3Y2yNX64fDBxEZz7d9F8=
31,6255,v9wHkGBkINGwmWuO38Wv/eoayMA=,tl77CSX3Y2yNX64fDBxEZz7d9F8=
24,6255,v9wHkGBkINGwmWuO38Wv/eoayMA=,tl77CSX3Y2yNX64fDBxEZz7d9F8=
25,6255,v9wHkGBkINGwmWuO38Wv/eoayMA=,tl77CSX3Y2yNX64fDBxEZz7d9F8=
26,6255,v9wHkGBkINGwmWuO38Wv/eoayMA=,tl77CSX3Y2yNX64fDBxEZz7d9F8=
28,6255,v9wHkGBkINGwmWuO38Wv/eoayMA=,tl77CSX3Y2yNX64fDBxEZz7d9F8=
27,6255,v9wHkGBkINGwmWuO38Wv/eoayMA=,tl77CSX3Y2yNX64fDBxEZz7d9F8=
