0,32,r8xqEDWFwkwmkP5qaruromWMUY4=,X4bZOSqIsaBATCuppHX+nv3/GFk=
1,32,r8xqEDWFwkwmkP5qaruromWMUY4=,7sCR8wEZ1cn4oimXCQHlDM2hEl4=
2,32,r8xqEDWFwkwmkP5qaruromWMUY4=,zh5DLNX1EG/pKTaNAvXW4G0OVmA=
3,32,r8xqEDWFwkwmkP5qaruromWMUY4=,ahg1EGUXSqauVC45/ulIDDM/uqg=
4,32,r8xqEDWFwkwmkP5qaruromWMUY4=,Oxbz7ZsAx8E81j0HjW+O2Qoi3Jo=
5,32,r8xqEDWFwkwmkP5qaruromWMUY4=,4brFBe7hzeHEOxj3TJXLE6D+hcI=
6,32,r8xqEDWFwkwmkP5qaruromWMUY4=,mN0Cyd2B8latxCZLuD/l1P2PNPw=
7,32,r8xqEDWFwkwmkP5qaruromWMUY4=,bvP3VSgF6X1BSpjs37b8q12+MSQ=
8,32,r8xqEDWFwkwmkP5qaruromWMUY4=,w3adYoTMLv2YF8R1kD/PKAb7MCQ=
9,32,r8xqEDWFwkwmkP5qaruromWMUY4=,YsE4uzFO/rNfQAREAMut8tOqRqc=
10,32,r8xqEDWFwkwmkP5qaruromWMUY4=,YsE4uzFO/rNfQAREAMut8tOqRqc=
11,32,r8xqEDWFwkwmkP5qaruromWMUY4=,7+waCzVgq/65Klm2mT00xNS6Bmw=
12,32,r8xqEDWFwkwmkP5qaruromWMUY4=,innLyoZA5azH0eOkGQs+eJWsn+A=
13,32,r8xqEDWFwkwmkP5qaruromWMUY4=,qn6wkHm9XfjtlfkWVxUowWU46uc=
14,32,efRrqKWtgScezEr4xPbE8vWdYx4=,u3NtOuwUyZlkacJ+E8X+rpwMwqs=
15,32,efRrqKWtgScezEr4xPbE8vWdYx4=,GVnS7Bs7HGiaj7oiObKnKNtEtAM=
16,32,efRrqKWtgScezEr4xPbE8vWdYx4=,PIuWMAvgQnGiY4QwhLb83SlQf84=
17,32,efRrqKWtgScezEr4xPbE8vWdYx4=,T61yv2GvC6L1vS+rnXz3hLqfFCU=
18,32,efRrqKWtgScezEr4xPbE8vWdYx4=,u2qZ+cdTDpFsgL5XZvz9SmI+mS4=
19,32,efRrqKWtgScezEr4xPbE8vWdYx4=,BYiB+Pj81RJmg4pL+cifQpbS550=
20,32,efRrqKWtgScezEr4xPbE8vWdYx4=,ZIeBimyO26KJQ7vexN1d2zfFRuo=
0,33,rfK7xKKkHw1vuap5Lm1vYITkgI0=,SVTg+tGWnKH7IaVdfXEu8lriGk0=
1,33,rfK7xKKkHw1vuap5Lm1vYITkgI0=,JnEpLOIWiP7/h87Wtw5H5xYkI9k=
2,33,rfK7xKKkHw1vuap5Lm1vYITkgI0=,3EiqHdMaKAWWDfgrZ7o6LONfnIc=
3,33,rfK7xKKkHw1vuap5Lm1vYITkgI0=,qnJXnIu6KrY+3knSF10EBcT+g2s=
4,33,rfK7xKKkHw1vuap5Lm1vYITkgI0=,hIjrke6GhEBTEohYS16CZXNxQRw=
5,33,rfK7xKKkHw1vuap5Lm1vYITkgI0=,fbtA6uHZNN3NIo0zd69nPaV0gfc=
6,33,rfK7xKKkHw1vuap5Lm1vYITkgI0=,dPxP/jAus5WucFbm/6hFSEzS21w=
7,33,rfK7xKKkHw1vuap5Lm1vYITkgI0=,WpXkmHlhtPK39I2NDsRgRj9v8xA=
8,33,rfK7xKKkHw1vuap5Lm1vYITkgI0=,b7mHJ7SZzCK5dqxac+X1sKL1l30=
9,33,rfK7xKKkHw1vuap5Lm1vYITkgI0=,98JHmu8kvdx4O1JrGnrjCtW+nOg=
10,33,rfK7xKKkHw1vuap5Lm1vYITkgI0=,98JHmu8kvdx4O1JrGnrjCtW+nOg=
11,33,rfK7xKKkHw1vuap5Lm1vYITkgI0=,ERtBZQsn7Lb814g55ba3nsoFsaw=
12,33,rfK7xKKkHw1vuap5Lm1vYITkgI0=,SYNkIqE6ZtjCB055IJNQyjAZhJM=
13,33,aaI4R5OU8sEanaGgCN1dbyDdn6w=,vLCZddp2vNZLbW6q8rGCYQkLFUI=
14,33,aaI4R5OU8sEanaGgCN1dbyDdn6w=,bV05xNa+WAm/BaO0s3oPeujtFL0=
15,33,aaI4R5OU8sEanaGgCN1dbyDdn6w=,R5AUGGHLrALsq1yxNhhxchk0dyQ=
16,33,aaI4R5OU8sEanaGgCN1dbyDdn6w=,PIuWMAvgQnGiY4QwhLb83SlQf84=
17,33,aaI4R5OU8sEanaGgCN1dbyDdn6w=,7xtGJST7JUD3A58bAUT7QU8/3Nk=
18,33,aaI4R5OU8sEanaGgCN1dbyDdn6w=,PzxwalgPxg9Zs8Wymd1uAU7+i+A=
19,33,aaI4R5OU8sEanaGgCN1dbyDdn6w=,3yPKBT1nN4Ue6VHoJAV6IhoxQgU=
20,33,aaI4R5OU8sEanaGgCN1dbyDdn6w=,IizfJNn1H1eApwBInnH0yLEGe1c=
21,33,aaI4R5OU8sEanaGgCN1dbyDdn6w=,FBU26c28FRaQHPEWGtIsfNQ+F9Y=
22,33,aaI4R5OU8sEanaGgCN1dbyDdn6w=,FBU26c28FRaQHPEWGtIsfNQ+F9Y=
0,34,Ghj4knOEVnqJuBCCAgo6lsXd5wY=,BiyBR1KNitenv/7FM8o0HsZR9bM=
1,34,Ghj4knOEVnqJuBCCAgo6lsXd5wY=,dLzRlZKA4fAmn3oVARos9bHeC7g=
2,34,Ghj4knOEVnqJuBCCAgo6lsXd5wY=,FhWon1lqTVW3O1OQiW6hD2JpuFE=
3,34,Ghj4knOEVnqJuBCCAgo6lsXd5wY=,zewhQuzlrTFvnPKpnieXC9OCQlQ=
4,34,Ghj4knOEVnqJuBCCAgo6lsXd5wY=,SiQglUQxGg4/f01/Tcm85+qoyLw=
5,34,MLaCTpAxo0TPHV1JTNSv86SgkmA=,W777ZM1rVmT6KDJaYGcgaEq6xDA=
6,34,MLaCTpAxo0TPHV1JTNSv86SgkmA=,Jr6hAF2c+hZPw5iOZZ0y+DGe1o4=
7,34,MLaCTpAxo0TPHV1JTNSv86SgkmA=,kuddqlW+bhnuoa5LsusS7kcxEhw=
8,34,MLaCTpAxo0TPHV1JTNSv86SgkmA=,sNLziDWhe6VrZZhr2UqIf289mdI=
9,34,MLaCTpAxo0TPHV1JTNSv86SgkmA=,nAXe7Znnrr3BDT/rgP6cu+Zskg8=
10,34,MLaCTpAxo0TPHV1JTNSv86SgkmA=,ZKrp0EdKuNt1na6Jbhm5V9UEwVc=
11,34,MLaCTpAxo0TPHV1JTNSv86SgkmA=,CSU3hE9aGPlJFZ1/RR6yGs1vHXc=
12,34,MLaCTpAxo0TPHV1JTNSv86SgkmA=,+5wxFPuHDWSUWyikDtYqz/QBauE=
13,34,MLaCTpAxo0TPHV1JTNSv86SgkmA=,/ME+Qrp35ZZBdnmWE/FMDjtARxg=
14,34,MLaCTpAxo0TPHV1JTNSv86SgkmA=,UErdFW9XGd1bnEaiv9opSZPIcas=
15,34,MLaCTpAxo0TPHV1JTNSv86SgkmA=,R5AUGGHLrALsq1yxNhhxchk0dyQ=
16,34,MLaCTpAxo0TPHV1JTNSv86SgkmA=,PIuWMAvgQnGiY4QwhLb83SlQf84=
17,34,MLaCTpAxo0TPHV1JTNSv86SgkmA=,9PPRjMl1CIXWJJbd4aBt1M9Q4ew=
18,34,MLaCTpAxo0TPHV1JTNSv86SgkmA=,tM5BltNDQtWFJoWTw4f4dwz0Vew=
19,34,MLaCTpAxo0TPHV1JTNSv86SgkmA=,1A6sGe8CZ8uRfitIV307DOh03oU=
20,34,MLaCTpAxo0TPHV1JTNSv86SgkmA=,tk/sUZRRrc3IhJs04F8q8yEs34I=
21,34,MLaCTpAxo0TPHV1JTNSv86SgkmA=,Rbi8CtAhwoqhI53C4nP6iMvw4aY=
22,34,MLaCTpAxo0TPHV1JTNSv86SgkmA=,2YKGk0pvQygfxBYfciiOogvn/HQ=
23,34,MLaCTpAxo0TPHV1JTNSv86SgkmA=,kgWRnMA+lDiFgOUDmOPc7kEvtE8=
25,34,MLaCTpAxo0TPHV1JTNSv86SgkmA=,05mVdFiFhkUE4dlEjKBR3RSEsQs=
26,34,MLaCTpAxo0TPHV1JTNSv86SgkmA=,0O1V3IdV3ThHKEaqV1zw+m6cEP8=
27,34,s7E3xLL4WC6KNhwECpBqYGMN6Jk=,b/wUKhjtXXcJc/lbF5x+AY8sk8A=
0,35,fQZ7YRx9zzIqBiSe54Zugn4fGgs=,N9st0xKIRmWwdA8dWJ8jgA9enKE=
1,35,fQZ7YRx9zzIqBiSe54Zugn4fGgs=,EvguR+Q6yMFwfLkT30aAAapCGD8=
2,35,fQZ7YRx9zzIqBiSe54Zugn4fGgs=,9vGudghGtvtxqYw47/NV1y4X4Uw=
3,35,fQZ7YRx9zzIqBiSe54Zugn4fGgs=,byssCccryYIYeg+DKWNEGqdXr00=
4,35,fQZ7YRx9zzIqBiSe54Zugn4fGgs=,ugfO/LCm2gJi4WrmvfiyN+H2ajs=
5,35,fQZ7YRx9zzIqBiSe54Zugn4fGgs=,y6LoEOqIr+j6PFRerjlD24RhqV8=
6,35,fQZ7YRx9zzIqBiSe54Zugn4fGgs=,cnMapshCjpWTarX/vzlrvKjlnXw=
7,35,fQZ7YRx9zzIqBiSe54Zugn4fGgs=,eNb2ASAMCTw7nQ1UDOBqXb31G88=
8,35,fQZ7YRx9zzIqBiSe54Zugn4fGgs=,lbPOWTRPcbIy/JL3pEO/ioqOqts=
9,35,fQZ7YRx9zzIqBiSe54Zugn4fGgs=,qak/6XadUs3vut5XElgUrl++elE=
10,35,fQZ7YRx9zzIqBiSe54Zugn4fGgs=,nAXe7Znnrr3BDT/rgP6cu+Zskg8=
11,35,fQZ7YRx9zzIqBiSe54Zugn4fGgs=,Tw0BDCajTkFPAU0bC5jxk8it9uY=
12,35,fQZ7YRx9zzIqBiSe54Zugn4fGgs=,+5wxFPuHDWSUWyikDtYqz/QBauE=
13,35,fQZ7YRx9zzIqBiSe54Zugn4fGgs=,r5mqSmPVEl5MDRDYAlMiTfQt950=
14,35,fQZ7YRx9zzIqBiSe54Zugn4fGgs=,6Tggmfmh6YveSaFaqsaLUXKEPAI=
15,35,fQZ7YRx9zzIqBiSe54Zugn4fGgs=,vhhaS0Ai0Zlupf7Bpa6MZ+KE/Tk=
16,35,fQZ7YRx9zzIqBiSe54Zugn4fGgs=,PIuWMAvgQnGiY4QwhLb83SlQf84=
17,35,ia2IQ+xRMEKvoKIVLDS25TNZvgA=,9PPRjMl1CIXWJJbd4aBt1M9Q4ew=
18,35,ia2IQ+xRMEKvoKIVLDS25TNZvgA=,T1rOwmRAwRNc+IGthCNMn5w0/gQ=
19,35,ia2IQ+xRMEKvoKIVLDS25TNZvgA=,Q3GbkmcT8ZvsJ/W8WlveJ8f48FU=
20,35,ia2IQ+xRMEKvoKIVLDS25TNZvgA=,tLD7FuPwpy/I3q0e72cKTiMB/JQ=
21,35,ia2IQ+xRMEKvoKIVLDS25TNZvgA=,XlS0HkquKskfEQYJRkSVLN1JclM=
22,35,ia2IQ+xRMEKvoKIVLDS25TNZvgA=,0ty3SbZ0/6W/kWdicWoqLac8QXA=
23,35,ia2IQ+xRMEKvoKIVLDS25TNZvgA=,JtwSoEtmlHO2yCXE4klM9mZtMCg=
24,35,ia2IQ+xRMEKvoKIVLDS25TNZvgA=,8k9wnJBXrY+f+iCe87gDPQnzepI=
25,35,ia2IQ+xRMEKvoKIVLDS25TNZvgA=,3k1qjNPm+R6+CHNBCax1KypipO4=
26,35,ia2IQ+xRMEKvoKIVLDS25TNZvgA=,j8P+TaTCtX3JdHrztI2pI5QK8zw=
27,35,ia2IQ+xRMEKvoKIVLDS25TNZvgA=,M0RMlHiTo/JBPdJOlDZLEoCnnCE=
28,35,ia2IQ+xRMEKvoKIVLDS25TNZvgA=,fGNfQWTuCCtuYCdKFdMEptqlyYk=
29,35,ia2IQ+xRMEKvoKIVLDS25TNZvgA=,fGNfQWTuCCtuYCdKFdMEptqlyYk=
0,36,HaWQtSQECE0JZNHfHgg9N2DA6yk=,JXUYtQorltFJKZ5N7hos6NOPiOY=
1,36,HaWQtSQECE0JZNHfHgg9N2DA6yk=,Fd1UCwZ6ksBNV/IwnKUGDoPBdwg=
2,36,HaWQtSQECE0JZNHfHgg9N2DA6yk=,X41GtTRuiDxR/H2NgAtZwXs1Sew=
3,36,HaWQtSQECE0JZNHfHgg9N2DA6yk=,z38kE2P6s8moj7oRejdzvbvhDKU=
4,36,HaWQtSQECE0JZNHfHgg9N2DA6yk=,y0bH1Pqv15xn+FDcizsB45IbZBE=
5,36,HaWQtSQECE0JZNHfHgg9N2DA6yk=,CTBnXWUKC0WVubQmhX1zUjjjc+k=
6,36,weCudkJgSx1tVNAAhQ8JoNRqB6E=,OSqIJy4lZ6PsNxx/4ce3oakgg1c=
7,36,weCudkJgSx1tVNAAhQ8JoNRqB6E=,eNb2ASAMCTw7nQ1UDOBqXb31G88=
8,36,weCudkJgSx1tVNAAhQ8JoNRqB6E=,EPfO7Z5f9HcSaiYH6dErfIOVP5Y=
9,36,weCudkJgSx1tVNAAhQ8JoNRqB6E=,W63oXh7ZeySiDexGYqjVdGc67CE=
10,36,weCudkJgSx1tVNAAhQ8JoNRqB6E=,liT0g80izWVUYrgHuEWgWt7ZCr4=
11,36,weCudkJgSx1tVNAAhQ8JoNRqB6E=,El3dM/NHlHgg5w1WkCHTLWNu6bA=
12,36,weCudkJgSx1tVNAAhQ8JoNRqB6E=,/k3syukFSo+1Ul3Up1e0o+CFfZE=
13,36,weCudkJgSx1tVNAAhQ8JoNRqB6E=,hhsGVH/Y1LmVsOI/TKx/VjznJ6E=
14,36,weCudkJgSx1tVNAAhQ8JoNRqB6E=,pyqjlfqmb+S2QTkA6GPGjCPriGk=
15,36,weCudkJgSx1tVNAAhQ8JoNRqB6E=,dNjuJyY+nw7p+OFpSUHIaj11/9c=
16,36,weCudkJgSx1tVNAAhQ8JoNRqB6E=,lAJWMDmIUf/RUPJfndL9wNc6krE=
17,36,weCudkJgSx1tVNAAhQ8JoNRqB6E=,GdAB7GQ1AwLH73aNv86SkOBKsno=
18,36,weCudkJgSx1tVNAAhQ8JoNRqB6E=,wnOd1BS0anlxAG9BBdMajmWCcG4=
19,36,weCudkJgSx1tVNAAhQ8JoNRqB6E=,BYiB+Pj81RJmg4pL+cifQpbS550=
20,36,weCudkJgSx1tVNAAhQ8JoNRqB6E=,BYiB+Pj81RJmg4pL+cifQpbS550=
21,36,weCudkJgSx1tVNAAhQ8JoNRqB6E=,7YQqsaPfTsWcqSDm5DJsiJd4kCA=
22,36,weCudkJgSx1tVNAAhQ8JoNRqB6E=,gH6DZ3OiX2q3KPw3YLhL/A1/DH0=
23,36,weCudkJgSx1tVNAAhQ8JoNRqB6E=,gH6DZ3OiX2q3KPw3YLhL/A1/DH0=
24,36,weCudkJgSx1tVNAAhQ8JoNRqB6E=,3k1qjNPm+R6+CHNBCax1KypipO4=
25,36,weCudkJgSx1tVNAAhQ8JoNRqB6E=,QzbRCdEAzKHu1TPvf2OcbAJjaOM=
26,36,JaG/s/H0ycTDSZizLBlfS44dygM=,QKUdgDefnrkOmDLF1NfmhBImo08=
27,36,JaG/s/H0ycTDSZizLBlfS44dygM=,y0cbOmc5EE2oNo+y1wzpVhpJmKk=
28,36,JaG/s/H0ycTDSZizLBlfS44dygM=,iU+u1n5kCAkyjmMk9HoaifSYflc=
29,36,JaG/s/H0ycTDSZizLBlfS44dygM=,iU+u1n5kCAkyjmMk9HoaifSYflc=
0,37,ZLB9cdw6RzpiXLVmRJM1S6jqXn0=,sqfaM61x4Z8R14TTE45iNpczrGY=
1,37,ZLB9cdw6RzpiXLVmRJM1S6jqXn0=,FUj0yBKk8UGf+INs67GOXig3GQM=
2,37,ZLB9cdw6RzpiXLVmRJM1S6jqXn0=,0f66S7aj9VrnVtRabtJe/3q+Y+w=
3,37,ZLB9cdw6RzpiXLVmRJM1S6jqXn0=,s4hoIUug5IoLN5lwS8238IWIMck=
4,37,ZLB9cdw6RzpiXLVmRJM1S6jqXn0=,mwxP1BMlehdIszhGXvruroroLg8=
5,37,ZLB9cdw6RzpiXLVmRJM1S6jqXn0=,BosqEUCBl8DLZ5s8KavZZI6n5ow=
6,37,ZLB9cdw6RzpiXLVmRJM1S6jqXn0=,QhgQiU1v+C9kFfO+kc2evz91v6k=
7,37,ZLB9cdw6RzpiXLVmRJM1S6jqXn0=,eNb2ASAMCTw7nQ1UDOBqXb31G88=
8,37,ZLB9cdw6RzpiXLVmRJM1S6jqXn0=,zIPrgGADhnyZ/CJPYLIJ3dECFds=
11,37,ZLB9cdw6RzpiXLVmRJM1S6jqXn0=,CUOwwqwsS+mUktCiSCTnsKfJiiA=
12,37,ZLB9cdw6RzpiXLVmRJM1S6jqXn0=,DYR7BCofoT3O9kelT9z+VubgaqM=
13,37,ZLB9cdw6RzpiXLVmRJM1S6jqXn0=,YyMxtZZPlXKtwARgKfP4z84+rXk=
19,37,ZLB9cdw6RzpiXLVmRJM1S6jqXn0=,S4Zegd3Jco+11DE5yrVT8SsQijY=
20,37,ZLB9cdw6RzpiXLVmRJM1S6jqXn0=,ZgsftFHPzr5hrioqs/ExwXc6wP0=
21,37,ZLB9cdw6RzpiXLVmRJM1S6jqXn0=,uD+JVOI4wH8oSlxu9+239HMb92M=
23,37,ZLB9cdw6RzpiXLVmRJM1S6jqXn0=,gH6DZ3OiX2q3KPw3YLhL/A1/DH0=
24,37,ZLB9cdw6RzpiXLVmRJM1S6jqXn0=,Ml5vO5jepl3+3g28HsxzYphlytY=
25,37,ZLB9cdw6RzpiXLVmRJM1S6jqXn0=,zptbcbWl2igDWeIxKvb7KF1Bio4=
26,37,ZLB9cdw6RzpiXLVmRJM1S6jqXn0=,zptbcbWl2igDWeIxKvb7KF1Bio4=
27,37,ZLB9cdw6RzpiXLVmRJM1S6jqXn0=,/wsCOTh+LYA6RzXf+y9S1pJq3is=
28,37,ZLB9cdw6RzpiXLVmRJM1S6jqXn0=,8k9wnJBXrY+f+iCe87gDPQnzepI=
29,37,ZLB9cdw6RzpiXLVmRJM1S6jqXn0=,8k9wnJBXrY+f+iCe87gDPQnzepI=
0,38,M182+q/Qbpb3B+jFWsAUDelPLBU=,SzReLU9gDugJRmOonAsume/nOmU=
1,38,5AJzb+s9eW25HdwWi3w5Jz7W9yA=,CL1JZfPRYZZr/ZkkbHrp5MIIuHc=
2,38,5AJzb+s9eW25HdwWi3w5Jz7W9yA=,c9Mv3uyQcyzvxz/qi4qNtMK9ugc=
3,38,5AJzb+s9eW25HdwWi3w5Jz7W9yA=,xZnGib3vqsPXFO5K6qCF5dWl5SM=
4,38,5AJzb+s9eW25HdwWi3w5Jz7W9yA=,ZHaXVuc5qM5bC/iVnMPgKwCMbps=
5,38,5AJzb+s9eW25HdwWi3w5Jz7W9yA=,wJCvoAqp1UGdT9UkmdjhLMIKNyE=
6,38,5AJzb+s9eW25HdwWi3w5Jz7W9yA=,bO6kIzD24RIQXluUTnfHmeAqwek=
7,38,5AJzb+s9eW25HdwWi3w5Jz7W9yA=,g5QASct8YGV26a76mAzpQ/QeeGk=
8,38,5AJzb+s9eW25HdwWi3w5Jz7W9yA=,g1EP+C8zJm1yMNcZup/kCggA1Ck=
9,38,5AJzb+s9eW25HdwWi3w5Jz7W9yA=,+GqqLnal0YDj0W3MeoHOgQSUoy8=
10,38,5AJzb+s9eW25HdwWi3w5Jz7W9yA=,xCIgfLOxJFILByjBPm7y2IAhhfk=
11,38,5AJzb+s9eW25HdwWi3w5Jz7W9yA=,27ZRuG7hD9rT7xYAA7PZj7yCGew=
12,38,5AJzb+s9eW25HdwWi3w5Jz7W9yA=,R0zANx1RB2ygklYJzNh2rGbhXxo=
13,38,5AJzb+s9eW25HdwWi3w5Jz7W9yA=,jDlYDsqm2fT0N4BeikljTaIOHq8=
0,39,DbMBlk3zZjlBqnCsCCBtwJzlzoU=,FVbpgp2NabjHukqsKsQfU4k3blQ=
1,39,DbMBlk3zZjlBqnCsCCBtwJzlzoU=,eYjM36Nwp1aJ7WGFhWqB5CHRA8s=
2,39,DbMBlk3zZjlBqnCsCCBtwJzlzoU=,GAqSiVII2Lk3mT5NXY055o2OXqg=
3,39,DbMBlk3zZjlBqnCsCCBtwJzlzoU=,g1GdfZIs4svgnfnPGN5GsXrEn00=
4,39,DbMBlk3zZjlBqnCsCCBtwJzlzoU=,akHdGbXcf8PXhXqmXEeSop5u2OE=
5,39,DbMBlk3zZjlBqnCsCCBtwJzlzoU=,APpufW85kzZbzwaocB13085Wstw=
6,39,DbMBlk3zZjlBqnCsCCBtwJzlzoU=,B910YRYFkFpYPZmlYHS9z+RAvOQ=
7,39,DbMBlk3zZjlBqnCsCCBtwJzlzoU=,MDwPLclNglH2Z5hfofIiKudt/94=
8,39,vLCXbS7jM/MkCEYArJgWRN108Bo=,YBWDkN9kvMAqMfFMA7TvdvgVOIE=
9,39,vLCXbS7jM/MkCEYArJgWRN108Bo=,xiv+6tZtYnkE6gdB+jUYi3l3r9E=
10,39,vLCXbS7jM/MkCEYArJgWRN108Bo=,xiv+6tZtYnkE6gdB+jUYi3l3r9E=
11,39,vLCXbS7jM/MkCEYArJgWRN108Bo=,PXSkddywBpzUnlB+FCMYLjhWkIA=
12,39,vLCXbS7jM/MkCEYArJgWRN108Bo=,rbCtkk00vtt2hRAiiXvUq8jdphY=
13,39,vLCXbS7jM/MkCEYArJgWRN108Bo=,GDP0CzbxDpaXYTouNoWiqoZsQAE=
0,40,vLCXbS7jM/MkCEYArJgWRN108Bo=,4OPEneD0jBhQsS6LDls4LwYFCwA=
1,40,3UAc8cMzV77XgpLZsAlfiG6bc9I=,5217n5/dnU5MSfAFEXxqThkpJ6o=
2,40,3UAc8cMzV77XgpLZsAlfiG6bc9I=,Lq8C723QWymVryq0y1c+KZFFs0E=
3,40,3UAc8cMzV77XgpLZsAlfiG6bc9I=,rXpFJOvi63EZulX3G1d2/bazygs=
4,40,3UAc8cMzV77XgpLZsAlfiG6bc9I=,kPaSU08nO1CIdeMJ2z3884jtlWc=
5,40,3UAc8cMzV77XgpLZsAlfiG6bc9I=,Gj96E9yePgj0Uwn92TMfWT7twIY=
6,40,3UAc8cMzV77XgpLZsAlfiG6bc9I=,CNTpYlYTRcDk/jJBL4JWnUL9QeY=
7,40,3UAc8cMzV77XgpLZsAlfiG6bc9I=,tkASq06OeWTueLjMaLcnwyf8aHk=
8,40,3UAc8cMzV77XgpLZsAlfiG6bc9I=,LsdaBj8kJBVeGgbzuM7IfYi3GDQ=
9,40,3UAc8cMzV77XgpLZsAlfiG6bc9I=,+miCMTmg8UcsLhlDBQkMu5iD1F4=
10,40,3UAc8cMzV77XgpLZsAlfiG6bc9I=,nSHfH5G3d6ymE11vXrkINHNT/y4=
11,40,3UAc8cMzV77XgpLZsAlfiG6bc9I=,zsRwsMWI2cekB9T7gfHt//4Mk5U=
12,40,3UAc8cMzV77XgpLZsAlfiG6bc9I=,TaBo7c9/yCPZMG4+9ijBs7B/g9M=
0,41,BWFVmlxN1j0PxU332ImPCQz1QTs=,Nu0e3FfRYkT7MdEKtrjxkKT6fns=
1,41,BWFVmlxN1j0PxU332ImPCQz1QTs=,v2AGXdkB1my2bMGfhY9nj/nFmD8=
2,41,BWFVmlxN1j0PxU332ImPCQz1QTs=,olVJPZrzT1aG76XxufiVs6ASIDM=
3,41,BWFVmlxN1j0PxU332ImPCQz1QTs=,uWOt6pk7Nd9OQuCQcOT7egs/kzU=
4,41,BWFVmlxN1j0PxU332ImPCQz1QTs=,xWW8rI6UxzJSGQGMVT3ZAMH3ijQ=
5,41,BWFVmlxN1j0PxU332ImPCQz1QTs=,7CE0nGMauCeawglJWNydqC4KpPI=
6,41,BWFVmlxN1j0PxU332ImPCQz1QTs=,GjesxW+fqAFxD0hLYMV4t9rAMfU=
7,41,BWFVmlxN1j0PxU332ImPCQz1QTs=,PHCXfryksGnf07/Teeg2tw1qkgA=
8,41,BWFVmlxN1j0PxU332ImPCQz1QTs=,sWeCf8BWt3vGhS2w5Hj8ZVZnEDI=
10,41,BWFVmlxN1j0PxU332ImPCQz1QTs=,Q1N4XB+ZKtouDwjHcN4yu17+HHc=
11,41,BWFVmlxN1j0PxU332ImPCQz1QTs=,vp2i/7BXz/uVNOs0xihDW36UeD4=
12,41,BWFVmlxN1j0PxU332ImPCQz1QTs=,OjJMgopL5ixrwSVbKMnqpX8YMEg=
0,42,reeQCTykWagLd7IAfgtAcC0ufsU=,v2AGXdkB1my2bMGfhY9nj/nFmD8=
1,42,reeQCTykWagLd7IAfgtAcC0ufsU=,olVJPZrzT1aG76XxufiVs6ASIDM=
2,42,reeQCTykWagLd7IAfgtAcC0ufsU=,6nVXHXb0njbUwSVYUjtBSLRtexY=
3,42,reeQCTykWagLd7IAfgtAcC0ufsU=,gL6dCrggVltr/z90EOjXcPN1Q5Y=
4,42,reeQCTykWagLd7IAfgtAcC0ufsU=,dT7n1MnPs0Hcc3sQ2lgdUEEe+l0=
5,42,reeQCTykWagLd7IAfgtAcC0ufsU=,RU+8sVLqueEccp/q8lsrOEmeaUY=
6,42,reeQCTykWagLd7IAfgtAcC0ufsU=,PHCXfryksGnf07/Teeg2tw1qkgA=
7,42,reeQCTykWagLd7IAfgtAcC0ufsU=,Oy8kSzuUbFqQDNtl33YuSvqjaUQ=
8,42,reeQCTykWagLd7IAfgtAcC0ufsU=,TPz42iF+/MoC3PHj6GuagBwrPy0=
9,42,reeQCTykWagLd7IAfgtAcC0ufsU=,wZnv36A4r/4hWZSaNtZ0xdNb3n4=
10,42,reeQCTykWagLd7IAfgtAcC0ufsU=,lJR52QzsNTrebOBkuMTqnfAfPhg=
11,42,reeQCTykWagLd7IAfgtAcC0ufsU=,2NWpL9zllxKOJ6XuTpiC2PKqbbs=
12,42,reeQCTykWagLd7IAfgtAcC0ufsU=,tN88kDGp1UaUsetloW6sEgWbQPk=
0,43,IJ26OcUfO/MvHpsBnQuo6ohQ8eE=,T0SPnWzY+4K1ijA8PBQL79GX7Ss=
1,43,IJ26OcUfO/MvHpsBnQuo6ohQ8eE=,2Wv+C7uOiKeacdXghtnLfV84esY=
2,43,IJ26OcUfO/MvHpsBnQuo6ohQ8eE=,1tlxVeC5EF59qCXQFz0ymHLKcFA=
3,43,IJ26OcUfO/MvHpsBnQuo6ohQ8eE=,Kzx0Jbtndx/sHvYRO7jyaZOqM6s=
4,43,IJ26OcUfO/MvHpsBnQuo6ohQ8eE=,zj+5nslfRKhFXE6wZAEnt0UZmjA=
5,43,IJ26OcUfO/MvHpsBnQuo6ohQ8eE=,WQC0TNN3ssrtM8uuEFGHLaBIE1A=
6,43,IJ26OcUfO/MvHpsBnQuo6ohQ8eE=,w3vIsbDTMZYwQfL/P84E1aSCbAY=
7,43,IJ26OcUfO/MvHpsBnQuo6ohQ8eE=,uRtxjPnfP5/S2Zpkqtg41jV+eKI=
8,43,iGzOG9Bt1MnUK8bofIbm3XAnQrg=,936BrMb0PQjjbHr2OBr32dH1Bxg=
9,43,iGzOG9Bt1MnUK8bofIbm3XAnQrg=,5fg7O+2QYSbylqdYAnmRlrPMkwc=
10,43,iGzOG9Bt1MnUK8bofIbm3XAnQrg=,H1+Fb5dKXUMbzGsUSjp7t8vZxFA=
11,43,iGzOG9Bt1MnUK8bofIbm3XAnQrg=,sw5uYdo8wZzNpc/lYQZNOItX0j0=
12,43,iGzOG9Bt1MnUK8bofIbm3XAnQrg=,cSVL1OM9CGh47ZS0VBHy0xz9fYo=
14,43,iGzOG9Bt1MnUK8bofIbm3XAnQrg=,+DzPA3v2FQxqwSrVAB5BQU0xycU=
15,43,iGzOG9Bt1MnUK8bofIbm3XAnQrg=,1ghOvIJhDVVIqmEhANIH7qDyjzg=
0,44,iGzOG9Bt1MnUK8bofIbm3XAnQrg=,CAlvSisbzdAcGHfX5k67BESUrKQ=
1,44,iGzOG9Bt1MnUK8bofIbm3XAnQrg=,wP1foMRb30FUuri7mi3i08a+bZQ=
2,44,SuStXSnTRu9HdgRPowLsHxnp928=,icQnDoETbnaw1iecI9zGkpnSAOA=
3,44,SuStXSnTRu9HdgRPowLsHxnp928=,/OIM1dwy4hTjkUcWnIOkpkcniiw=
4,44,SuStXSnTRu9HdgRPowLsHxnp928=,M3nabrTV543X6m/OGUdzdCeRmGU=
5,44,SuStXSnTRu9HdgRPowLsHxnp928=,snISUyqCNDQgx/N7YLMPirUqm4o=
6,44,SuStXSnTRu9HdgRPowLsHxnp928=,l/4uYypeGMkxBFyRHBX1iGdb8VA=
7,44,SuStXSnTRu9HdgRPowLsHxnp928=,FugtJ9dafmeBcoZzhuhjIHSP6zI=
8,44,SuStXSnTRu9HdgRPowLsHxnp928=,UBOueKdotGbcf18N+S68DPsMnMA=
9,44,SuStXSnTRu9HdgRPowLsHxnp928=,/OPT4rlY7uRQjxVsCIBiNSLU8g8=
10,44,SuStXSnTRu9HdgRPowLsHxnp928=,YiAvf0xrpS7Y7xmLAaOvLIsfapk=
11,44,SuStXSnTRu9HdgRPowLsHxnp928=,XjctsTiEPLwSU+uY4lxs5OnvxUo=
12,44,SuStXSnTRu9HdgRPowLsHxnp928=,8K0CBPvXSY4mFgcPeIPo0TWkubY=
13,44,SuStXSnTRu9HdgRPowLsHxnp928=,CGQzCua1FESIShRARDlGG3yrCX4=
14,44,SuStXSnTRu9HdgRPowLsHxnp928=,09b06dYTLujLPeoxxD6xhbiaaP4=
15,44,SuStXSnTRu9HdgRPowLsHxnp928=,cSVL1OM9CGh47ZS0VBHy0xz9fYo=
16,44,SuStXSnTRu9HdgRPowLsHxnp928=,vPUx3aCjKpII6U5WV4Tvc+ZpzzA=
0,45,ofrD9QqMe1OCq0g5s3wL3qyYMlM=,SKkN48Mh5SwKyxmZdgUPWYrRzYw=
1,45,ofrD9QqMe1OCq0g5s3wL3qyYMlM=,NX5JGyGT/T2HTU2pUHMsLJnPr7Y=
2,45,ofrD9QqMe1OCq0g5s3wL3qyYMlM=,LDk4YZT3wG9/rMRATdgk7eK4grk=
3,45,ofrD9QqMe1OCq0g5s3wL3qyYMlM=,eQeqRZUJ1tK/xZcWCf5Rcvxd3Sg=
4,45,ofrD9QqMe1OCq0g5s3wL3qyYMlM=,cQGB+nEN8k5Alj79oSnX5/7ctxo=
5,45,ofrD9QqMe1OCq0g5s3wL3qyYMlM=,RkDMATRmF3CI93CydnjItOJAi/Y=
6,45,ofrD9QqMe1OCq0g5s3wL3qyYMlM=,4TGa0SI/iWqRWylOr1CoqmG/Yew=
7,45,ofrD9QqMe1OCq0g5s3wL3qyYMlM=,Joyenb2VODeXbkNKIB1c8lT5GoE=
8,45,ofrD9QqMe1OCq0g5s3wL3qyYMlM=,F3dU50TDKYbr6tyn/ls2nOIAHsM=
9,45,zJAPka//16DGmvC2KGNJbPRF1+U=,JLkmAoNmCbLi5eWfnNEAcrygjiE=
10,45,zJAPka//16DGmvC2KGNJbPRF1+U=,1HlTWmI5mf3XjHFwvBN3dJoi9iM=
11,45,zJAPka//16DGmvC2KGNJbPRF1+U=,xakqW/+Rt82PLxFLKUac5+uW/qw=
12,45,zJAPka//16DGmvC2KGNJbPRF1+U=,HbsR0xn3Qv74MKgaTLtnLeNptRc=
13,45,zJAPka//16DGmvC2KGNJbPRF1+U=,Hr5nEDcAIeR2JpaXrJtP6CVXHWU=
14,45,zJAPka//16DGmvC2KGNJbPRF1+U=,09b06dYTLujLPeoxxD6xhbiaaP4=
15,45,zJAPka//16DGmvC2KGNJbPRF1+U=,DT17miN7Xxo0EYZ3JrusX/WjWlU=
16,45,zJAPka//16DGmvC2KGNJbPRF1+U=,vPUx3aCjKpII6U5WV4Tvc+ZpzzA=
1,46,W4f3yhL/h+d/s99fsms5rIw44Uw=,sptOtPgIYjIiruouGiytQnZjQ/w=
2,46,W4f3yhL/h+d/s99fsms5rIw44Uw=,F44r0QSWm4AJZRy/Znx0gl9Aea4=
3,46,W4f3yhL/h+d/s99fsms5rIw44Uw=,n2TA0Rug1fWcXN5hQXgI9UDbwiA=
4,46,W4f3yhL/h+d/s99fsms5rIw44Uw=,+2H+zL+7lZJHUR9gwBtP2Pnx7W8=
5,46,W4f3yhL/h+d/s99fsms5rIw44Uw=,Lm/7oeE0VAv26Gth6upu5lAjEoM=
6,46,W4f3yhL/h+d/s99fsms5rIw44Uw=,qOtFDc6XUexu4q01hkDZMVovQz8=
7,46,W4f3yhL/h+d/s99fsms5rIw44Uw=,SATs2+NZ0EH6Sx7j515qkwj5ZEg=
8,46,W4f3yhL/h+d/s99fsms5rIw44Uw=,YBs8g2zUtDhXEoIUMIJmdlyq/kI=
9,46,W4f3yhL/h+d/s99fsms5rIw44Uw=,vqW0jrMBT1iwfLYdZ+ThKpdITZA=
10,46,W4f3yhL/h+d/s99fsms5rIw44Uw=,B9uzsi1Mbsw0TXxSqkZODUAqjNc=
11,46,W4f3yhL/h+d/s99fsms5rIw44Uw=,jsGOg2Q0N7is45GdQRL8Ynn03H8=
12,46,W4f3yhL/h+d/s99fsms5rIw44Uw=,v+UZc+PbWYGC6RVWzrvK8EkT24U=
13,46,W4f3yhL/h+d/s99fsms5rIw44Uw=,PpiycFqi3K33chuJzuqxZeJcNcc=
14,46,W4f3yhL/h+d/s99fsms5rIw44Uw=,sIYRsa73eUuSNpdZ+Z9LWCBuHaw=
0,47,qdG5+Y9sJw7nf1hmnxPqWkYmV6A=,W2CfKxYI3aTQzBaWMXG+/iiMAG0=
3,47,qdG5+Y9sJw7nf1hmnxPqWkYmV6A=,EjMD1D6V3od+9uQoCORSLEi1Q78=
4,47,qdG5+Y9sJw7nf1hmnxPqWkYmV6A=,byXXC+R/CMr+6cmh8vcelDik2Xk=
5,47,qdG5+Y9sJw7nf1hmnxPqWkYmV6A=,RLWEXyyNd1/GJOQVjpxDFaqd/oc=
6,47,qdG5+Y9sJw7nf1hmnxPqWkYmV6A=,RLWEXyyNd1/GJOQVjpxDFaqd/oc=
7,47,0d1IrkSre13lJICfw1i6Kpq1dII=,GYP8SeyxGYzHRjnSx3BRsb8aV4o=
8,47,0d1IrkSre13lJICfw1i6Kpq1dII=,JliXgCkLIW4x0waBifftrwaPZnU=
9,47,0d1IrkSre13lJICfw1i6Kpq1dII=,74f6PjolZ6/hCP2j4q/DJh/dKlU=
10,47,0d1IrkSre13lJICfw1i6Kpq1dII=,MzWnpLVkZavMqfQBjVXlQg0rr0Q=
11,47,0d1IrkSre13lJICfw1i6Kpq1dII=,gYaNxCjqnsD99VluRKnMT9pF+Xc=
0,48,0d1IrkSre13lJICfw1i6Kpq1dII=,DxlW02d5mEqOFL9qjwOCTiDXAuA=
2,48,0d1IrkSre13lJICfw1i6Kpq1dII=,YyysIIbIZlwA/Max5sSRuwHt4a4=
3,48,0d1IrkSre13lJICfw1i6Kpq1dII=,/lsIZxKg9DDuohNNcIFHhXRJkus=
4,48,0d1IrkSre13lJICfw1i6Kpq1dII=,TNCFxkpH8NiVJUNhU4onokmnkWA=
5,48,0d1IrkSre13lJICfw1i6Kpq1dII=,XvvwXqloU7H/EDSZf4adVMOMdwE=
6,48,qmBXiDsBcchqPLs1jY0AjSj/EKY=,XiwoXqccdN6XZniC/Ge7VG3r3a8=
7,48,qmBXiDsBcchqPLs1jY0AjSj/EKY=,3DDMkq1+WaAoKw0j6jFykYs8xSk=
8,48,qmBXiDsBcchqPLs1jY0AjSj/EKY=,6P0ewv0m7hWnGznxjB75e3o3CN4=
9,48,qmBXiDsBcchqPLs1jY0AjSj/EKY=,P+QFU3ZORS2Qi61qCQZgc8JJg1g=
10,48,qmBXiDsBcchqPLs1jY0AjSj/EKY=,AnVKordaHIkZvIFQIU/q/KfeeeE=
11,48,qmBXiDsBcchqPLs1jY0AjSj/EKY=,6Ko6BvEifb/P2crDowLYrQOahYM=
12,48,qmBXiDsBcchqPLs1jY0AjSj/EKY=,996093xqIVY5d7EhMWeKw92eB0w=
0,49,qmBXiDsBcchqPLs1jY0AjSj/EKY=,ZIEunE+z5aKsDIEoe+LP844OlLA=
1,49,qmBXiDsBcchqPLs1jY0AjSj/EKY=,uj5a2MYd4GHEqOmXTDJI6UBbzgM=
2,49,qmBXiDsBcchqPLs1jY0AjSj/EKY=,PjJWQkxlx1oPjUhgaCOy8Mw8zRo=
3,49,qmBXiDsBcchqPLs1jY0AjSj/EKY=,XaPJUTv9CMYUinKzlfzJvxPgRKg=
4,49,o0ttCNdwGvLGCVgbCWbWojZuQxI=,0mXmNqtSt1IMFokbc6aehhYCMOc=
5,49,o0ttCNdwGvLGCVgbCWbWojZuQxI=,agRKeOcGnx42TjJI9BXFzV7W5PY=
6,49,o0ttCNdwGvLGCVgbCWbWojZuQxI=,bI5g/elHXqCm5yyTLuW0GZIHE70=
7,49,o0ttCNdwGvLGCVgbCWbWojZuQxI=,UqK2FjR9eCZCgUfHO8aAnpPQD20=
8,49,o0ttCNdwGvLGCVgbCWbWojZuQxI=,cn2uR7DEEVJH1epGFBtY/3gvPDU=
9,49,o0ttCNdwGvLGCVgbCWbWojZuQxI=,Hlb+udptnhUh0KomiupNQLFDbeo=
10,49,o0ttCNdwGvLGCVgbCWbWojZuQxI=,eeTvkzydmI7Rk0cX9OAvaTMRYoI=
11,49,o0ttCNdwGvLGCVgbCWbWojZuQxI=,GZA4iMGLq6lWH6sQLVf2e+fbXGk=
12,49,o0ttCNdwGvLGCVgbCWbWojZuQxI=,996093xqIVY5d7EhMWeKw92eB0w=
0,50,qZ9VY+ZPs6AAS0xkmSTNEbwp07I=,174aZkwSpMochgKYCwrJvADrl3k=
1,50,qZ9VY+ZPs6AAS0xkmSTNEbwp07I=,3613LizY0iHfIwvTm57hje0sFyU=
2,50,qZ9VY+ZPs6AAS0xkmSTNEbwp07I=,7USBCh7jhDzDgAWA/yU/WQTSofM=
3,50,qZ9VY+ZPs6AAS0xkmSTNEbwp07I=,9TLK1m4GQwjSQDFdV3zi5tKFwqc=
4,50,qZ9VY+ZPs6AAS0xkmSTNEbwp07I=,M7shwnpGokIdRyIYOR1qJQAHMUE=
5,50,qZ9VY+ZPs6AAS0xkmSTNEbwp07I=,24zzBnJdhk0GJG5agOSy1w0G3io=
6,50,qZ9VY+ZPs6AAS0xkmSTNEbwp07I=,ZZJpNOdwNh61KtQUbffAeJJembg=
7,50,qZ9VY+ZPs6AAS0xkmSTNEbwp07I=,zFH/2JU94mHeqcgXAmXOMcDvi64=
8,50,qZ9VY+ZPs6AAS0xkmSTNEbwp07I=,7z7ZeHv2aoXRSO9+ogSMJ27WRLQ=
9,50,qZ9VY+ZPs6AAS0xkmSTNEbwp07I=,bDMuteVMDp5fq6UJ5VY6OaVzcQE=
10,50,qZ9VY+ZPs6AAS0xkmSTNEbwp07I=,dtqiIbhHlmxOqZbYz0mpGAtYjd4=
11,50,qZ9VY+ZPs6AAS0xkmSTNEbwp07I=,GZA4iMGLq6lWH6sQLVf2e+fbXGk=
12,50,qZ9VY+ZPs6AAS0xkmSTNEbwp07I=,fn3Q4O8EY4s9aPrnJPfN1tEYfls=
13,50,qZ9VY+ZPs6AAS0xkmSTNEbwp07I=,ETbPAJvBSRONcrjMPl1XAvP6u6w=
14,50,qZ9VY+ZPs6AAS0xkmSTNEbwp07I=,l5qQEswPlbEYorOGq7/LyDrVo68=
0,51,MfLOXmEvjL1sFIUApENsc9lrFZA=,DxlW02d5mEqOFL9qjwOCTiDXAuA=
1,51,MfLOXmEvjL1sFIUApENsc9lrFZA=,qyTk74+8k48be3lAY0L8foTtT2Q=
2,51,MfLOXmEvjL1sFIUApENsc9lrFZA=,EHdC/9eYxep9K2CHLHZP6X2rTqs=
3,51,MfLOXmEvjL1sFIUApENsc9lrFZA=,UdUvsBH+e523B8YyQfaDhu6NlwE=
4,51,MfLOXmEvjL1sFIUApENsc9lrFZA=,TuwK3nVERJQWUlq3QftTLQYUSpw=
5,51,MfLOXmEvjL1sFIUApENsc9lrFZA=,MpWMd0vh60vjsBI2N3ZdgkRWKtU=
6,51,MfLOXmEvjL1sFIUApENsc9lrFZA=,1daLhBNfljflZ9kuJiMI4skiZ1k=
7,51,MfLOXmEvjL1sFIUApENsc9lrFZA=,85WEUau68FMabdUDSMumScem3fs=
8,51,MfLOXmEvjL1sFIUApENsc9lrFZA=,crLacVq2hqWn0m8XdSXTPTZn15M=
9,51,MfLOXmEvjL1sFIUApENsc9lrFZA=,17ALeRKIgPEtqNdguK/XWbHVn4M=
10,51,MfLOXmEvjL1sFIUApENsc9lrFZA=,H+pz0s+XCXppZfsJHkgERJq5iLw=
11,51,DrqP81kolpQDokBIMwIVCExZx0g=,lvm3h/XLLbvY2QveYiynjtcuYWA=
12,51,DrqP81kolpQDokBIMwIVCExZx0g=,H+0boP28T0ZhknZ7tfRKZxPoxX8=
13,51,DrqP81kolpQDokBIMwIVCExZx0g=,NI1rke4YwtaQ0yD6jStiX6Q4b+o=
14,51,DrqP81kolpQDokBIMwIVCExZx0g=,N7XVc2Og3kOFGsXLamgcUXDOBtU=
0,52,DrqP81kolpQDokBIMwIVCExZx0g=,ag4/sTPhpjt+gh1H8sG/Z6FD6iE=
1,52,DrqP81kolpQDokBIMwIVCExZx0g=,Z4pzCHhCZ2B1SGNDV0gVAcIXzwU=
2,52,DrqP81kolpQDokBIMwIVCExZx0g=,5LWpSwUSxlSUKtLoO/9iObmH0xA=
3,52,DrqP81kolpQDokBIMwIVCExZx0g=,8NiXNiPULHPQ5joKTQQJWUuGaHM=
4,52,DrqP81kolpQDokBIMwIVCExZx0g=,J4aH08otHo6Vsbj+wF+U0/2dnPI=
5,52,DrqP81kolpQDokBIMwIVCExZx0g=,u9rVEhCCe+NfS0O0WWjvXyUIJzE=
6,52,DrqP81kolpQDokBIMwIVCExZx0g=,rCzoQPcKtX9/bHlfa/z2bmw0SJ4=
7,52,DrqP81kolpQDokBIMwIVCExZx0g=,W1ClThgAXyZV34vwplgLaEyn9iA=
8,52,R5bhVZnU0Q1ruserk6CfCMsDbbs=,JX/YVI43RXKk9L/HCBroU0+v6Oc=
9,52,R5bhVZnU0Q1ruserk6CfCMsDbbs=,bBhLKt1PQu4y28a9T08rE6W6CT0=
10,52,R5bhVZnU0Q1ruserk6CfCMsDbbs=,VVQ90Ifv3KiqOmgm/rZImINfOis=
11,52,R5bhVZnU0Q1ruserk6CfCMsDbbs=,jo4//efRgKtTfSD9V+Y2m6Co0fk=
12,52,R5bhVZnU0Q1ruserk6CfCMsDbbs=,49A/CPz35PhH5APfqVgK7hUruKM=
13,52,R5bhVZnU0Q1ruserk6CfCMsDbbs=,jPccclGZn070fmzyLVBJu8XGLcs=
14,52,R5bhVZnU0Q1ruserk6CfCMsDbbs=,q3Ieq+n8cLWmcuHfjKO7A+8wIMI=
0,53,R5bhVZnU0Q1ruserk6CfCMsDbbs=,WR7d2KqxFT6UPReeVdVV8mB0724=
1,53,R5bhVZnU0Q1ruserk6CfCMsDbbs=,2sZDf8SWj3fu2ZufIHS9AZdkzGs=
2,53,R5bhVZnU0Q1ruserk6CfCMsDbbs=,zmIvR8M7q7eotsX9aeg8pwNm6dY=
3,53,R5bhVZnU0Q1ruserk6CfCMsDbbs=,GeYvgLw1Go7eJQFOUxfQHLDYpE0=
4,53,R5bhVZnU0Q1ruserk6CfCMsDbbs=,GH+Stjbq2pANCSKOg63DdiPp1KQ=
5,53,R5bhVZnU0Q1ruserk6CfCMsDbbs=,1sjgybZKrHbZZZ/9TjgjZuKxz8I=
6,53,77TE0+eMXX+51llAzVR2F2RPh98=,P4uESpw3huJRP7ONqNss/JoJJu8=
7,53,77TE0+eMXX+51llAzVR2F2RPh98=,HUaf3MPJcRTh5LDy0gHbdHLJrpM=
8,53,77TE0+eMXX+51llAzVR2F2RPh98=,JX/YVI43RXKk9L/HCBroU0+v6Oc=
9,53,77TE0+eMXX+51llAzVR2F2RPh98=,bMWDqmb9cXjHvvA5UvWPXP+Mijo=
10,53,77TE0+eMXX+51llAzVR2F2RPh98=,lwjTooONOjRy37NrcBItn6u8gto=
11,53,77TE0+eMXX+51llAzVR2F2RPh98=,m5TOq+dkkn5MryF5rPjyXyhL9h4=
12,53,77TE0+eMXX+51llAzVR2F2RPh98=,MK2y2hNrgLJxKtwLrDuIS64yb6s=
13,53,77TE0+eMXX+51llAzVR2F2RPh98=,g+OnHOaL/G+ov+Ccpz7088/BKro=
14,53,77TE0+eMXX+51llAzVR2F2RPh98=,H3BW/u7SsAqXN02vAek1NJVK5vw=
0,54,77TE0+eMXX+51llAzVR2F2RPh98=,Ef3dHy1N79LVz1ZfDEzqhSWTMKQ=
1,54,Agmlk2Kk/YphCpZ4Syr90Ns6D7g=,qtt9QRy1EiFWPLuYQVGHK2nnEbc=
2,54,Agmlk2Kk/YphCpZ4Syr90Ns6D7g=,9T6GjEgWT0xwTFc/YDBbVtvPf1E=
3,54,Agmlk2Kk/YphCpZ4Syr90Ns6D7g=,2TKB52MMf69Q/ZotbU9kWLsmnT8=
4,54,Agmlk2Kk/YphCpZ4Syr90Ns6D7g=,fWjDXVS/M8//EMbH1PkovpQ+KeI=
5,54,Agmlk2Kk/YphCpZ4Syr90Ns6D7g=,ll9l2m5lEwB7csfI7pq1/Qlii9o=
6,54,Agmlk2Kk/YphCpZ4Syr90Ns6D7g=,buU9Nv0+8iRN6BWaojQ5dc41m+U=
7,54,Agmlk2Kk/YphCpZ4Syr90Ns6D7g=,Wnc0U4HrvjjWznpkjsntq8m18jY=
8,54,Agmlk2Kk/YphCpZ4Syr90Ns6D7g=,ezhDAmjVX8V2EnuHNBmtBHneKvE=
9,54,Agmlk2Kk/YphCpZ4Syr90Ns6D7g=,4JYSyVoosYmX65mkHAqDBZqUE+g=
10,54,Agmlk2Kk/YphCpZ4Syr90Ns6D7g=,Vac0E7ylHAcoWPaCroR71UsS8dE=
11,54,Agmlk2Kk/YphCpZ4Syr90Ns6D7g=,S1rhmRU+4smqViKCfP0DglEaAOo=
12,54,Agmlk2Kk/YphCpZ4Syr90Ns6D7g=,MK2y2hNrgLJxKtwLrDuIS64yb6s=
13,54,Agmlk2Kk/YphCpZ4Syr90Ns6D7g=,MK2y2hNrgLJxKtwLrDuIS64yb6s=
14,54,Agmlk2Kk/YphCpZ4Syr90Ns6D7g=,TBQgA+lS86oyAwZycDlHkXM+k8M=
0,55,Na4g4IPVpBHodpXe+NkzpNrmoKc=,tXL4dZ2Ww6u8il1e0LYT+UDfqf0=
1,55,Na4g4IPVpBHodpXe+NkzpNrmoKc=,nEIROYAYU2G2V8NHUWOrvlzbdvA=
2,55,Na4g4IPVpBHodpXe+NkzpNrmoKc=,r6EP6vGF5nJJ7K40l//RXmq4oyY=
3,55,Na4g4IPVpBHodpXe+NkzpNrmoKc=,7hYT3lkCC27C8DqIzDwcoKbc8h8=
4,55,Na4g4IPVpBHodpXe+NkzpNrmoKc=,Y8HuuP7ytqSil5eOZxQwAIqLdlg=
5,55,Na4g4IPVpBHodpXe+NkzpNrmoKc=,TOvVZ5rZJrb9vuX1Mxmizy71940=
6,55,Na4g4IPVpBHodpXe+NkzpNrmoKc=,IkI6EXXvvsDuaIx+lMjcZNMdlsI=
7,55,Na4g4IPVpBHodpXe+NkzpNrmoKc=,zglt62Xqaz0nZ9Fc8AT21RYG6TM=
8,55,Na4g4IPVpBHodpXe+NkzpNrmoKc=,INoDw2/jX03hwSiJMt7RyC9Uvsw=
9,55,Na4g4IPVpBHodpXe+NkzpNrmoKc=,pgLeydfeFcl4GFPRtABNqcH1t+o=
10,55,Na4g4IPVpBHodpXe+NkzpNrmoKc=,Yy9hxGdaggJzWSxIFbhgU7R79lU=
11,55,Na4g4IPVpBHodpXe+NkzpNrmoKc=,dL2ZO8CH29tyCwvBm2kUabDb1UY=
12,55,Na4g4IPVpBHodpXe+NkzpNrmoKc=,MK2y2hNrgLJxKtwLrDuIS64yb6s=
13,55,Na4g4IPVpBHodpXe+NkzpNrmoKc=,sYh+rtfZvmiPQFTsB7UMZfRD/5I=
0,56,vFUJxr9Q0L3+yFs/WH+UYfHEhiE=,3Z0+uIGQqM5nXTEjuC16mNf814U=
1,56,vFUJxr9Q0L3+yFs/WH+UYfHEhiE=,mkgyJX8sTOSLzb6k0W8hACYe5No=
2,56,vFUJxr9Q0L3+yFs/WH+UYfHEhiE=,mkgyJX8sTOSLzb6k0W8hACYe5No=
3,56,vFUJxr9Q0L3+yFs/WH+UYfHEhiE=,AHthLzCG7mi/lHWBOlUDhd9ma6k=
4,56,vFUJxr9Q0L3+yFs/WH+UYfHEhiE=,OR30Lf8RlrHHpNJhgIq8YbhuRNg=
5,56,vFUJxr9Q0L3+yFs/WH+UYfHEhiE=,iubJztT6TBzUtddW4tRTwEFH/2A=
6,56,vFUJxr9Q0L3+yFs/WH+UYfHEhiE=,JJw/xNyfhXbmnOoCLkGJ7+WiPdk=
7,56,vFUJxr9Q0L3+yFs/WH+UYfHEhiE=,Mzmd6KyzbMm0WGE7iK0mBY3mz60=
8,56,vFUJxr9Q0L3+yFs/WH+UYfHEhiE=,jZLuIesw5fZHtUfNz0RQSGW5VCs=
10,56,vFUJxr9Q0L3+yFs/WH+UYfHEhiE=,dGaFPxHaNOLiaaDgSKLTgCH0Sdw=
11,56,vFUJxr9Q0L3+yFs/WH+UYfHEhiE=,wRZekZtZSvu1yIPUCAbukvMhkzk=
12,56,vFUJxr9Q0L3+yFs/WH+UYfHEhiE=,fpFEzjlTSAAgqLIRDxwPHSSY9i8=
13,56,uocDsS4hlfUIXbeRbciOqx27Yl0=,yp7h9VXau6AwyFZaztD2H7+y/y4=
0,57,uocDsS4hlfUIXbeRbciOqx27Yl0=,Ze0bivosNaJoZ0FlclIpG+H2A90=
1,57,uocDsS4hlfUIXbeRbciOqx27Yl0=,TfrtUNxuR2LRLb0H4Wd902KZOMk=
2,57,uocDsS4hlfUIXbeRbciOqx27Yl0=,DSv0EOYfCAzD1js0rVEu1dudz8w=
3,57,uocDsS4hlfUIXbeRbciOqx27Yl0=,OZPE40fm694QXZM4ZmpIV1YSLZw=
4,57,uocDsS4hlfUIXbeRbciOqx27Yl0=,eol7gSm2RHoDWnpo707a/DFei0I=
5,57,uocDsS4hlfUIXbeRbciOqx27Yl0=,3UPdduY0jpYR6cRLhCKanq/ubjc=
6,57,uocDsS4hlfUIXbeRbciOqx27Yl0=,nBo6dGAh9GH0gIJPQbpzMbYuNxg=
7,57,uocDsS4hlfUIXbeRbciOqx27Yl0=,/wmNB1Sk6an2VtkigwLU6hMeV78=
8,57,uocDsS4hlfUIXbeRbciOqx27Yl0=,pIjRmEbrU6HJGdBE6Gf/v8YUStc=
9,57,uocDsS4hlfUIXbeRbciOqx27Yl0=,7UV5rz2DphbKxSXqJrI4LMmBf/g=
10,57,uocDsS4hlfUIXbeRbciOqx27Yl0=,KK1FoY7SUEXpm9jzRLgH4NrceU4=
11,57,uocDsS4hlfUIXbeRbciOqx27Yl0=,lpU21vBi1ZvWcpxHHE9jVtEFO70=
12,57,uocDsS4hlfUIXbeRbciOqx27Yl0=,zd1swpg/sqJRuh+bUVINE6JdbKA=
0,58,oA/3WCqO9ai4eAgzguJ5PYZ0V7c=,2EztyWKei85Vu66n7SJIpYJ4YdQ=
1,58,oA/3WCqO9ai4eAgzguJ5PYZ0V7c=,NHNGVPq69Arry+t4LnvLcx0V2Ls=
2,58,oA/3WCqO9ai4eAgzguJ5PYZ0V7c=,2c9l3muFOdIqGop/WDgoJtPCla8=
3,58,oA/3WCqO9ai4eAgzguJ5PYZ0V7c=,jZByeOvOYsykhSnGKax3uahsApk=
4,58,oA/3WCqO9ai4eAgzguJ5PYZ0V7c=,ptBNMdj+VBPat92Szx2KS3szX/o=
5,58,oA/3WCqO9ai4eAgzguJ5PYZ0V7c=,AWxkx5OLv5tqFFwt/m9gXzr59Kw=
6,58,oA/3WCqO9ai4eAgzguJ5PYZ0V7c=,DIP5sit4xHEbbPPI6TQK0PHKE+s=
7,58,oA/3WCqO9ai4eAgzguJ5PYZ0V7c=,z45H8cs86tOxwtYXshGoiZWtfGk=
8,58,oA/3WCqO9ai4eAgzguJ5PYZ0V7c=,BRMh3I3M2FHisa/K1lPYIaKSbBA=
9,58,oA/3WCqO9ai4eAgzguJ5PYZ0V7c=,UXR7+k5eoTNi1wERZ8Xe70AyI54=
10,58,oA/3WCqO9ai4eAgzguJ5PYZ0V7c=,Hd7BdhRpYfaWq6MsV69Sr8ZNLQw=
11,58,oA/3WCqO9ai4eAgzguJ5PYZ0V7c=,7o7Um36o7xNn2IKNOU7Mllw77aE=
12,58,oA/3WCqO9ai4eAgzguJ5PYZ0V7c=,ztIjFspK8E2EKnG0YL7dksrqepM=
13,58,oA/3WCqO9ai4eAgzguJ5PYZ0V7c=,ZZRqo1sEUPRaM4QAmthwatW1VCQ=
0,59,oA/3WCqO9ai4eAgzguJ5PYZ0V7c=,2EztyWKei85Vu66n7SJIpYJ4YdQ=
1,59,r22g8NLOk4+kUslVeYtZceTI4Ps=,1NrK75sJib/l7BVttSwLtfJT/+s=
2,59,r22g8NLOk4+kUslVeYtZceTI4Ps=,L7R19+HA5NPJoqKYrXLhOwM+EYQ=
3,59,r22g8NLOk4+kUslVeYtZceTI4Ps=,jZByeOvOYsykhSnGKax3uahsApk=
4,59,r22g8NLOk4+kUslVeYtZceTI4Ps=,lgs6TRjFbbzBq8mF9HdMMyenk84=
5,59,r22g8NLOk4+kUslVeYtZceTI4Ps=,X2bbo4SU9IbvL2XDQ2HxMlod8s8=
6,59,r22g8NLOk4+kUslVeYtZceTI4Ps=,9nhnReq0hdfDvIK4oMi8PpCUYLc=
7,59,r22g8NLOk4+kUslVeYtZceTI4Ps=,2xERsMKShj7+mnLtVzcQ5tL3MN4=
8,59,r22g8NLOk4+kUslVeYtZceTI4Ps=,+fTRFfcgqJduDVa6lUL0lDWTtkM=
9,59,r22g8NLOk4+kUslVeYtZceTI4Ps=,BRMh3I3M2FHisa/K1lPYIaKSbBA=
10,59,r22g8NLOk4+kUslVeYtZceTI4Ps=,wHOPgtmJ5Xz6BHirX7Uoup9+F8Q=
11,59,r22g8NLOk4+kUslVeYtZceTI4Ps=,apeYSWGUzGtYsXyHzRjmY6Bz9PA=
12,59,r22g8NLOk4+kUslVeYtZceTI4Ps=,zV3mj9GW69yPIoTUl07yz09fohQ=
13,59,r22g8NLOk4+kUslVeYtZceTI4Ps=,eGbM8nGHpYHoshTOloJP/+S6EPE=
14,59,r22g8NLOk4+kUslVeYtZceTI4Ps=,/O+IC0pWFTLMp71LRI/ReJzabnQ=
0,60,r22g8NLOk4+kUslVeYtZceTI4Ps=,4POrw+JuOlJKIl7NruriPRlvEoQ=
1,60,r22g8NLOk4+kUslVeYtZceTI4Ps=,2EztyWKei85Vu66n7SJIpYJ4YdQ=
2,60,r22g8NLOk4+kUslVeYtZceTI4Ps=,VkKu0pLezRnCKr/WX3YqCh8263g=
3,60,r22g8NLOk4+kUslVeYtZceTI4Ps=,CNRVPI/xTEt2qqgo4xWk6PW1sh8=
4,60,uTLRX2GVC40/C3RAeK3JaUk7gEI=,wsG/PsjiCoDaAw9Ai3JFRI5ZiPk=
5,60,uTLRX2GVC40/C3RAeK3JaUk7gEI=,skQZCCKkSO7b5Hs23ljEfTnVAWA=
6,60,uTLRX2GVC40/C3RAeK3JaUk7gEI=,x/m9XzOu1bLTrf8aLxqAO/wDMFc=
9,60,uTLRX2GVC40/C3RAeK3JaUk7gEI=,0I1G1wLjTy6rSdqSV2OMCXKnKPM=
10,60,uTLRX2GVC40/C3RAeK3JaUk7gEI=,m0Q6MkPBfxBn2bHGcDKqWVrz3GM=
11,60,uTLRX2GVC40/C3RAeK3JaUk7gEI=,MHLlEji51oEJMR/AksmuDJf0Fx4=
12,60,uTLRX2GVC40/C3RAeK3JaUk7gEI=,Dj0U+QB6gR4+6dwbfLpoQDl0h9I=
13,60,uTLRX2GVC40/C3RAeK3JaUk7gEI=,MgReWb7XQ21emwytHg+QrJzUrLs=
14,60,uTLRX2GVC40/C3RAeK3JaUk7gEI=,oY9oz1evpiAzG78nwCRE6c+zuJA=
0,61,uTLRX2GVC40/C3RAeK3JaUk7gEI=,dLBhI2BHnvZwa43yuC0Um1lnGOM=
1,61,uTLRX2GVC40/C3RAeK3JaUk7gEI=,f9u/V+wRdHMiGBJOS1QOON1vAtE=
2,61,uTLRX2GVC40/C3RAeK3JaUk7gEI=,SYl8sekTYcJcCzqEaLzfyvKKjC4=
3,61,uTLRX2GVC40/C3RAeK3JaUk7gEI=,QQwP9cWMuk5lYygiY1vOeZ9bBbg=
4,61,uTLRX2GVC40/C3RAeK3JaUk7gEI=,jZByeOvOYsykhSnGKax3uahsApk=
5,61,uTLRX2GVC40/C3RAeK3JaUk7gEI=,HaYK4yrg6lWTp2CGxpRNH/e5Ldo=
6,61,uTLRX2GVC40/C3RAeK3JaUk7gEI=,MRqEqIPuJ71glzPyOCTkFwfsjks=
7,61,uTLRX2GVC40/C3RAeK3JaUk7gEI=,HCBDiiAJHQ/gbqenCIlA+CBBg8k=
12,61,uTLRX2GVC40/C3RAeK3JaUk7gEI=,H+DGkrUHH2GxxAlOTrIONPEiwZQ=
13,61,uTLRX2GVC40/C3RAeK3JaUk7gEI=,MgReWb7XQ21emwytHg+QrJzUrLs=
1,62,uTLRX2GVC40/C3RAeK3JaUk7gEI=,jZByeOvOYsykhSnGKax3uahsApk=
2,62,f9/MUy/1HJQAScYD7ZQKrMi75QY=,yhN/NJn9c3ApsMXCidRCOsWfEI0=
3,62,f9/MUy/1HJQAScYD7ZQKrMi75QY=,Zphy5T4gUXBbTw3Hu1bCrR5AK4Y=
4,62,f9/MUy/1HJQAScYD7ZQKrMi75QY=,wzbKPNUfvnx17dt23e78lt0q8NM=
5,62,f9/MUy/1HJQAScYD7ZQKrMi75QY=,tM9IVmtF1LXeYM3e7UWRkrTJRGg=
6,62,f9/MUy/1HJQAScYD7ZQKrMi75QY=,fCRTNQ69y+zmW3roTRAslr+Rcsk=
7,62,f9/MUy/1HJQAScYD7ZQKrMi75QY=,JxF11a3lYvzk5hNW/rQQaP6e9do=
11,62,f9/MUy/1HJQAScYD7ZQKrMi75QY=,2DkGoPTC6l3+MnWbl9MdbYoqQVc=
12,62,f9/MUy/1HJQAScYD7ZQKrMi75QY=,H+DGkrUHH2GxxAlOTrIONPEiwZQ=
13,62,f9/MUy/1HJQAScYD7ZQKrMi75QY=,LHjzp7QeS8lRy8E4FSB1K4w5bZc=
2,63,f9/MUy/1HJQAScYD7ZQKrMi75QY=,jZByeOvOYsykhSnGKax3uahsApk=
3,63,f9/MUy/1HJQAScYD7ZQKrMi75QY=,C+PvsCojyvDzYpDBygvxZ46SGEc=
4,63,f9/MUy/1HJQAScYD7ZQKrMi75QY=,zW+/i9IVs3kka3/KpHQo5D5RXe0=
5,63,f9/MUy/1HJQAScYD7ZQKrMi75QY=,zW+/i9IVs3kka3/KpHQo5D5RXe0=
6,63,f9/MUy/1HJQAScYD7ZQKrMi75QY=,E6RVkCBJWZ3QOBFVMr40S86MLwI=
7,63,f9/MUy/1HJQAScYD7ZQKrMi75QY=,RJNvyXs9NQdgYI1YHVGiGUOdmqs=
11,63,f9/MUy/1HJQAScYD7ZQKrMi75QY=,2DkGoPTC6l3+MnWbl9MdbYoqQVc=
12,63,f9/MUy/1HJQAScYD7ZQKrMi75QY=,H+DGkrUHH2GxxAlOTrIONPEiwZQ=
13,63,f9/MUy/1HJQAScYD7ZQKrMi75QY=,S/CsjjYLlp3GcV0risTqb1Odsmc=
