22,-98,h8lQPakp3/OzmqBcWTg6qCL6o40=,MYx6ICXNJx5nUQWTTs2h+FfV+gE=
21,-99,h8lQPakp3/OzmqBcWTg6qCL6o40=,MYx6ICXNJx5nUQWTTs2h+FfV+gE=
19,-98,UcH5IvriElOnynomg5RyG3Kj4hk=,WufPRAAvx/xOexIX0GpigxI+3Hg=
21,-98,UcH5IvriElOnynomg5RyG3Kj4hk=,MYx6ICXNJx5nUQWTTs2h+FfV+gE=
22,-99,UcH5IvriElOnynomg5RyG3Kj4hk=,MYx6ICXNJx5nUQWTTs2h+FfV+gE=
18,-98,UcH5IvriElOnynomg5RyG3Kj4hk=,WufPRAAvx/xOexIX0GpigxI+3Hg=
19,-99,UcH5IvriElOnynomg5RyG3Kj4hk=,WufPRAAvx/xOexIX0GpigxI+3Hg=
18,-99,UcH5IvriElOnynomg5RyG3Kj4hk=,WufPRAAvx/xOexIX0GpigxI+3Hg=
20,-98,UcH5IvriElOnynomg5RyG3Kj4hk=,MYx6ICXNJx5nUQWTTs2h+FfV+gE=
17,-99,UcH5IvriElOnynomg5RyG3Kj4hk=,WufPRAAvx/xOexIX0GpigxI+3Hg=
17,-98,UcH5IvriElOnynomg5RyG3Kj4hk=,WufPRAAvx/xOexIX0GpigxI+3Hg=
18,-102,UcH5IvriElOnynomg5RyG3Kj4hk=,FSSDBUxGHEgQJyLjMeA0je1aTis=
20,-99,UcH5IvriElOnynomg5RyG3Kj4hk=,MYx6ICXNJx5nUQWTTs2h+FfV+gE=
17,-103,UcH5IvriElOnynomg5RyG3Kj4hk=,FSSDBUxGHEgQJyLjMeA0je1aTis=
18,-103,UcH5IvriElOnynomg5RyG3Kj4hk=,FSSDBUxGHEgQJyLjMeA0je1aTis=
18,-101,UcH5IvriElOnynomg5RyG3Kj4hk=,FSSDBUxGHEgQJyLjMeA0je1aTis=
18,-100,UcH5IvriElOnynomg5RyG3Kj4hk=,WufPRAAvx/xOexIX0GpigxI+3Hg=
17,-100,UcH5IvriElOnynomg5RyG3Kj4hk=,WufPRAAvx/xOexIX0GpigxI+3Hg=
17,-102,UcH5IvriElOnynomg5RyG3Kj4hk=,FSSDBUxGHEgQJyLjMeA0je1aTis=
19,-101,UcH5IvriElOnynomg5RyG3Kj4hk=,FSSDBUxGHEgQJyLjMeA0je1aTis=
19,-100,UcH5IvriElOnynomg5RyG3Kj4hk=,WufPRAAvx/xOexIX0GpigxI+3Hg=
17,-101,UcH5IvriElOnynomg5RyG3Kj4hk=,FSSDBUxGHEgQJyLjMeA0je1aTis=
20,-101,UcH5IvriElOnynomg5RyG3Kj4hk=,OhOVw88LmN99xIrj14MIKQAfjR0=
21,-100,UcH5IvriElOnynomg5RyG3Kj4hk=,MYx6ICXNJx5nUQWTTs2h+FfV+gE=
21,-102,UcH5IvriElOnynomg5RyG3Kj4hk=,OhOVw88LmN99xIrj14MIKQAfjR0=
20,-103,UcH5IvriElOnynomg5RyG3Kj4hk=,OhOVw88LmN99xIrj14MIKQAfjR0=
21,-101,UcH5IvriElOnynomg5RyG3Kj4hk=,OhOVw88LmN99xIrj14MIKQAfjR0=
22,-100,UcH5IvriElOnynomg5RyG3Kj4hk=,MYx6ICXNJx5nUQWTTs2h+FfV+gE=
20,-102,UcH5IvriElOnynomg5RyG3Kj4hk=,OhOVw88LmN99xIrj14MIKQAfjR0=
20,-100,UcH5IvriElOnynomg5RyG3Kj4hk=,MYx6ICXNJx5nUQWTTs2h+FfV+gE=
19,-103,UcH5IvriElOnynomg5RyG3Kj4hk=,FSSDBUxGHEgQJyLjMeA0je1aTis=
22,-101,UcH5IvriElOnynomg5RyG3Kj4hk=,OhOVw88LmN99xIrj14MIKQAfjR0=
22,-103,UcH5IvriElOnynomg5RyG3Kj4hk=,OhOVw88LmN99xIrj14MIKQAfjR0=
19,-102,UcH5IvriElOnynomg5RyG3Kj4hk=,FSSDBUxGHEgQJyLjMeA0je1aTis=
21,-103,UcH5IvriElOnynomg5RyG3Kj4hk=,OhOVw88LmN99xIrj14MIKQAfjR0=
22,-102,UcH5IvriElOnynomg5RyG3Kj4hk=,OhOVw88LmN99xIrj14MIKQAfjR0=
26,-107,UcH5IvriElOnynomg5RyG3Kj4hk=,X29UHp2R/++i9rOJLaouMJPrAaU=
25,-106,+Kpph6t3tuGPaqe8f6SiGVNH+Hc=,X29UHp2R/++i9rOJLaouMJPrAaU=
25,-107,+Kpph6t3tuGPaqe8f6SiGVNH+Hc=,X29UHp2R/++i9rOJLaouMJPrAaU=
26,-106,+Kpph6t3tuGPaqe8f6SiGVNH+Hc=,X29UHp2R/++i9rOJLaouMJPrAaU=
26,-105,+Kpph6t3tuGPaqe8f6SiGVNH+Hc=,X29UHp2R/++i9rOJLaouMJPrAaU=
26,-102,+Kpph6t3tuGPaqe8f6SiGVNH+Hc=,y3ngIOrdktwdFKdATEUhYY4uxd8=
25,-105,+Kpph6t3tuGPaqe8f6SiGVNH+Hc=,X29UHp2R/++i9rOJLaouMJPrAaU=
25,-102,+Kpph6t3tuGPaqe8f6SiGVNH+Hc=,y3ngIOrdktwdFKdATEUhYY4uxd8=
26,-103,+Kpph6t3tuGPaqe8f6SiGVNH+Hc=,y3ngIOrdktwdFKdATEUhYY4uxd8=
26,-104,+Kpph6t3tuGPaqe8f6SiGVNH+Hc=,y3ngIOrdktwdFKdATEUhYY4uxd8=
23,-103,+Kpph6t3tuGPaqe8f6SiGVNH+Hc=,OhOVw88LmN99xIrj14MIKQAfjR0=
24,-103,+Kpph6t3tuGPaqe8f6SiGVNH+Hc=,y3ngIOrdktwdFKdATEUhYY4uxd8=
24,-106,+Kpph6t3tuGPaqe8f6SiGVNH+Hc=,X29UHp2R/++i9rOJLaouMJPrAaU=
23,-106,+Kpph6t3tuGPaqe8f6SiGVNH+Hc=,l1711nnl9jS7vXiul4n6pYW5Cj0=
22,-106,+Kpph6t3tuGPaqe8f6SiGVNH+Hc=,l1711nnl9jS7vXiul4n6pYW5Cj0=
21,-106,+Kpph6t3tuGPaqe8f6SiGVNH+Hc=,l1711nnl9jS7vXiul4n6pYW5Cj0=
24,-107,+Kpph6t3tuGPaqe8f6SiGVNH+Hc=,X29UHp2R/++i9rOJLaouMJPrAaU=
25,-103,+Kpph6t3tuGPaqe8f6SiGVNH+Hc=,y3ngIOrdktwdFKdATEUhYY4uxd8=
24,-102,+Kpph6t3tuGPaqe8f6SiGVNH+Hc=,y3ngIOrdktwdFKdATEUhYY4uxd8=
25,-104,+Kpph6t3tuGPaqe8f6SiGVNH+Hc=,y3ngIOrdktwdFKdATEUhYY4uxd8=
22,-107,+Kpph6t3tuGPaqe8f6SiGVNH+Hc=,l1711nnl9jS7vXiul4n6pYW5Cj0=
21,-107,+Kpph6t3tuGPaqe8f6SiGVNH+Hc=,l1711nnl9jS7vXiul4n6pYW5Cj0=
24,-105,+Kpph6t3tuGPaqe8f6SiGVNH+Hc=,X29UHp2R/++i9rOJLaouMJPrAaU=
23,-107,+Kpph6t3tuGPaqe8f6SiGVNH+Hc=,l1711nnl9jS7vXiul4n6pYW5Cj0=
22,-105,+Kpph6t3tuGPaqe8f6SiGVNH+Hc=,l1711nnl9jS7vXiul4n6pYW5Cj0=
24,-104,+Kpph6t3tuGPaqe8f6SiGVNH+Hc=,y3ngIOrdktwdFKdATEUhYY4uxd8=
23,-104,+Kpph6t3tuGPaqe8f6SiGVNH+Hc=,OhOVw88LmN99xIrj14MIKQAfjR0=
22,-104,+Kpph6t3tuGPaqe8f6SiGVNH+Hc=,OhOVw88LmN99xIrj14MIKQAfjR0=
18,-107,+Kpph6t3tuGPaqe8f6SiGVNH+Hc=,E50QhoCfY1R5pSIf0nHx54I7cYU=
21,-105,+Kpph6t3tuGPaqe8f6SiGVNH+Hc=,l1711nnl9jS7vXiul4n6pYW5Cj0=
23,-105,+Kpph6t3tuGPaqe8f6SiGVNH+Hc=,l1711nnl9jS7vXiul4n6pYW5Cj0=
23,-102,+Kpph6t3tuGPaqe8f6SiGVNH+Hc=,OhOVw88LmN99xIrj14MIKQAfjR0=
20,-106,+Kpph6t3tuGPaqe8f6SiGVNH+Hc=,l1711nnl9jS7vXiul4n6pYW5Cj0=
21,-104,+Kpph6t3tuGPaqe8f6SiGVNH+Hc=,OhOVw88LmN99xIrj14MIKQAfjR0=
17,-107,+Kpph6t3tuGPaqe8f6SiGVNH+Hc=,E50QhoCfY1R5pSIf0nHx54I7cYU=
19,-106,+Kpph6t3tuGPaqe8f6SiGVNH+Hc=,E50QhoCfY1R5pSIf0nHx54I7cYU=
20,-107,+Kpph6t3tuGPaqe8f6SiGVNH+Hc=,l1711nnl9jS7vXiul4n6pYW5Cj0=
19,-107,+Kpph6t3tuGPaqe8f6SiGVNH+Hc=,E50QhoCfY1R5pSIf0nHx54I7cYU=
18,-106,+Kpph6t3tuGPaqe8f6SiGVNH+Hc=,E50QhoCfY1R5pSIf0nHx54I7cYU=
17,-106,+Kpph6t3tuGPaqe8f6SiGVNH+Hc=,E50QhoCfY1R5pSIf0nHx54I7cYU=
20,-104,+Kpph6t3tuGPaqe8f6SiGVNH+Hc=,OhOVw88LmN99xIrj14MIKQAfjR0=
18,-104,+Kpph6t3tuGPaqe8f6SiGVNH+Hc=,FSSDBUxGHEgQJyLjMeA0je1aTis=
20,-105,+Kpph6t3tuGPaqe8f6SiGVNH+Hc=,l1711nnl9jS7vXiul4n6pYW5Cj0=
18,-105,+Kpph6t3tuGPaqe8f6SiGVNH+Hc=,E50QhoCfY1R5pSIf0nHx54I7cYU=
17,-105,+Kpph6t3tuGPaqe8f6SiGVNH+Hc=,E50QhoCfY1R5pSIf0nHx54I7cYU=
19,-104,+Kpph6t3tuGPaqe8f6SiGVNH+Hc=,FSSDBUxGHEgQJyLjMeA0je1aTis=
19,-105,+Kpph6t3tuGPaqe8f6SiGVNH+Hc=,E50QhoCfY1R5pSIf0nHx54I7cYU=
17,-104,+Kpph6t3tuGPaqe8f6SiGVNH+Hc=,FSSDBUxGHEgQJyLjMeA0je1aTis=
27,-102,oNqHQObveFdjEoaDdGAcEKjFneY=,y3ngIOrdktwdFKdATEUhYY4uxd8=
21,-97,oNqHQObveFdjEoaDdGAcEKjFneY=,MYx6ICXNJx5nUQWTTs2h+FfV+gE=
27,-103,oNqHQObveFdjEoaDdGAcEKjFneY=,y3ngIOrdktwdFKdATEUhYY4uxd8=
22,-97,oNqHQObveFdjEoaDdGAcEKjFneY=,MYx6ICXNJx5nUQWTTs2h+FfV+gE=
27,-99,oNqHQObveFdjEoaDdGAcEKjFneY=,QQdBvWyoYKfe5T8RqSLzLAK/zoU=
27,-98,oNqHQObveFdjEoaDdGAcEKjFneY=,QQdBvWyoYKfe5T8RqSLzLAK/zoU=
23,-97,oNqHQObveFdjEoaDdGAcEKjFneY=,MYx6ICXNJx5nUQWTTs2h+FfV+gE=
24,-100,oNqHQObveFdjEoaDdGAcEKjFneY=,QQdBvWyoYKfe5T8RqSLzLAK/zoU=
23,-98,oNqHQObveFdjEoaDdGAcEKjFneY=,MYx6ICXNJx5nUQWTTs2h+FfV+gE=
26,-97,oNqHQObveFdjEoaDdGAcEKjFneY=,QQdBvWyoYKfe5T8RqSLzLAK/zoU=
26,-101,oNqHQObveFdjEoaDdGAcEKjFneY=,y3ngIOrdktwdFKdATEUhYY4uxd8=
27,-101,oNqHQObveFdjEoaDdGAcEKjFneY=,y3ngIOrdktwdFKdATEUhYY4uxd8=
25,-99,oNqHQObveFdjEoaDdGAcEKjFneY=,QQdBvWyoYKfe5T8RqSLzLAK/zoU=
27,-100,oNqHQObveFdjEoaDdGAcEKjFneY=,QQdBvWyoYKfe5T8RqSLzLAK/zoU=
25,-101,oNqHQObveFdjEoaDdGAcEKjFneY=,y3ngIOrdktwdFKdATEUhYY4uxd8=
24,-97,oNqHQObveFdjEoaDdGAcEKjFneY=,QQdBvWyoYKfe5T8RqSLzLAK/zoU=
26,-98,oNqHQObveFdjEoaDdGAcEKjFneY=,QQdBvWyoYKfe5T8RqSLzLAK/zoU=
25,-98,oNqHQObveFdjEoaDdGAcEKjFneY=,QQdBvWyoYKfe5T8RqSLzLAK/zoU=
26,-100,oNqHQObveFdjEoaDdGAcEKjFneY=,QQdBvWyoYKfe5T8RqSLzLAK/zoU=
24,-99,oNqHQObveFdjEoaDdGAcEKjFneY=,QQdBvWyoYKfe5T8RqSLzLAK/zoU=
25,-97,oNqHQObveFdjEoaDdGAcEKjFneY=,QQdBvWyoYKfe5T8RqSLzLAK/zoU=
26,-99,oNqHQObveFdjEoaDdGAcEKjFneY=,QQdBvWyoYKfe5T8RqSLzLAK/zoU=
25,-100,oNqHQObveFdjEoaDdGAcEKjFneY=,QQdBvWyoYKfe5T8RqSLzLAK/zoU=
23,-99,oNqHQObveFdjEoaDdGAcEKjFneY=,MYx6ICXNJx5nUQWTTs2h+FfV+gE=
24,-98,oNqHQObveFdjEoaDdGAcEKjFneY=,QQdBvWyoYKfe5T8RqSLzLAK/zoU=
24,-101,oNqHQObveFdjEoaDdGAcEKjFneY=,y3ngIOrdktwdFKdATEUhYY4uxd8=
20,-97,oNqHQObveFdjEoaDdGAcEKjFneY=,MYx6ICXNJx5nUQWTTs2h+FfV+gE=
19,-97,oNqHQObveFdjEoaDdGAcEKjFneY=,WufPRAAvx/xOexIX0GpigxI+3Hg=
18,-97,oNqHQObveFdjEoaDdGAcEKjFneY=,WufPRAAvx/xOexIX0GpigxI+3Hg=
23,-101,oNqHQObveFdjEoaDdGAcEKjFneY=,OhOVw88LmN99xIrj14MIKQAfjR0=
23,-100,oNqHQObveFdjEoaDdGAcEKjFneY=,MYx6ICXNJx5nUQWTTs2h+FfV+gE=
17,-97,oNqHQObveFdjEoaDdGAcEKjFneY=,WufPRAAvx/xOexIX0GpigxI+3Hg=
27,-106,oNqHQObveFdjEoaDdGAcEKjFneY=,X29UHp2R/++i9rOJLaouMJPrAaU=
27,-104,oNqHQObveFdjEoaDdGAcEKjFneY=,y3ngIOrdktwdFKdATEUhYY4uxd8=
27,-107,oNqHQObveFdjEoaDdGAcEKjFneY=,X29UHp2R/++i9rOJLaouMJPrAaU=
26,-108,oNqHQObveFdjEoaDdGAcEKjFneY=,X29UHp2R/++i9rOJLaouMJPrAaU=
25,-108,oNqHQObveFdjEoaDdGAcEKjFneY=,X29UHp2R/++i9rOJLaouMJPrAaU=
24,-108,oNqHQObveFdjEoaDdGAcEKjFneY=,X29UHp2R/++i9rOJLaouMJPrAaU=
22,-108,oNqHQObveFdjEoaDdGAcEKjFneY=,l1711nnl9jS7vXiul4n6pYW5Cj0=
21,-108,oNqHQObveFdjEoaDdGAcEKjFneY=,l1711nnl9jS7vXiul4n6pYW5Cj0=
23,-108,oNqHQObveFdjEoaDdGAcEKjFneY=,l1711nnl9jS7vXiul4n6pYW5Cj0=
27,-105,oNqHQObveFdjEoaDdGAcEKjFneY=,X29UHp2R/++i9rOJLaouMJPrAaU=
19,-110,oNqHQObveFdjEoaDdGAcEKjFneY=,LlPmkN91qekZUcULzg2U3VGnXrY=
19,-111,oNqHQObveFdjEoaDdGAcEKjFneY=,LlPmkN91qekZUcULzg2U3VGnXrY=
19,-108,oNqHQObveFdjEoaDdGAcEKjFneY=,E50QhoCfY1R5pSIf0nHx54I7cYU=
18,-109,oNqHQObveFdjEoaDdGAcEKjFneY=,LlPmkN91qekZUcULzg2U3VGnXrY=
17,-110,oNqHQObveFdjEoaDdGAcEKjFneY=,LlPmkN91qekZUcULzg2U3VGnXrY=
17,-108,oNqHQObveFdjEoaDdGAcEKjFneY=,E50QhoCfY1R5pSIf0nHx54I7cYU=
18,-110,oNqHQObveFdjEoaDdGAcEKjFneY=,LlPmkN91qekZUcULzg2U3VGnXrY=
18,-111,oNqHQObveFdjEoaDdGAcEKjFneY=,LlPmkN91qekZUcULzg2U3VGnXrY=
18,-108,oNqHQObveFdjEoaDdGAcEKjFneY=,E50QhoCfY1R5pSIf0nHx54I7cYU=
20,-108,oNqHQObveFdjEoaDdGAcEKjFneY=,l1711nnl9jS7vXiul4n6pYW5Cj0=
17,-109,oNqHQObveFdjEoaDdGAcEKjFneY=,LlPmkN91qekZUcULzg2U3VGnXrY=
17,-111,oNqHQObveFdjEoaDdGAcEKjFneY=,LlPmkN91qekZUcULzg2U3VGnXrY=
19,-109,oNqHQObveFdjEoaDdGAcEKjFneY=,LlPmkN91qekZUcULzg2U3VGnXrY=
16,-110,komHTC5nbWlk1CWw/Uaoh9nSsWk=,LlPmkN91qekZUcULzg2U3VGnXrY=
16,-111,komHTC5nbWlk1CWw/Uaoh9nSsWk=,LlPmkN91qekZUcULzg2U3VGnXrY=
16,-108,komHTC5nbWlk1CWw/Uaoh9nSsWk=,E50QhoCfY1R5pSIf0nHx54I7cYU=
16,-107,komHTC5nbWlk1CWw/Uaoh9nSsWk=,E50QhoCfY1R5pSIf0nHx54I7cYU=
16,-109,komHTC5nbWlk1CWw/Uaoh9nSsWk=,LlPmkN91qekZUcULzg2U3VGnXrY=
16,-103,komHTC5nbWlk1CWw/Uaoh9nSsWk=,FSSDBUxGHEgQJyLjMeA0je1aTis=
16,-104,komHTC5nbWlk1CWw/Uaoh9nSsWk=,FSSDBUxGHEgQJyLjMeA0je1aTis=
16,-105,komHTC5nbWlk1CWw/Uaoh9nSsWk=,E50QhoCfY1R5pSIf0nHx54I7cYU=
16,-102,komHTC5nbWlk1CWw/Uaoh9nSsWk=,FSSDBUxGHEgQJyLjMeA0je1aTis=
16,-99,komHTC5nbWlk1CWw/Uaoh9nSsWk=,WufPRAAvx/xOexIX0GpigxI+3Hg=
16,-101,komHTC5nbWlk1CWw/Uaoh9nSsWk=,FSSDBUxGHEgQJyLjMeA0je1aTis=
16,-98,komHTC5nbWlk1CWw/Uaoh9nSsWk=,WufPRAAvx/xOexIX0GpigxI+3Hg=
16,-100,komHTC5nbWlk1CWw/Uaoh9nSsWk=,WufPRAAvx/xOexIX0GpigxI+3Hg=
16,-106,komHTC5nbWlk1CWw/Uaoh9nSsWk=,E50QhoCfY1R5pSIf0nHx54I7cYU=
19,-112,komHTC5nbWlk1CWw/Uaoh9nSsWk=,LlPmkN91qekZUcULzg2U3VGnXrY=
18,-112,komHTC5nbWlk1CWw/Uaoh9nSsWk=,LlPmkN91qekZUcULzg2U3VGnXrY=
16,-112,komHTC5nbWlk1CWw/Uaoh9nSsWk=,LlPmkN91qekZUcULzg2U3VGnXrY=
27,-97,komHTC5nbWlk1CWw/Uaoh9nSsWk=,QQdBvWyoYKfe5T8RqSLzLAK/zoU=
17,-112,komHTC5nbWlk1CWw/Uaoh9nSsWk=,LlPmkN91qekZUcULzg2U3VGnXrY=
27,-108,komHTC5nbWlk1CWw/Uaoh9nSsWk=,X29UHp2R/++i9rOJLaouMJPrAaU=
16,-97,komHTC5nbWlk1CWw/Uaoh9nSsWk=,WufPRAAvx/xOexIX0GpigxI+3Hg=
14,-114,TvbO3w2Vcguoz+07DObSnGN136Q=,zVVxVuBVm+YH1phwnaKONpbZ29U=
15,-115,TvbO3w2Vcguoz+07DObSnGN136Q=,zVVxVuBVm+YH1phwnaKONpbZ29U=
13,-114,TvbO3w2Vcguoz+07DObSnGN136Q=,zVVxVuBVm+YH1phwnaKONpbZ29U=
14,-115,TvbO3w2Vcguoz+07DObSnGN136Q=,zVVxVuBVm+YH1phwnaKONpbZ29U=
13,-116,TvbO3w2Vcguoz+07DObSnGN136Q=,zVVxVuBVm+YH1phwnaKONpbZ29U=
15,-113,TvbO3w2Vcguoz+07DObSnGN136Q=,zVVxVuBVm+YH1phwnaKONpbZ29U=
13,-115,TvbO3w2Vcguoz+07DObSnGN136Q=,zVVxVuBVm+YH1phwnaKONpbZ29U=
15,-114,TvbO3w2Vcguoz+07DObSnGN136Q=,zVVxVuBVm+YH1phwnaKONpbZ29U=
15,-116,TvbO3w2Vcguoz+07DObSnGN136Q=,zVVxVuBVm+YH1phwnaKONpbZ29U=
14,-113,TvbO3w2Vcguoz+07DObSnGN136Q=,zVVxVuBVm+YH1phwnaKONpbZ29U=
14,-116,TvbO3w2Vcguoz+07DObSnGN136Q=,zVVxVuBVm+YH1phwnaKONpbZ29U=
13,-113,TvbO3w2Vcguoz+07DObSnGN136Q=,zVVxVuBVm+YH1phwnaKONpbZ29U=
12,-114,TvbO3w2Vcguoz+07DObSnGN136Q=,zVVxVuBVm+YH1phwnaKONpbZ29U=
8,-116,TvbO3w2Vcguoz+07DObSnGN136Q=,bj01Z/881yzmLnLKJy99AGvTq7Y=
9,-115,TvbO3w2Vcguoz+07DObSnGN136Q=,bj01Z/881yzmLnLKJy99AGvTq7Y=
11,-115,TvbO3w2Vcguoz+07DObSnGN136Q=,bj01Z/881yzmLnLKJy99AGvTq7Y=
8,-115,TvbO3w2Vcguoz+07DObSnGN136Q=,bj01Z/881yzmLnLKJy99AGvTq7Y=
11,-116,TvbO3w2Vcguoz+07DObSnGN136Q=,bj01Z/881yzmLnLKJy99AGvTq7Y=
12,-115,TvbO3w2Vcguoz+07DObSnGN136Q=,zVVxVuBVm+YH1phwnaKONpbZ29U=
12,-116,TvbO3w2Vcguoz+07DObSnGN136Q=,zVVxVuBVm+YH1phwnaKONpbZ29U=
10,-116,TvbO3w2Vcguoz+07DObSnGN136Q=,bj01Z/881yzmLnLKJy99AGvTq7Y=
9,-116,TvbO3w2Vcguoz+07DObSnGN136Q=,bj01Z/881yzmLnLKJy99AGvTq7Y=
9,-114,TvbO3w2Vcguoz+07DObSnGN136Q=,bj01Z/881yzmLnLKJy99AGvTq7Y=
10,-114,TvbO3w2Vcguoz+07DObSnGN136Q=,bj01Z/881yzmLnLKJy99AGvTq7Y=
8,-113,TvbO3w2Vcguoz+07DObSnGN136Q=,bj01Z/881yzmLnLKJy99AGvTq7Y=
11,-113,TvbO3w2Vcguoz+07DObSnGN136Q=,bj01Z/881yzmLnLKJy99AGvTq7Y=
12,-113,TvbO3w2Vcguoz+07DObSnGN136Q=,zVVxVuBVm+YH1phwnaKONpbZ29U=
10,-113,TvbO3w2Vcguoz+07DObSnGN136Q=,bj01Z/881yzmLnLKJy99AGvTq7Y=
8,-114,TvbO3w2Vcguoz+07DObSnGN136Q=,bj01Z/881yzmLnLKJy99AGvTq7Y=
10,-115,TvbO3w2Vcguoz+07DObSnGN136Q=,bj01Z/881yzmLnLKJy99AGvTq7Y=
9,-113,TvbO3w2Vcguoz+07DObSnGN136Q=,bj01Z/881yzmLnLKJy99AGvTq7Y=
11,-114,TvbO3w2Vcguoz+07DObSnGN136Q=,bj01Z/881yzmLnLKJy99AGvTq7Y=
9,-103,FPNTp7SPeA9XOLiGxIhZG5P2p7E=,SrVVX9hDyHy55KIk5NNn646PyTk=
10,-103,FPNTp7SPeA9XOLiGxIhZG5P2p7E=,SrVVX9hDyHy55KIk5NNn646PyTk=
10,-102,FPNTp7SPeA9XOLiGxIhZG5P2p7E=,SrVVX9hDyHy55KIk5NNn646PyTk=
9,-102,FPNTp7SPeA9XOLiGxIhZG5P2p7E=,SrVVX9hDyHy55KIk5NNn646PyTk=
9,-104,FPNTp7SPeA9XOLiGxIhZG5P2p7E=,SrVVX9hDyHy55KIk5NNn646PyTk=
9,-107,FPNTp7SPeA9XOLiGxIhZG5P2p7E=,/znJzmrArcB1eEv0p6FRF6ugna8=
10,-104,FPNTp7SPeA9XOLiGxIhZG5P2p7E=,SrVVX9hDyHy55KIk5NNn646PyTk=
10,-107,FPNTp7SPeA9XOLiGxIhZG5P2p7E=,/znJzmrArcB1eEv0p6FRF6ugna8=
9,-106,FPNTp7SPeA9XOLiGxIhZG5P2p7E=,/znJzmrArcB1eEv0p6FRF6ugna8=
10,-106,FPNTp7SPeA9XOLiGxIhZG5P2p7E=,/znJzmrArcB1eEv0p6FRF6ugna8=
9,-105,FPNTp7SPeA9XOLiGxIhZG5P2p7E=,/znJzmrArcB1eEv0p6FRF6ugna8=
10,-105,puJxFc+k6xJjMkyGBf/vyTGAwLw=,/znJzmrArcB1eEv0p6FRF6ugna8=
13,-106,hnTSBcl2LWIHrl1rag1XJ4CMywA=,rgW7d2yzaxv6u1KSqqhnMmLu4fA=
14,-106,hnTSBcl2LWIHrl1rag1XJ4CMywA=,rgW7d2yzaxv6u1KSqqhnMmLu4fA=
11,-107,hnTSBcl2LWIHrl1rag1XJ4CMywA=,/znJzmrArcB1eEv0p6FRF6ugna8=
12,-107,hnTSBcl2LWIHrl1rag1XJ4CMywA=,rgW7d2yzaxv6u1KSqqhnMmLu4fA=
9,-108,hnTSBcl2LWIHrl1rag1XJ4CMywA=,/znJzmrArcB1eEv0p6FRF6ugna8=
13,-107,hnTSBcl2LWIHrl1rag1XJ4CMywA=,rgW7d2yzaxv6u1KSqqhnMmLu4fA=
10,-109,hnTSBcl2LWIHrl1rag1XJ4CMywA=,gnKvxx1iC15FhqOd6tPt+AZpaJs=
10,-110,hnTSBcl2LWIHrl1rag1XJ4CMywA=,gnKvxx1iC15FhqOd6tPt+AZpaJs=
9,-109,hnTSBcl2LWIHrl1rag1XJ4CMywA=,gnKvxx1iC15FhqOd6tPt+AZpaJs=
10,-111,hnTSBcl2LWIHrl1rag1XJ4CMywA=,gnKvxx1iC15FhqOd6tPt+AZpaJs=
9,-110,hnTSBcl2LWIHrl1rag1XJ4CMywA=,gnKvxx1iC15FhqOd6tPt+AZpaJs=
11,-106,hnTSBcl2LWIHrl1rag1XJ4CMywA=,/znJzmrArcB1eEv0p6FRF6ugna8=
14,-107,hnTSBcl2LWIHrl1rag1XJ4CMywA=,rgW7d2yzaxv6u1KSqqhnMmLu4fA=
9,-111,hnTSBcl2LWIHrl1rag1XJ4CMywA=,gnKvxx1iC15FhqOd6tPt+AZpaJs=
10,-108,hnTSBcl2LWIHrl1rag1XJ4CMywA=,/znJzmrArcB1eEv0p6FRF6ugna8=
11,-103,hnTSBcl2LWIHrl1rag1XJ4CMywA=,SrVVX9hDyHy55KIk5NNn646PyTk=
11,-102,hnTSBcl2LWIHrl1rag1XJ4CMywA=,SrVVX9hDyHy55KIk5NNn646PyTk=
11,-104,hnTSBcl2LWIHrl1rag1XJ4CMywA=,SrVVX9hDyHy55KIk5NNn646PyTk=
14,-102,hnTSBcl2LWIHrl1rag1XJ4CMywA=,1h0oz5XnpfrxrJMsU3SG4kV2/xg=
13,-103,hnTSBcl2LWIHrl1rag1XJ4CMywA=,1h0oz5XnpfrxrJMsU3SG4kV2/xg=
12,-106,hnTSBcl2LWIHrl1rag1XJ4CMywA=,rgW7d2yzaxv6u1KSqqhnMmLu4fA=
13,-105,hnTSBcl2LWIHrl1rag1XJ4CMywA=,rgW7d2yzaxv6u1KSqqhnMmLu4fA=
14,-103,hnTSBcl2LWIHrl1rag1XJ4CMywA=,1h0oz5XnpfrxrJMsU3SG4kV2/xg=
12,-104,hnTSBcl2LWIHrl1rag1XJ4CMywA=,1h0oz5XnpfrxrJMsU3SG4kV2/xg=
13,-104,hnTSBcl2LWIHrl1rag1XJ4CMywA=,1h0oz5XnpfrxrJMsU3SG4kV2/xg=
14,-104,hnTSBcl2LWIHrl1rag1XJ4CMywA=,1h0oz5XnpfrxrJMsU3SG4kV2/xg=
12,-103,hnTSBcl2LWIHrl1rag1XJ4CMywA=,1h0oz5XnpfrxrJMsU3SG4kV2/xg=
12,-102,hnTSBcl2LWIHrl1rag1XJ4CMywA=,1h0oz5XnpfrxrJMsU3SG4kV2/xg=
12,-105,hnTSBcl2LWIHrl1rag1XJ4CMywA=,rgW7d2yzaxv6u1KSqqhnMmLu4fA=
11,-105,hnTSBcl2LWIHrl1rag1XJ4CMywA=,/znJzmrArcB1eEv0p6FRF6ugna8=
13,-102,hnTSBcl2LWIHrl1rag1XJ4CMywA=,1h0oz5XnpfrxrJMsU3SG4kV2/xg=
13,-109,hnTSBcl2LWIHrl1rag1XJ4CMywA=,geCm2tdxeHHONU03W7Wvju9RZgs=
12,-109,hnTSBcl2LWIHrl1rag1XJ4CMywA=,geCm2tdxeHHONU03W7Wvju9RZgs=
14,-105,hnTSBcl2LWIHrl1rag1XJ4CMywA=,rgW7d2yzaxv6u1KSqqhnMmLu4fA=
11,-109,hnTSBcl2LWIHrl1rag1XJ4CMywA=,gnKvxx1iC15FhqOd6tPt+AZpaJs=
14,-111,hnTSBcl2LWIHrl1rag1XJ4CMywA=,geCm2tdxeHHONU03W7Wvju9RZgs=
14,-109,hnTSBcl2LWIHrl1rag1XJ4CMywA=,geCm2tdxeHHONU03W7Wvju9RZgs=
12,-110,hnTSBcl2LWIHrl1rag1XJ4CMywA=,geCm2tdxeHHONU03W7Wvju9RZgs=
14,-110,hnTSBcl2LWIHrl1rag1XJ4CMywA=,geCm2tdxeHHONU03W7Wvju9RZgs=
12,-111,hnTSBcl2LWIHrl1rag1XJ4CMywA=,geCm2tdxeHHONU03W7Wvju9RZgs=
13,-110,hnTSBcl2LWIHrl1rag1XJ4CMywA=,geCm2tdxeHHONU03W7Wvju9RZgs=
11,-108,hnTSBcl2LWIHrl1rag1XJ4CMywA=,/znJzmrArcB1eEv0p6FRF6ugna8=
13,-111,hnTSBcl2LWIHrl1rag1XJ4CMywA=,geCm2tdxeHHONU03W7Wvju9RZgs=
11,-110,hnTSBcl2LWIHrl1rag1XJ4CMywA=,gnKvxx1iC15FhqOd6tPt+AZpaJs=
11,-111,hnTSBcl2LWIHrl1rag1XJ4CMywA=,gnKvxx1iC15FhqOd6tPt+AZpaJs=
13,-108,hnTSBcl2LWIHrl1rag1XJ4CMywA=,rgW7d2yzaxv6u1KSqqhnMmLu4fA=
14,-108,hnTSBcl2LWIHrl1rag1XJ4CMywA=,rgW7d2yzaxv6u1KSqqhnMmLu4fA=
12,-108,hnTSBcl2LWIHrl1rag1XJ4CMywA=,rgW7d2yzaxv6u1KSqqhnMmLu4fA=
8,-111,hnTSBcl2LWIHrl1rag1XJ4CMywA=,gnKvxx1iC15FhqOd6tPt+AZpaJs=
8,-110,hnTSBcl2LWIHrl1rag1XJ4CMywA=,gnKvxx1iC15FhqOd6tPt+AZpaJs=
8,-109,hnTSBcl2LWIHrl1rag1XJ4CMywA=,gnKvxx1iC15FhqOd6tPt+AZpaJs=
14,-112,hnTSBcl2LWIHrl1rag1XJ4CMywA=,geCm2tdxeHHONU03W7Wvju9RZgs=
8,-108,hnTSBcl2LWIHrl1rag1XJ4CMywA=,/znJzmrArcB1eEv0p6FRF6ugna8=
13,-112,hnTSBcl2LWIHrl1rag1XJ4CMywA=,geCm2tdxeHHONU03W7Wvju9RZgs=
11,-112,hnTSBcl2LWIHrl1rag1XJ4CMywA=,gnKvxx1iC15FhqOd6tPt+AZpaJs=
12,-112,hnTSBcl2LWIHrl1rag1XJ4CMywA=,geCm2tdxeHHONU03W7Wvju9RZgs=
10,-112,hnTSBcl2LWIHrl1rag1XJ4CMywA=,gnKvxx1iC15FhqOd6tPt+AZpaJs=
8,-106,hnTSBcl2LWIHrl1rag1XJ4CMywA=,/znJzmrArcB1eEv0p6FRF6ugna8=
8,-107,hnTSBcl2LWIHrl1rag1XJ4CMywA=,/znJzmrArcB1eEv0p6FRF6ugna8=
9,-112,hnTSBcl2LWIHrl1rag1XJ4CMywA=,gnKvxx1iC15FhqOd6tPt+AZpaJs=
8,-103,zmdgd1N20+0g0oAIZnnWk0vc/p4=,SrVVX9hDyHy55KIk5NNn646PyTk=
8,-105,zmdgd1N20+0g0oAIZnnWk0vc/p4=,/znJzmrArcB1eEv0p6FRF6ugna8=
8,-102,zmdgd1N20+0g0oAIZnnWk0vc/p4=,SrVVX9hDyHy55KIk5NNn646PyTk=
8,-99,zmdgd1N20+0g0oAIZnnWk0vc/p4=,JSlORTqbn4/ViqyX7dPtctoqHoM=
9,-99,zmdgd1N20+0g0oAIZnnWk0vc/p4=,JSlORTqbn4/ViqyX7dPtctoqHoM=
8,-104,zmdgd1N20+0g0oAIZnnWk0vc/p4=,SrVVX9hDyHy55KIk5NNn646PyTk=
8,-101,zmdgd1N20+0g0oAIZnnWk0vc/p4=,SrVVX9hDyHy55KIk5NNn646PyTk=
10,-99,zmdgd1N20+0g0oAIZnnWk0vc/p4=,JSlORTqbn4/ViqyX7dPtctoqHoM=
8,-98,zmdgd1N20+0g0oAIZnnWk0vc/p4=,JSlORTqbn4/ViqyX7dPtctoqHoM=
10,-101,zmdgd1N20+0g0oAIZnnWk0vc/p4=,SrVVX9hDyHy55KIk5NNn646PyTk=
10,-98,zmdgd1N20+0g0oAIZnnWk0vc/p4=,JSlORTqbn4/ViqyX7dPtctoqHoM=
10,-100,zmdgd1N20+0g0oAIZnnWk0vc/p4=,JSlORTqbn4/ViqyX7dPtctoqHoM=
9,-97,zmdgd1N20+0g0oAIZnnWk0vc/p4=,JSlORTqbn4/ViqyX7dPtctoqHoM=
10,-97,zmdgd1N20+0g0oAIZnnWk0vc/p4=,JSlORTqbn4/ViqyX7dPtctoqHoM=
8,-100,zmdgd1N20+0g0oAIZnnWk0vc/p4=,JSlORTqbn4/ViqyX7dPtctoqHoM=
9,-101,zmdgd1N20+0g0oAIZnnWk0vc/p4=,SrVVX9hDyHy55KIk5NNn646PyTk=
9,-100,zmdgd1N20+0g0oAIZnnWk0vc/p4=,JSlORTqbn4/ViqyX7dPtctoqHoM=
15,-102,zmdgd1N20+0g0oAIZnnWk0vc/p4=,1h0oz5XnpfrxrJMsU3SG4kV2/xg=
15,-103,zmdgd1N20+0g0oAIZnnWk0vc/p4=,1h0oz5XnpfrxrJMsU3SG4kV2/xg=
9,-98,zmdgd1N20+0g0oAIZnnWk0vc/p4=,JSlORTqbn4/ViqyX7dPtctoqHoM=
11,-98,zmdgd1N20+0g0oAIZnnWk0vc/p4=,JSlORTqbn4/ViqyX7dPtctoqHoM=
11,-99,zmdgd1N20+0g0oAIZnnWk0vc/p4=,JSlORTqbn4/ViqyX7dPtctoqHoM=
11,-97,zmdgd1N20+0g0oAIZnnWk0vc/p4=,JSlORTqbn4/ViqyX7dPtctoqHoM=
11,-100,zmdgd1N20+0g0oAIZnnWk0vc/p4=,JSlORTqbn4/ViqyX7dPtctoqHoM=
12,-97,zmdgd1N20+0g0oAIZnnWk0vc/p4=,1icGfBFbLU+N3eFzkDKlLgaA+FI=
11,-101,zmdgd1N20+0g0oAIZnnWk0vc/p4=,SrVVX9hDyHy55KIk5NNn646PyTk=
12,-98,zmdgd1N20+0g0oAIZnnWk0vc/p4=,1icGfBFbLU+N3eFzkDKlLgaA+FI=
13,-99,zmdgd1N20+0g0oAIZnnWk0vc/p4=,1icGfBFbLU+N3eFzkDKlLgaA+FI=
15,-99,zmdgd1N20+0g0oAIZnnWk0vc/p4=,1icGfBFbLU+N3eFzkDKlLgaA+FI=
13,-100,zmdgd1N20+0g0oAIZnnWk0vc/p4=,1icGfBFbLU+N3eFzkDKlLgaA+FI=
15,-100,zmdgd1N20+0g0oAIZnnWk0vc/p4=,1icGfBFbLU+N3eFzkDKlLgaA+FI=
15,-98,zmdgd1N20+0g0oAIZnnWk0vc/p4=,1icGfBFbLU+N3eFzkDKlLgaA+FI=
15,-101,zmdgd1N20+0g0oAIZnnWk0vc/p4=,1h0oz5XnpfrxrJMsU3SG4kV2/xg=
13,-98,zmdgd1N20+0g0oAIZnnWk0vc/p4=,1icGfBFbLU+N3eFzkDKlLgaA+FI=
14,-99,zmdgd1N20+0g0oAIZnnWk0vc/p4=,1icGfBFbLU+N3eFzkDKlLgaA+FI=
13,-101,zmdgd1N20+0g0oAIZnnWk0vc/p4=,1h0oz5XnpfrxrJMsU3SG4kV2/xg=
14,-100,zmdgd1N20+0g0oAIZnnWk0vc/p4=,1icGfBFbLU+N3eFzkDKlLgaA+FI=
14,-98,zmdgd1N20+0g0oAIZnnWk0vc/p4=,1icGfBFbLU+N3eFzkDKlLgaA+FI=
13,-97,zmdgd1N20+0g0oAIZnnWk0vc/p4=,1icGfBFbLU+N3eFzkDKlLgaA+FI=
12,-99,zmdgd1N20+0g0oAIZnnWk0vc/p4=,1icGfBFbLU+N3eFzkDKlLgaA+FI=
12,-101,zmdgd1N20+0g0oAIZnnWk0vc/p4=,1h0oz5XnpfrxrJMsU3SG4kV2/xg=
14,-97,zmdgd1N20+0g0oAIZnnWk0vc/p4=,1icGfBFbLU+N3eFzkDKlLgaA+FI=
12,-100,zmdgd1N20+0g0oAIZnnWk0vc/p4=,1icGfBFbLU+N3eFzkDKlLgaA+FI=
14,-101,zmdgd1N20+0g0oAIZnnWk0vc/p4=,1h0oz5XnpfrxrJMsU3SG4kV2/xg=
15,-107,zmdgd1N20+0g0oAIZnnWk0vc/p4=,rgW7d2yzaxv6u1KSqqhnMmLu4fA=
15,-104,zmdgd1N20+0g0oAIZnnWk0vc/p4=,1h0oz5XnpfrxrJMsU3SG4kV2/xg=
15,-105,zmdgd1N20+0g0oAIZnnWk0vc/p4=,rgW7d2yzaxv6u1KSqqhnMmLu4fA=
15,-106,zmdgd1N20+0g0oAIZnnWk0vc/p4=,rgW7d2yzaxv6u1KSqqhnMmLu4fA=
15,-111,zmdgd1N20+0g0oAIZnnWk0vc/p4=,geCm2tdxeHHONU03W7Wvju9RZgs=
8,-112,zmdgd1N20+0g0oAIZnnWk0vc/p4=,gnKvxx1iC15FhqOd6tPt+AZpaJs=
15,-112,zmdgd1N20+0g0oAIZnnWk0vc/p4=,geCm2tdxeHHONU03W7Wvju9RZgs=
15,-109,zmdgd1N20+0g0oAIZnnWk0vc/p4=,geCm2tdxeHHONU03W7Wvju9RZgs=
15,-110,zmdgd1N20+0g0oAIZnnWk0vc/p4=,geCm2tdxeHHONU03W7Wvju9RZgs=
15,-108,zmdgd1N20+0g0oAIZnnWk0vc/p4=,rgW7d2yzaxv6u1KSqqhnMmLu4fA=
8,-97,zmdgd1N20+0g0oAIZnnWk0vc/p4=,JSlORTqbn4/ViqyX7dPtctoqHoM=
15,-97,zmdgd1N20+0g0oAIZnnWk0vc/p4=,1icGfBFbLU+N3eFzkDKlLgaA+FI=
